city_ascii,state_id,lat,lng
New York,NY,40.6943,-73.9249
Los Angeles,CA,34.1141,-118.4068
Chicago,IL,41.8375,-87.6866
Miami,FL,25.784,-80.2101
Houston,TX,29.786,-95.3885
Dallas,TX,32.7935,-96.7667
Philadelphia,PA,40.0077,-75.1339
Atlanta,GA,33.7628,-84.422
Washington,DC,38.9047,-77.0163
Boston,MA,42.3188,-71.0852
Phoenix,AZ,33.5722,-112.0892
Detroit,MI,42.3834,-83.1024
Seattle,WA,47.6211,-122.3244
San Francisco,CA,37.7558,-122.4449
San Diego,CA,32.8313,-117.1222
Minneapolis,MN,44.9635,-93.2678
Tampa,FL,27.9945,-82.4447
Brooklyn,NY,40.6501,-73.9496
Denver,CO,39.762,-104.8758
Queens,NY,40.7498,-73.7976
Riverside,CA,33.9381,-117.3949
Las Vegas,NV,36.2333,-115.2654
Baltimore,MD,39.3051,-76.6144
St. Louis,MO,38.6359,-90.2451
Portland,OR,45.5371,-122.65
San Antonio,TX,29.4632,-98.5238
Sacramento,CA,38.5677,-121.4685
Austin,TX,30.3005,-97.7522
Orlando,FL,28.4773,-81.337
San Juan,PR,18.3985,-66.061
San Jose,CA,37.3012,-121.848
Indianapolis,IN,39.7771,-86.1458
Pittsburgh,PA,40.4397,-79.9763
Cincinnati,OH,39.1413,-84.506
Manhattan,NY,40.7834,-73.9662
Kansas City,MO,39.1238,-94.5541
Cleveland,OH,41.4764,-81.6805
Columbus,OH,39.9862,-82.9855
Bronx,NY,40.8501,-73.8662
Charlotte,NC,35.2083,-80.8303
Virginia Beach,VA,36.7335,-76.0435
Jacksonville,FL,30.3322,-81.6749
Milwaukee,WI,43.0642,-87.9675
Providence,RI,41.823,-71.4187
Nashville,TN,36.1715,-86.7842
Salt Lake City,UT,40.7776,-111.9311
Raleigh,NC,35.8324,-78.6429
Richmond,VA,37.5295,-77.4756
Memphis,TN,35.1087,-89.9663
Oklahoma City,OK,35.4676,-97.5136
Hartford,CT,41.7661,-72.6834
Louisville,KY,38.1663,-85.6485
Buffalo,NY,42.9018,-78.8487
Fort Worth,TX,32.7817,-97.3474
Bridgeport,CT,41.1918,-73.1954
New Orleans,LA,30.0687,-89.9288
Tucson,AZ,32.1541,-110.8787
El Paso,TX,31.8476,-106.43
Omaha,NE,41.2627,-96.0529
McAllen,TX,26.2252,-98.2467
Birmingham,AL,33.5279,-86.7971
Albuquerque,NM,35.1054,-106.6465
Tulsa,OK,36.1283,-95.9042
Charleston,SC,32.8168,-79.9687
Fresno,CA,36.783,-119.7939
Rochester,NY,43.168,-77.6162
Dayton,OH,39.7805,-84.2003
Cape Coral,FL,26.6443,-81.9957
Provo,UT,40.2457,-111.6457
Colorado Springs,CO,38.8674,-104.7605
Mission Viejo,CA,33.6096,-117.6551
Allentown,PA,40.5961,-75.4756
Baton Rouge,LA,30.442,-91.1311
Ogden,UT,41.2279,-111.9682
Knoxville,TN,35.9692,-83.9496
Grand Rapids,MI,42.9619,-85.6562
Columbia,SC,34.0378,-80.9036
Albany,NY,42.6664,-73.7987
Bakersfield,CA,35.3529,-119.0359
New Haven,CT,41.3113,-72.9246
Des Moines,IA,41.5725,-93.6105
Palm Bay,FL,27.9631,-80.6593
Akron,OH,41.0798,-81.5219
Concord,CA,37.9722,-122.0016
Mesa,AZ,33.4015,-111.7178
Wichita,KS,37.6895,-97.3443
Harrisburg,PA,40.2752,-76.8843
Staten Island,NY,40.5834,-74.1496
Toledo,OH,41.6638,-83.5827
Worcester,MA,42.2705,-71.8079
Port St. Lucie,FL,27.2796,-80.3884
Little Rock,AR,34.7256,-92.3577
Madison,WI,43.0822,-89.393
Spokane,WA,47.6671,-117.433
Long Beach,CA,33.7977,-118.167
Denton,TX,33.2175,-97.1418
Reno,NV,39.5497,-119.8483
Boise,ID,43.6005,-116.2308
Bonita Springs,FL,26.3558,-81.7859
Kissimmee,FL,28.3041,-81.4169
Augusta,GA,33.3645,-82.0708
Springfield,MA,42.1155,-72.5395
Oakland,CA,37.7904,-122.2166
Winston-Salem,NC,36.1029,-80.261
Stockton,CA,37.9765,-121.3109
Durham,NC,35.9792,-78.9022
Chattanooga,TN,35.066,-85.2481
Greenville,SC,34.8354,-82.3646
Lancaster,PA,40.042,-76.3012
Syracuse,NY,43.0407,-76.1437
Fayetteville,AR,36.0714,-94.1661
Pensacola,FL,30.4413,-87.1911
Arlington,TX,32.6998,-97.125
Aurora,CO,39.7083,-104.7237
Scranton,PA,41.4044,-75.6649
Oxnard,CA,34.1964,-119.1815
Indio,CA,33.7346,-116.2346
Victorville,CA,34.5277,-117.3536
Trenton,NJ,40.2237,-74.7641
Huntsville,AL,34.6981,-86.6412
Modesto,CA,37.6375,-121.0028
Honolulu,HI,21.3294,-157.846
Greensboro,NC,36.0956,-79.8271
Fort Wayne,IN,41.0888,-85.1436
Anaheim,CA,33.839,-117.8574
Corpus Christi,TX,27.7254,-97.3767
Fort Collins,CO,40.5477,-105.0656
Antioch,CA,37.9787,-121.796
Jackson,MS,32.3157,-90.2125
Fayetteville,NC,35.085,-78.9772
Myrtle Beach,SC,33.7094,-78.8844
Henderson,NV,36.0133,-115.0381
Mobile,AL,30.6782,-88.1162
Lexington,KY,38.0423,-84.4587
Lansing,MI,42.7142,-84.5601
Savannah,GA,32.0286,-81.1821
Youngstown,OH,41.0993,-80.6463
Ann Arbor,MI,42.2759,-83.731
Santa Ana,CA,33.7367,-117.8819
Irvine,CA,33.6772,-117.7738
St. Paul,MN,44.9478,-93.1039
Poughkeepsie,NY,41.695,-73.9211
Newark,NJ,40.7245,-74.1725
Santa Rosa,CA,38.4458,-122.7067
Concord,NC,35.3933,-80.6369
Winter Haven,FL,28.0118,-81.7014
Asheville,NC,35.5707,-82.5537
Canton,OH,40.8078,-81.3676
Lincoln,NE,40.8099,-96.6784
Flint,MI,43.0236,-83.6921
Lakeland,FL,28.0557,-81.9545
Jersey City,NJ,40.7184,-74.0686
Anchorage,AK,61.1508,-149.1091
Springfield,MO,37.1943,-93.2916
Plano,TX,33.0502,-96.7486
Lubbock,TX,33.5657,-101.8879
Davenport,IA,41.5565,-90.6053
Reading,PA,40.34,-75.9267
Shreveport,LA,32.4653,-93.7955
Chandler,AZ,33.2825,-111.8514
South Bend,IN,41.6767,-86.2696
Wilmington,NC,34.2099,-77.8866
Chula Vista,CA,32.6281,-117.0144
Rockford,IL,42.2596,-89.064
Eugene,OR,44.0564,-123.1174
Salem,OR,44.9233,-123.0244
Gilbert,AZ,33.31,-111.7463
North Las Vegas,NV,36.2883,-115.0888
Santa Clarita,CA,34.4175,-118.4964
Peoria,IL,40.752,-89.6154
Tallahassee,FL,30.4551,-84.2527
Killeen,TX,31.0753,-97.7297
St. Petersburg,FL,27.7931,-82.6652
Kennewick,WA,46.1978,-119.1732
Columbus,GA,32.51,-84.8771
Laredo,TX,27.5625,-99.4874
Irving,TX,32.8583,-96.9702
Round Lake Beach,IL,42.3791,-88.0811
Montgomery,AL,32.3482,-86.2668
Chesapeake,VA,36.6778,-76.3023
Glendale,AZ,33.5791,-112.2311
Nashua,NH,42.7491,-71.491
York,PA,39.9651,-76.7315
Garland,TX,32.91,-96.6304
Rock Hill,SC,34.9415,-81.0241
Scottsdale,AZ,33.6872,-111.8651
Aguadilla,PR,18.4382,-67.1537
Arlington,VA,38.8786,-77.1011
Norfolk,VA,36.8945,-76.259
Appleton,WI,44.278,-88.3892
Enterprise,NV,36.0091,-115.2278
Gulfport,MS,30.4274,-89.0704
Lafayette,LA,30.2082,-92.0325
Bremerton,WA,47.5436,-122.7121
Fremont,CA,37.5265,-121.9843
Green Bay,WI,44.5148,-87.9895
Fargo,ND,46.8651,-96.8292
Deltona,FL,28.905,-81.2137
Brownsville,TX,25.9975,-97.458
Hialeah,FL,25.8696,-80.3045
San Bernardino,CA,34.1416,-117.2943
Tacoma,WA,47.2431,-122.4531
Gainesville,FL,29.6804,-82.3459
Spring Valley,NV,36.0952,-115.2636
Clarksville,TN,36.5692,-87.3413
College Station,TX,30.5852,-96.2959
Olympia,WA,47.0417,-122.8959
Roanoke,VA,37.2785,-79.9581
Portland,ME,43.6773,-70.2715
Fontana,CA,34.0968,-117.4599
Spartanburg,SC,34.9442,-81.9251
Moreno Valley,CA,33.9244,-117.2045
Frisco,TX,33.156,-96.8216
Yonkers,NY,40.9466,-73.8673
Thousand Oaks,CA,34.1914,-118.8756
Sioux Falls,SD,43.5396,-96.7311
Hagerstown,MD,39.6401,-77.7217
Evansville,IN,37.9881,-87.5341
Amarillo,TX,35.1984,-101.8316
Kalamazoo,MI,42.2749,-85.5882
Lorain,OH,41.4409,-82.184
Galveston,TX,29.2484,-94.8913
McKinney,TX,33.2016,-96.667
Huntington,WV,38.4109,-82.4345
Nampa,ID,43.5844,-116.5638
Hickory,NC,35.741,-81.3223
Waterbury,CT,41.5582,-73.0361
Sunrise Manor,NV,36.1783,-115.0487
Grand Prairie,TX,32.6871,-97.0208
Ocala,FL,29.178,-82.1511
Waco,TX,31.5599,-97.1882
Overland Park,KS,38.887,-94.687
Frederick,MD,39.4337,-77.4141
Huntington Beach,CA,33.696,-118.0018
Santa Barbara,CA,34.4285,-119.7202
Peoria,AZ,33.7843,-112.2989
Cedar Rapids,IA,41.9662,-91.6783
Vancouver,WA,45.6366,-122.5967
Glendale,CA,34.1819,-118.2468
Gastonia,NC,35.2494,-81.1854
Spring Hill,FL,28.4798,-82.53
Murfreesboro,TN,35.849,-86.4121
Tempe,AZ,33.3881,-111.9319
Paradise,NV,36.0872,-115.1355
Newport News,VA,37.1051,-76.5185
Erie,PA,42.1167,-80.0733
Fort Lauderdale,FL,26.1412,-80.1464
Gainesville,GA,34.2902,-83.8294
Aurora,IL,41.7638,-88.2902
Mauldin,SC,34.7821,-82.3032
Ontario,CA,34.0393,-117.6064
Elk Grove,CA,38.4161,-121.3842
Panama City,FL,30.1995,-85.6003
Cary,NC,35.7819,-78.8195
Hemet,CA,33.7341,-116.9969
Danbury,CT,41.4015,-73.4709
Rancho Cucamonga,CA,34.1247,-117.5667
Salinas,CA,36.6883,-121.6317
Oceanside,CA,33.2247,-117.3083
Vallejo,CA,38.1125,-122.2342
High Point,NC,35.991,-79.9937
Garden Grove,CA,33.7787,-117.9601
Pembroke Pines,FL,26.0128,-80.3382
Lancaster,CA,34.6935,-118.1753
Marysville,WA,48.0809,-122.1561
Bayamon,PR,18.3794,-66.1635
Fredericksburg,VA,38.2992,-77.4872
Visalia,CA,36.3276,-119.3269
Tuscaloosa,AL,33.2348,-87.5268
Palmdale,CA,34.5944,-118.1057
Santa Cruz,CA,36.9789,-122.0346
Medford,OR,42.3372,-122.854
Norwich,CT,41.5495,-72.0882
Merced,CA,37.3057,-120.4779
Manchester,NH,42.9848,-71.4447
Odessa,TX,31.8801,-102.3448
Muskegon,MI,43.2281,-86.2562
Leesburg,FL,28.7672,-81.8962
Lafayette,IN,40.3991,-86.8593
Hayward,CA,37.6328,-122.0766
Corona,CA,33.8616,-117.5649
Paterson,NJ,40.9147,-74.1624
Alexandria,VA,38.8185,-77.0861
Macon,GA,32.8065,-83.6974
Lakewood,CO,39.6977,-105.1172
Springfield,IL,39.7709,-89.654
Kansas City,KS,39.1235,-94.7443
Burlington,NC,36.076,-79.4685
Warner Robins,GA,32.5961,-83.6527
Sunnyvale,CA,37.3836,-122.0255
Hollywood,FL,26.0293,-80.1679
Roseville,CA,38.7703,-121.3196
New Bedford,MA,41.6697,-70.9428
South Lyon,MI,42.4614,-83.6526
Bellevue,WA,47.5951,-122.1535
Fairfield,CA,38.2583,-122.0335
Binghamton,NY,42.1014,-75.9093
Topeka,KS,39.0346,-95.6955
Escondido,CA,33.1348,-117.0723
Joliet,IL,41.5188,-88.1499
Surprise,AZ,33.6815,-112.4515
Naperville,IL,41.748,-88.1659
Pasadena,TX,29.6575,-95.1498
Mesquite,TX,32.7602,-96.5865
Champaign,IL,40.1142,-88.2737
Pomona,CA,34.0585,-117.7626
Houma,LA,29.58,-90.7059
Athens,GA,33.9508,-83.3689
St. George,UT,37.0758,-113.5752
Beaumont,TX,30.0849,-94.1451
Elkhart,IN,41.6916,-85.9627
Lake Charles,LA,30.201,-93.2111
Santa Maria,CA,34.9333,-120.4431
Yuma,AZ,32.5995,-114.5491
Olathe,KS,38.8833,-94.82
Midland,TX,32.0243,-102.1147
Greeley,CO,40.4152,-104.7706
Torrance,CA,33.8346,-118.3416
Thornton,CO,39.9197,-104.9438
Las Cruces,NM,32.3265,-106.7893
Columbia,MO,38.9472,-92.3268
Fullerton,CA,33.8841,-117.9279
Grand Junction,CO,39.0877,-108.5673
Carolina,PR,18.4054,-65.9792
Metairie,LA,29.9977,-90.178
Orange,CA,33.8038,-117.8218
Warren,MI,42.4934,-83.027
West Valley City,UT,40.6886,-112.0123
Hampton,VA,37.0551,-76.363
Pasadena,CA,34.1597,-118.139
Miramar,FL,25.9773,-80.3351
Elizabeth,NJ,40.6658,-74.1913
Stamford,CT,41.1039,-73.5585
Racine,WI,42.7274,-87.8135
Kent,WA,47.3887,-122.2128
Yakima,WA,46.5923,-120.5496
Coral Springs,FL,26.2702,-80.2591
Sterling Heights,MI,42.5809,-83.0305
Billings,MT,45.7891,-108.5526
Bloomington,IL,40.4757,-88.9703
Charleston,WV,38.3484,-81.6322
Carrollton,TX,32.989,-96.8999
Tyler,TX,32.3184,-95.3062
Iowa City,IA,41.6559,-91.5303
Johnson City,TN,36.3406,-82.3806
Santa Clara,CA,37.3646,-121.968
Bellingham,WA,48.7548,-122.469
Norman,OK,35.2335,-97.3471
Coeur d'Alene,ID,47.704,-116.7936
Fort Smith,AR,35.3495,-94.3695
Lewisville,TX,33.0454,-96.9815
Dover,DE,39.161,-75.5202
Yuba City,CA,39.1357,-121.6383
Lehigh Acres,FL,26.612,-81.6388
Abilene,TX,32.4543,-99.7384
Simi Valley,CA,34.2663,-118.749
Pearland,TX,29.5581,-95.3218
Kenosha,WI,42.5865,-87.8773
Arecibo,PR,18.4491,-66.7387
Meridian,ID,43.6116,-116.3977
Round Rock,TX,30.527,-97.6642
Waldorf,MD,38.6085,-76.9194
Temple,TX,31.1068,-97.3891
Lynchburg,VA,37.4003,-79.1909
Rochester,MN,44.0154,-92.478
Logan,UT,41.7399,-111.8422
Arvada,CO,39.832,-105.151
Clovis,CA,36.8278,-119.683
Independence,MO,39.0871,-94.3501
Redding,CA,40.5698,-122.365
Greenville,NC,35.5943,-77.376
Duluth,MN,46.7756,-92.1393
Berkeley,CA,37.8722,-122.276
Boulder,CO,40.0248,-105.2524
Pueblo,CO,38.2701,-104.6114
West Palm Beach,FL,26.7469,-80.132
Burlington,VT,44.4876,-73.2316
Seaside,CA,36.6224,-121.8199
Richardson,TX,32.9716,-96.7093
Cambridge,MA,42.3759,-71.1185
Monroe,LA,32.5185,-92.0774
North Charleston,SC,32.9067,-80.0722
Saginaw,MI,43.4199,-83.9501
Clearwater,FL,27.979,-82.7623
The Woodlands,TX,30.1738,-95.5134
Brandon,FL,27.9367,-82.3
St. Cloud,MN,45.534,-94.1718
West Jordan,UT,40.6024,-112.0008
Broken Arrow,OK,36.038,-95.7806
Harlingen,TX,26.1916,-97.6977
Kailua,HI,21.392,-157.7396
Westminster,CO,39.8837,-105.0624
Gilroy,CA,37.0046,-121.5854
Richmond,CA,37.9477,-122.3389
Mandeville,LA,30.3751,-90.0904
Utica,NY,43.0962,-75.2261
Ponce,PR,18.0127,-66.6212
League City,TX,29.4874,-95.1087
Port Arthur,TX,29.8554,-93.9264
Lowell,MA,42.6389,-71.3217
East Los Angeles,CA,34.0326,-118.1691
Carlsbad,CA,33.1246,-117.2834
Elgin,IL,42.0383,-88.324
Waterloo,IA,42.4918,-92.3522
Leominster,MA,42.5209,-71.7717
Bend,OR,44.0563,-121.3095
Sioux City,IA,42.4959,-96.3901
Gresham,OR,45.5021,-122.4413
Longview,TX,32.5193,-94.7622
Pompano Beach,FL,26.2428,-80.1312
Downey,CA,33.9379,-118.1311
Murrieta,CA,33.5719,-117.1909
Idaho Falls,ID,43.4871,-112.0362
Miami Gardens,FL,25.9433,-80.2426
Everett,WA,47.9525,-122.1669
Holland,MI,42.7677,-86.0984
Costa Mesa,CA,33.6667,-117.9135
Temecula,CA,33.4928,-117.1315
Jacksonville,NC,34.7289,-77.3941
San Buenaventura,CA,34.2741,-119.2314
Sugar Land,TX,29.5935,-95.6358
Chico,CA,39.7578,-121.8161
South Fulton,GA,33.6273,-84.58
Sparks,NV,39.5736,-119.7161
Eau Claire,WI,44.8197,-91.4948
Auburn,AL,32.6087,-85.4903
Dearborn,MI,42.3127,-83.213
Riverview,FL,27.8227,-82.3023
Allen,TX,33.1088,-96.6735
West Covina,CA,34.0555,-117.9113
Centennial,CO,39.5926,-104.8673
Bloomington,IN,39.1637,-86.5257
Sandy Springs,GA,33.9366,-84.3703
El Monte,CA,34.0739,-118.0291
Hillsboro,OR,45.5273,-122.936
Menifee,CA,33.6909,-117.1849
Rio Rancho,NM,35.2873,-106.6982
Davie,FL,26.0789,-80.287
Jurupa Valley,CA,34.001,-117.4706
Columbia,MD,39.2004,-76.859
Inglewood,CA,33.9566,-118.3444
Spokane Valley,WA,47.6626,-117.2346
Renton,WA,47.4784,-122.1918
San Tan Valley,AZ,33.1786,-111.5629
Burbank,CA,34.1879,-118.3235
Brockton,MA,42.0821,-71.0242
El Cajon,CA,32.8017,-116.9604
Rialto,CA,34.1175,-117.3892
San Mateo,CA,37.5522,-122.3121
Goodyear,AZ,33.2614,-112.3622
Charlottesville,VA,38.0375,-78.4855
Lafayette,CO,39.9946,-105.0998
Lee's Summit,MO,38.9171,-94.3816
Edinburg,TX,26.3196,-98.1597
Daly City,CA,37.6862,-122.4685
Wichita Falls,TX,33.9072,-98.5291
Bowling Green,KY,36.9716,-86.4378
Longmont,CO,40.1686,-105.1005
Vacaville,CA,38.3587,-121.9673
Highlands Ranch,CO,39.5419,-104.9708
Quincy,MA,42.2506,-71.0187
Fishers,IN,39.9588,-85.9659
Lynn,MA,42.4781,-70.9664
Norwalk,CA,33.9069,-118.0829
Carmel,IN,39.965,-86.146
Hesperia,CA,34.3975,-117.3147
St. Augustine,FL,29.8976,-81.31
Buckeye,AZ,33.4314,-112.6429
San Angelo,TX,31.4424,-100.4504
Federal Way,WA,47.3091,-122.3358
Bismarck,ND,46.8143,-100.7694
Boca Raton,FL,26.3752,-80.108
New Braunfels,TX,29.6994,-98.1148
Vista,CA,33.1896,-117.2386
Beaverton,OR,45.4779,-122.8168
Portsmouth,VA,36.8468,-76.354
Orem,UT,40.2981,-111.6994
Conroe,TX,30.3238,-95.4824
Suffolk,VA,36.6953,-76.6398
Sunrise,FL,26.1547,-80.2997
Lawrence,KS,38.9597,-95.2642
Arden-Arcade,CA,38.6017,-121.3845
Prescott Valley,AZ,34.598,-112.3185
Middletown,OH,39.5033,-84.3659
San German,PR,18.0827,-67.046
Edmond,OK,35.6689,-97.416
Tracy,CA,37.7269,-121.4523
Manteca,CA,37.7927,-121.2264
Kingsport,TN,36.5224,-82.5454
Portsmouth,NH,43.058,-70.7826
Sandy,UT,40.5709,-111.8506
Palm Coast,FL,29.5389,-81.2457
Slidell,LA,30.2887,-89.7828
San Marcos,CA,33.135,-117.1743
Livonia,MI,42.3972,-83.3733
Santa Fe,NM,35.6619,-105.9819
Plantation,FL,26.1259,-80.2617
Atascocita,TX,29.9777,-95.1953
Fall River,MA,41.7136,-71.1015
Compton,CA,33.893,-118.2274
Carson,CA,33.8374,-118.2559
La Crosse,WI,43.8241,-91.2268
Missoula,MT,46.8751,-114.0214
O'Fallon,MO,38.785,-90.7175
Mount Pleasant,SC,32.8537,-79.8203
Roswell,GA,34.0391,-84.3513
Hoover,AL,33.3763,-86.8068
Florence,SC,34.178,-79.7898
Williamsburg,VA,37.2693,-76.7076
South Gate,CA,33.9447,-118.1926
Chino,CA,33.9836,-117.6654
Fort Myers,FL,26.6194,-81.8302
Kirkland,WA,47.697,-122.2057
Santa Monica,CA,34.0235,-118.481
Vineland,NJ,39.4653,-74.9981
Norwalk,CT,41.1144,-73.4215
Alafaya,FL,28.528,-81.1868
Lawton,OK,34.6175,-98.4202
Avondale,AZ,33.3873,-112.3235
Germantown,MD,39.1755,-77.2643
Rapid City,SD,44.0716,-103.2204
Westminster,CA,33.7523,-117.9938
Clifton,NJ,40.863,-74.1575
Waukegan,IL,42.3698,-87.8716
Bloomington,MN,44.8306,-93.3151
Mayaguez,PR,18.2003,-67.1397
San Leandro,CA,37.7074,-122.1599
Newton,MA,42.3316,-71.2085
Joplin,MO,37.0757,-94.5018
Lawrence,MA,42.7002,-71.1626
Springdale,AR,36.1901,-94.1574
Troy,MI,42.5817,-83.1457
Citrus Heights,CA,38.6948,-121.288
Deerfield Beach,FL,26.305,-80.1277
Town 'n' Country,FL,28.0106,-82.5763
Winchester,VA,39.1735,-78.1746
Mission,TX,26.2039,-98.3256
Bryan,TX,30.665,-96.3807
Hawthorne,CA,33.9147,-118.3476
Whittier,CA,33.9678,-118.0188
Livermore,CA,37.6868,-121.7607
Lake Forest,CA,33.6605,-117.6714
San Ramon,CA,37.7624,-121.9365
Melbourne,FL,28.1086,-80.6627
Franklin,TN,35.92,-86.8516
Auburn,WA,47.3039,-122.2108
Port Huron,MI,42.9821,-82.4388
Decatur,IL,39.8557,-88.9342
Baytown,TX,29.7587,-94.9671
Brooklyn Park,MN,45.1112,-93.3505
Springfield,OH,39.93,-83.7959
Newport Beach,CA,33.6151,-117.8668
Westland,MI,42.3192,-83.3805
Newark,OH,40.0706,-82.425
Muncie,IN,40.1989,-85.395
Farmington Hills,MI,42.486,-83.3771
Cicero,IL,41.8445,-87.7593
Buena Park,CA,33.8572,-118.0046
Warwick,RI,41.7062,-71.4334
Hattiesburg,MS,31.3074,-89.317
Cranston,RI,41.7658,-71.4858
Albany,GA,31.5776,-84.1762
Layton,UT,41.077,-111.962
Madera,CA,36.963,-120.0778
Largo,FL,27.9088,-82.7712
Redwood City,CA,37.5025,-122.2253
Mountain View,CA,37.4001,-122.0796
Pine Hills,FL,28.5818,-81.4692
Folsom,CA,38.6668,-121.1422
Silver Spring,MD,39.0028,-77.0207
Johns Creek,GA,34.0333,-84.2027
The Villages,FL,28.9034,-81.9887
Owensboro,KY,37.7575,-87.1172
Napa,CA,38.2975,-122.301
New Rochelle,NY,40.9304,-73.7836
Alhambra,CA,34.084,-118.1355
Cheyenne,WY,41.135,-104.7902
Miami Beach,FL,25.8171,-80.1396
Wenatchee,WA,47.436,-120.3295
Jackson,MI,42.2431,-84.4038
Lehi,UT,40.4136,-111.8725
Anderson,IN,40.0891,-85.6892
Homestead,FL,25.4665,-80.4472
Florence,AL,34.8303,-87.6655
Rancho Cordova,CA,38.5737,-121.2527
Morgantown,WV,39.6383,-79.9464
Boynton Beach,FL,26.5281,-80.0811
Somerville,MA,42.3908,-71.1014
North Port,FL,27.0576,-82.1977
Lakewood,CA,33.8471,-118.1222
Salisbury,MD,38.3756,-75.5865
South Jordan,UT,40.557,-111.9784
Parma,OH,41.3843,-81.7286
Pharr,TX,26.1685,-98.1904
State College,PA,40.7909,-77.8567
Plymouth,MN,45.0225,-93.4617
Turlock,CA,37.5053,-120.8588
Davis,CA,38.5553,-121.737
Perris,CA,33.7898,-117.2233
Jonesboro,AR,35.8212,-90.6791
Tustin,CA,33.7311,-117.8107
Terre Haute,IN,39.466,-87.3751
Upland,CA,34.1178,-117.6604
Georgetown,TX,30.666,-97.6966
Texarkana,TX,33.45,-94.0847
Kendall,FL,25.6697,-80.3556
Pasco,WA,46.2506,-119.1305
Milpitas,CA,37.4336,-121.8921
Carmichael,CA,38.6318,-121.3263
Chino Hills,CA,33.9508,-117.7254
Flower Mound,TX,33.0343,-97.1146
Flagstaff,AZ,35.1872,-111.6194
Alton,IL,38.9037,-90.152
Pleasanton,CA,37.6663,-121.8805
Cedar Park,TX,30.5105,-97.8197
Bellflower,CA,33.888,-118.1271
Loveland,CO,40.4166,-105.0623
Mansfield,OH,40.7656,-82.5275
Hammond,IN,41.6168,-87.4909
Bethlehem,PA,40.6266,-75.3679
Woodbury,MN,44.9057,-92.923
Alameda,CA,37.7668,-122.267
Wyoming,MI,42.8908,-85.7066
Schaumburg,IL,42.0308,-88.0838
Castle Rock,CO,39.3763,-104.8535
Evanston,IL,42.0464,-87.6943
Doral,FL,25.8152,-80.3565
St. Joseph,MO,39.7598,-94.821
Valdosta,GA,30.8502,-83.2788
Wausau,WI,44.962,-89.6459
Pocatello,ID,42.8724,-112.4647
Elizabethtown,KY,37.7031,-85.8773
Anniston,AL,33.6712,-85.8135
Arlington Heights,IL,42.0955,-87.9826
Rochester Hills,MI,42.6645,-83.1563
Southfield,MI,42.4765,-83.2605
Daytona Beach,FL,29.1995,-81.0982
Pittsburg,CA,38.0182,-121.8965
Oshkosh,WI,44.0227,-88.5619
Redmond,WA,47.6763,-122.1169
Saratoga Springs,NY,43.0674,-73.7775
Apple Valley,CA,34.5352,-117.2109
Mansfield,TX,32.569,-97.1213
Pawtucket,RI,41.8744,-71.3743
Missouri City,TX,29.563,-95.5365
Broomfield,CO,39.9542,-105.0526
Janesville,WI,42.6854,-89.0135
San Marcos,TX,29.8734,-97.9356
Camarillo,CA,34.223,-119.0321
Jackson,TN,35.6538,-88.8354
Dothan,AL,31.2336,-85.407
Sherman,TX,33.6273,-96.6221
Lauderhill,FL,26.1605,-80.2241
Harrisonburg,VA,38.4362,-78.8735
Bolingbrook,IL,41.6901,-88.1021
Ellicott City,MD,39.2774,-76.8345
Alexandria,LA,31.2923,-92.4702
Battle Creek,MI,42.2985,-85.2296
New Britain,CT,41.6759,-72.7862
Sheboygan,WI,43.7403,-87.7316
Brunswick,GA,31.1449,-81.4746
Altoona,PA,40.5082,-78.4007
Lodi,CA,38.1218,-121.2932
Redlands,CA,34.0512,-117.1712
Caguas,PR,18.2319,-66.0388
Dale City,VA,38.6473,-77.3459
Glen Burnie,MD,39.156,-76.6071
Mount Vernon,NY,40.9136,-73.8291
Lakeville,MN,44.6774,-93.252
Dover,NH,43.1887,-70.8845
Lebanon,PA,40.3412,-76.4228
Rocklin,CA,38.8075,-121.2489
Framingham,MA,42.3085,-71.4368
Wesley Chapel,FL,28.2106,-82.3238
Noblesville,IN,40.0355,-86.0042
Tamarac,FL,26.2056,-80.2539
Centreville,VA,38.839,-77.4389
Poinciana,FL,28.1217,-81.4821
Fairbanks,AK,64.8353,-147.6533
Lake Elsinore,CA,33.6847,-117.3344
Camden,NJ,39.9361,-75.1073
Rogers,AR,36.317,-94.1531
Blaine,MN,45.1696,-93.2077
Wilmington,DE,39.7415,-75.5416
St. Charles,MO,38.7954,-90.5157
Blacksburg,VA,37.23,-80.4279
Waukesha,WI,43.0087,-88.2464
Casas Adobes,AZ,32.3423,-111.0113
Baldwin Park,CA,34.0829,-117.9722
Cleveland,TN,35.1817,-84.8707
Dublin,CA,37.7161,-121.8963
Ankeny,IA,41.7288,-93.6031
Maple Grove,MN,45.1089,-93.4626
Bayonne,NJ,40.6668,-74.1158
North Richland Hills,TX,32.8604,-97.218
Eastvale,CA,33.9617,-117.5803
Guaynabo,PR,18.3832,-66.1134
Glens Falls,NY,43.3109,-73.6458
Longview,WA,46.1461,-122.963
Tulare,CA,36.1995,-119.34
Conway,AR,35.0753,-92.4692
West Des Moines,IA,41.5521,-93.7806
Redondo Beach,CA,33.8577,-118.3765
Walnut Creek,CA,37.9024,-122.0399
Passaic,NJ,40.8574,-74.1282
Porterville,CA,36.0643,-119.0338
Maricopa,AZ,33.0408,-112.0011
Fajardo,PR,18.3331,-65.6589
Spring Hill,TN,35.7437,-86.9116
Gaithersburg,MD,39.1346,-77.2131
El Paso de Robles,CA,35.6394,-120.656
East Orange,NJ,40.7651,-74.2117
Sumter,SC,33.9392,-80.393
Grand Forks,ND,47.9214,-97.0884
Bristol,TN,36.5572,-82.2154
Michigan City,IN,41.7092,-86.869
Gary,IN,41.5905,-87.3473
Dubuque,IA,42.5002,-90.707
Schenectady,NY,42.8025,-73.9275
Casper,WY,42.842,-106.3208
Hanford,CA,36.3274,-119.6549
Shawnee,KS,39.0158,-94.8076
South Hill,WA,47.1198,-122.2853
Eagan,MN,44.817,-93.1638
Union City,CA,37.6032,-122.0181
Weston,FL,26.1006,-80.4054
Kankakee,IL,41.102,-87.8643
Leander,TX,30.5728,-97.8618
Hammond,LA,30.5061,-90.4563
Corvallis,OR,44.5698,-123.2779
Apex,NC,35.7237,-78.8743
Yorba Linda,CA,33.889,-117.7714
Bethesda,MD,38.9866,-77.1188
Haverhill,MA,42.7838,-71.0871
Palo Alto,CA,37.3905,-122.1468
Rockville,MD,39.0834,-77.1553
Spring,TX,30.0613,-95.383
Delray Beach,FL,26.455,-80.0905
Watsonville,CA,36.9206,-121.7708
Mount Vernon,WA,48.4203,-122.3115
Palatine,IL,42.118,-88.043
Victoria,TX,28.8287,-96.9849
Skokie,IL,42.036,-87.74
Morristown,TN,36.2043,-83.3001
Sammamish,WA,47.6017,-122.0416
Union City,NJ,40.7675,-74.0323
Queen Creek,AZ,33.2454,-111.6173
Alpharetta,GA,34.0704,-84.2738
Lima,OH,40.741,-84.112
Novi,MI,42.4786,-83.4893
Great Falls,MT,47.5022,-111.2996
Ames,IA,42.0256,-93.6217
Juana Diaz,PR,18.0532,-66.5044
Malden,MA,42.4305,-71.0576
Dundalk,MD,39.2704,-76.4942
Albany,OR,44.6272,-123.0965
Castro Valley,CA,37.7088,-122.0626
Dalton,GA,34.769,-84.972
Lynwood,CA,33.924,-118.2016
Pflugerville,TX,30.4515,-97.6018
Sebring,FL,27.477,-81.453
Kenner,LA,30.0109,-90.2549
Port Charlotte,FL,26.9918,-82.114
Waltham,MA,42.3889,-71.2423
Commerce City,CO,39.8641,-104.843
Brentwood,CA,37.9356,-121.719
North Little Rock,AR,34.7807,-92.2371
South San Francisco,CA,37.6538,-122.4196
Bellevue,NE,41.1485,-95.939
Burnsville,MN,44.7648,-93.2793
Greenwood,IN,39.6019,-86.1073
Rowlett,TX,32.9155,-96.5489
Laguna Niguel,CA,33.5275,-117.705
Bozeman,MT,45.6833,-111.0558
Port Orange,FL,29.1085,-81.0137
Reston,VA,38.9497,-77.3461
San Clemente,CA,33.4499,-117.6102
Caldwell,ID,43.6453,-116.6594
Coon Rapids,MN,45.1755,-93.3094
Millcreek,UT,40.6892,-111.8292
Eden Prairie,MN,44.8488,-93.4595
Parkersburg,WV,39.2623,-81.542
Hamilton,OH,39.3939,-84.5653
Moore,OK,35.3293,-97.4757
Lakewood,WA,47.1628,-122.5299
Bay City,MI,43.5902,-83.8887
Bossier City,LA,32.5224,-93.6668
Council Bluffs,IA,41.2369,-95.8516
Huntersville,NC,35.406,-80.8716
Taylor,MI,42.226,-83.2688
Hendersonville,TN,36.3063,-86.5997
Sanford,FL,28.7891,-81.2757
La Habra,CA,33.9282,-117.9515
Horizon West,FL,28.4417,-81.6146
Dearborn Heights,MI,42.3164,-83.2769
St. Cloud,FL,28.2363,-81.2779
Pontiac,MI,42.6493,-83.2878
Richland,WA,46.2824,-119.2939
Marietta,GA,33.9533,-84.5422
Florence-Graham,CA,33.9682,-118.2447
Springfield,OR,44.0538,-122.9811
Encinitas,CA,33.0492,-117.261
Wellington,FL,26.6461,-80.2699
Palm Harbor,FL,28.0847,-82.7481
Montebello,CA,34.0155,-118.1108
Woodland,CA,38.6712,-121.75
Bristol,CT,41.6812,-72.9407
Jupiter,FL,26.92,-80.1128
La Mesa,CA,32.7703,-117.0204
Pico Rivera,CA,33.9901,-118.0888
San Rafael,CA,37.9905,-122.5221
Meriden,CT,41.5369,-72.7946
Euless,TX,32.8508,-97.08
Parker,CO,39.5084,-104.7753
Revere,MA,42.4189,-71.004
Stonecrest,GA,33.6842,-84.1372
Chapel Hill,NC,35.9271,-79.0391
White Plains,NY,41.022,-73.7547
Gardena,CA,33.8943,-118.3072
Palm Beach Gardens,FL,26.8466,-80.1679
Taunton,MA,41.9036,-71.0943
Monterey Park,CA,34.0497,-118.1326
West Allis,WI,43.0068,-88.0296
Santee,CA,32.8554,-116.9851
North Miami,FL,25.9008,-80.1686
Blue Springs,MO,39.0124,-94.2721
Des Plaines,IL,42.0345,-87.9008
Kokomo,IN,40.464,-86.1277
Petaluma,CA,38.2423,-122.6266
Shoreline,WA,47.7564,-122.3426
Medford,MA,42.4234,-71.1087
Taylorsville,UT,40.6569,-111.9493
Wylie,TX,33.0362,-96.5161
Cupertino,CA,37.3168,-122.0466
The Hammocks,FL,25.67,-80.4482
Margate,FL,26.2466,-80.2119
Carson City,NV,39.1511,-119.7476
Hoboken,NJ,40.7452,-74.0281
Madison,AL,34.7114,-86.7626
St. Clair Shores,MI,42.4925,-82.8961
St. Peters,MO,38.7825,-90.6061
Midwest City,OK,35.463,-97.371
Severn,MD,39.1355,-76.6956
Lake Havasu City,AZ,34.5006,-114.3113
Lenexa,KS,38.9609,-94.8018
Orland Park,IL,41.6075,-87.8619
Royal Oak,MI,42.5084,-83.1539
Bowie,MD,38.9549,-76.7406
Decatur,AL,34.5731,-86.9905
Bel Air South,MD,39.5022,-76.3113
Towson,MD,39.3944,-76.619
Casa Grande,AZ,32.9069,-111.7624
Coconut Creek,FL,26.2803,-80.1842
Kettering,OH,39.6956,-84.1494
Herriman,UT,40.4899,-112.017
Brookhaven,GA,33.8743,-84.3314
Oak Lawn,IL,41.7139,-87.7528
Lacey,WA,47.0462,-122.7933
Bartlett,TN,35.2337,-89.8195
Highland,CA,34.1113,-117.165
Kannapolis,NC,35.4764,-80.6408
Fountainebleau,FL,25.7723,-80.346
Fountain Valley,CA,33.7105,-117.9514
Bentonville,AR,36.3547,-94.2305
Bradenton,FL,27.4901,-82.5757
Smyrna,GA,33.8633,-84.5168
Sarasota,FL,27.3387,-82.5432
Apopka,FL,28.7015,-81.5316
National City,CA,32.6654,-117.0983
DeSoto,TX,32.5992,-96.8633
Berwyn,IL,41.8433,-87.7909
New Brunswick,NJ,40.487,-74.445
Apple Valley,MN,44.7457,-93.2004
Mount Prospect,IL,42.0641,-87.9375
Arcadia,CA,34.1342,-118.0373
Southaven,MS,34.9514,-89.9786
Tigard,OR,45.4237,-122.7845
Perth Amboy,NJ,40.5202,-74.2724
Chicopee,MA,42.1764,-72.5719
South Whittier,CA,33.9336,-118.0312
West Haven,CT,41.2739,-72.9672
Smyrna,TN,35.9687,-86.5264
Tinley Park,IL,41.567,-87.8049
Hacienda Heights,CA,33.997,-117.9727
Beaumont,CA,33.9076,-116.9766
San Jacinto,CA,33.797,-116.9916
Plainfield,NJ,40.6154,-74.4157
West Sacramento,CA,38.5557,-121.5505
Marana,AZ,32.4355,-111.1558
Yucaipa,CA,34.0336,-117.0429
Peabody,MA,42.5335,-70.9725
Rocky Mount,NC,35.9685,-77.804
Texas City,TX,29.4154,-94.9682
Kentwood,MI,42.8852,-85.5926
Manhattan,KS,39.1886,-96.6048
Colton,CA,34.0538,-117.3255
Aspen Hill,MD,39.0927,-77.0826
Diamond Bar,CA,33.9992,-117.8161
Huntington Park,CA,33.98,-118.2167
Wheaton,IL,41.8561,-88.1085
Pinellas Park,FL,27.8589,-82.7078
Aloha,OR,45.492,-122.8725
Oak Park,IL,41.8872,-87.7899
Minnetonka,MN,44.9322,-93.4598
Twin Falls,ID,42.5645,-114.4613
Edina,MN,44.8914,-93.3602
Westchester,FL,25.7471,-80.3523
Methuen Town,MA,42.734,-71.1889
Normal,IL,40.5217,-88.9884
Elyria,OH,41.376,-82.106
Grand Island,NE,40.9218,-98.3586
Novato,CA,38.092,-122.5575
Paramount,CA,33.8977,-118.1651
Kyle,TX,29.9932,-97.8852
Placentia,CA,33.8807,-117.8553
Wheaton,MD,39.0492,-77.0573
Kendale Lakes,FL,25.7081,-80.4078
Cathedral City,CA,33.8362,-116.4642
Florissant,MO,38.7996,-90.3269
Catalina Foothills,AZ,32.3046,-110.8838
West New York,NJ,40.7857,-74.0094
Lincoln,CA,38.8774,-121.2937
Dunwoody,GA,33.9418,-84.3122
Levittown,NY,40.7241,-73.5125
Palm Desert,CA,33.7378,-116.3695
Mooresville,NC,35.5847,-80.8266
Little Elm,TX,33.1858,-96.9295
Glendora,CA,34.1449,-117.8467
Burien,WA,47.4762,-122.3394
Aliso Viejo,CA,33.5792,-117.7289
Summerville,SC,33.0016,-80.1799
Collierville,TN,35.047,-89.6987
Tamiami,FL,25.7556,-80.4016
Wake Forest,NC,35.9632,-78.514
Hoffman Estates,IL,42.064,-88.1468
Westfield,IN,40.0341,-86.1529
Columbus,IN,39.2093,-85.9183
Troy,NY,42.7354,-73.6751
Country Club,FL,25.9407,-80.3102
Burleson,TX,32.517,-97.3344
East Honolulu,HI,21.2975,-157.7211
Levittown,PA,40.1533,-74.8531
Mishawaka,IN,41.6742,-86.1666
Grapevine,TX,32.9343,-97.0742
Cuyahoga Falls,OH,41.1641,-81.5207
Delano,CA,35.7662,-119.2635
Enid,OK,36.4063,-97.87
Milford city ,CT,41.2255,-73.0625
El Dorado Hills,CA,38.675,-121.049
Rosemead,CA,34.0689,-118.0823
McLean,VA,38.9436,-77.1943
Lakewood,OH,41.4822,-81.8008
Jeffersonville,IN,38.3376,-85.7026
Draper,UT,40.4957,-111.8605
Covina,CA,34.0903,-117.8818
Murray,UT,40.6498,-111.8874
Downers Grove,IL,41.7949,-88.0172
Rockwall,TX,32.9169,-96.4374
Chesterfield,MO,38.6589,-90.5803
St. Louis Park,MN,44.9488,-93.3649
Florin,CA,38.4832,-121.4043
Cypress,CA,33.8171,-118.0386
Eagle Mountain,UT,40.3137,-112.0114
North Bethesda,MD,39.0393,-77.1191
Azusa,CA,34.1386,-117.9124
Lawrence,IN,39.8674,-85.9904
Coral Gables,FL,25.7037,-80.2715
Everett,MA,42.4064,-71.0545
Bedford,TX,32.8464,-97.135
Antelope,CA,38.7153,-121.361
Dublin,OH,40.1112,-83.1454
Portage,MI,42.2,-85.5906
Biloxi,MS,30.4426,-88.9514
Titusville,FL,28.5727,-80.8193
Euclid,OH,41.5903,-81.5188
Ceres,CA,37.5952,-120.962
University,FL,28.0771,-82.4335
Stillwater,OK,36.1317,-97.0742
Leesburg,VA,39.1057,-77.5544
Bothell,WA,47.7735,-122.2044
Tuckahoe,VA,37.5878,-77.5858
Cedar Hill,TX,32.581,-96.9591
Poway,CA,32.9871,-117.0201
Cerritos,CA,33.8678,-118.0686
Hilo,HI,19.6883,-155.0863
Niagara Falls,NY,43.0921,-79.0147
Fort Pierce,FL,27.4255,-80.3431
San Luis Obispo,CA,35.2669,-120.669
Minot,ND,48.2375,-101.278
North Highlands,CA,38.6713,-121.3721
Ocoee,FL,28.5796,-81.5332
Roswell,NM,33.373,-104.5294
Wilson,NC,35.7311,-77.9284
Wauwatosa,WI,43.0616,-88.0347
Glenview,IL,42.0825,-87.8214
Middletown,CT,41.5476,-72.6549
Oro Valley,AZ,32.4208,-110.9767
Brea,CA,33.9254,-117.8655
Rancho Santa Margarita,CA,33.6318,-117.5988
Roseville,MI,42.5074,-82.9369
Mentor,OH,41.6893,-81.3362
Winter Garden,FL,28.5421,-81.5967
Newark,CA,37.5201,-122.0307
East Providence,RI,41.8065,-71.3565
Goose Creek,SC,32.9927,-80.0055
La Mirada,CA,33.9025,-118.0093
Huntsville,TX,30.7009,-95.5567
Rowland Heights,CA,33.9716,-117.8912
Beavercreek,OH,39.731,-84.0624
Los Banos,CA,37.063,-120.8406
Prescott,AZ,34.5849,-112.4473
Gallatin,TN,36.3782,-86.4698
Olive Branch,MS,34.961,-89.8469
Attleboro,MA,41.9311,-71.295
Salina,KS,38.8136,-97.6143
Farmington,NM,36.7555,-108.1823
Whitney,NV,36.1008,-115.0379
Potomac,MD,39.0141,-77.1943
Urbandale,IA,41.639,-93.7812
Strongsville,OH,41.3128,-81.8313
Pahrump,NV,36.2235,-115.9974
Hackensack,NJ,40.8891,-74.0462
Wentzville,MO,38.8153,-90.8669
Plainfield,IL,41.6207,-88.2253
Haltom City,TX,32.8176,-97.2707
Altamonte Springs,FL,28.6615,-81.3953
Keller,TX,32.9335,-97.2256
Odenton,MD,39.0661,-76.6938
Ashburn,VA,39.0277,-77.4714
Elmhurst,IL,41.8973,-87.9432
East Lansing,MI,42.748,-84.4836
Brentwood,TN,35.9918,-86.7758
Sayreville,NJ,40.4656,-74.3237
Sierra Vista,AZ,31.563,-110.3153
Morgan Hill,CA,37.1325,-121.6419
Bountiful,UT,40.8721,-111.8647
Littleton,CO,39.5915,-105.0188
Pearl City,HI,21.4031,-157.9566
Lake Ridge,VA,38.6847,-77.3066
Shakopee,MN,44.7745,-93.4772
Palm Springs,CA,33.8017,-116.5382
Clermont,FL,28.5325,-81.7208
Riverton,UT,40.5176,-111.9636
The Colony,TX,33.0925,-96.8976
Mankato,MN,44.1715,-93.9772
West Lafayette,IN,40.4432,-86.9238
Moorhead,MN,46.8673,-96.7461
Cleveland Heights,OH,41.5113,-81.5636
North Lauderdale,FL,26.2113,-80.2209
Fairfield,OH,39.3301,-84.5409
Sicklerville,NJ,39.7452,-74.9934
Fond du Lac,WI,43.7718,-88.4397
Cutler Bay,FL,25.5765,-80.3356
Rohnert Park,CA,38.3479,-122.6965
Oakley,CA,37.9929,-121.6952
Salem,MA,42.5129,-70.9021
Concord,NH,43.2305,-71.5595
Wilkes-Barre,PA,41.2469,-75.876
North Fort Myers,FL,26.7244,-81.8485
El Centro,CA,32.7865,-115.5595
Freeport,NY,40.6515,-73.585
Saratoga Springs,UT,40.345,-111.9154
Oakland Park,FL,26.178,-80.1528
Columbia,TN,35.6238,-87.0484
Greenacres,FL,26.627,-80.1371
Hicksville,NY,40.7637,-73.5245
Lompoc,CA,34.6618,-120.4714
Trujillo Alto,PR,18.3599,-66.0096
Lombard,IL,41.8741,-88.0157
Spanish Fork,UT,40.1101,-111.6405
Linden,NJ,40.6251,-74.2383
Waxahachie,TX,32.4035,-96.8446
Pittsfield,MA,42.4517,-73.2605
Channelview,TX,29.7914,-95.1144
Ormond Beach,FL,29.2985,-81.1014
Newnan,GA,33.3767,-84.7761
Woodbridge,VA,38.6409,-77.258
Holly Springs,NC,35.6526,-78.8399
Danville,CA,37.8121,-121.9698
Burke,VA,38.7773,-77.2633
Huber Heights,OH,39.8595,-84.113
West Babylon,NY,40.7129,-73.3585
Delaware,OH,40.2851,-83.0741
Schertz,TX,29.565,-98.2535
North Miami Beach,FL,25.9302,-80.1659
Woonsocket,RI,42.001,-71.4993
Hollister,CA,36.8555,-121.3986
Campbell,CA,37.2802,-121.9539
Buffalo Grove,IL,42.1675,-87.9615
Edmonds,WA,47.8115,-122.3533
Catonsville,MD,39.2646,-76.7424
Manassas,VA,38.7479,-77.4838
Vineyard,CA,38.474,-121.324
Puyallup,WA,47.1793,-122.2902
San Bruno,CA,37.6256,-122.4313
Coachella,CA,33.6905,-116.143
Jefferson City,MO,38.5676,-92.1759
French Valley,CA,33.5999,-117.1069
Midland,MI,43.6241,-84.2319
Beverly,MA,42.5681,-70.8627
Mableton,GA,33.8133,-84.5655
Danville,VA,36.5831,-79.4088
Moline,IL,41.4821,-90.492
Bullhead City,AZ,35.1205,-114.5461
Peachtree Corners,GA,33.967,-84.232
Linton Hall,VA,38.7551,-77.575
Coppell,TX,32.9639,-96.9903
Annandale,VA,38.8324,-77.196
Lebanon,TN,36.204,-86.3481
Altadena,CA,34.1927,-118.1346
Land O' Lakes,FL,28.2075,-82.4476
Grove City,OH,39.8654,-83.069
Belleville,IL,38.5164,-89.99
Post Falls,ID,47.7213,-116.9384
Marion,IA,42.0451,-91.585
Fitchburg,MA,42.5912,-71.8156
Brookfield,WI,43.064,-88.1231
Coram,NY,40.8812,-73.0059
Princeton,FL,25.5396,-80.3971
Weslaco,TX,26.1599,-97.9877
Shelton,CT,41.306,-73.1383
Marlborough,MA,42.3494,-71.5468
Milton,GA,34.1353,-84.3139
Rancho Palos Verdes,CA,33.7554,-118.3634
Hallandale Beach,FL,25.9854,-80.1423
Woburn,MA,42.4869,-71.1543
Brighton,CO,39.9716,-104.7963
Indian Trail,NC,35.0699,-80.6452
Reynoldsburg,OH,39.9588,-82.7943
Romeoville,IL,41.6318,-88.0997
Maplewood,MN,44.9842,-93.0247
Lynnwood,WA,47.8284,-122.3033
Lancaster,OH,39.7248,-82.6049
Covington,KY,39.0334,-84.5166
Mount Juliet,TN,36.199,-86.5115
Friendswood,TX,29.511,-95.1981
Germantown,TN,35.0829,-89.7824
Lancaster,TX,32.5922,-96.7739
Annapolis,MD,38.9706,-76.5047
Meadow Woods,FL,28.3698,-81.3467
Westfield,MA,42.1382,-72.7561
Essex,MD,39.3021,-76.4449
Cedar Falls,IA,42.5195,-92.4536
Kearny,NJ,40.7528,-74.1202
Bartlett,IL,41.9804,-88.2071
Woodlawn,MD,39.3054,-76.7489
DeKalb,IL,41.9314,-88.7481
Pine Bluff,AR,34.2116,-92.0173
Crystal Lake,IL,42.2333,-88.3351
New Berlin,WI,42.9726,-88.1291
Lake Oswego,OR,45.4129,-122.7004
Findlay,OH,41.0469,-83.6379
Valley Stream,NY,40.6647,-73.7043
The Acreage,FL,26.774,-80.2779
Cottage Grove,MN,44.8161,-92.9274
Cape Girardeau,MO,37.3109,-89.5597
Plant City,FL,28.014,-82.1201
Culver City,CA,34.0058,-118.3968
Oviedo,FL,28.658,-81.1872
Hurst,TX,32.8353,-97.1809
Hobbs,NM,32.7281,-103.16
Duncanville,TX,32.646,-96.9127
Waipahu,HI,21.3859,-158.0101
Hutchinson,KS,38.0671,-97.9081
DeLand,FL,29.0225,-81.2875
Fort Lee,NJ,40.8509,-73.9713
Apache Junction,AZ,33.3985,-111.535
Rexburg,ID,43.8226,-111.7919
Lincoln Park,MI,42.2432,-83.1811
Lake Stevens,WA,48.0024,-122.0953
Severna Park,MD,39.087,-76.5687
Issaquah,WA,47.5439,-122.0471
Rosenberg,TX,29.5456,-95.8223
Chelsea,MA,42.3959,-71.0325
Lakewood Ranch,FL,27.4185,-82.3948
Carol Stream,IL,41.9181,-88.1307
Aventura,FL,25.9566,-80.1371
West Fargo,ND,46.8573,-96.9057
Bettendorf,IA,41.5657,-90.4765
Park Ridge,IL,42.0125,-87.8436
Greer,SC,34.933,-82.2313
Quincy,IL,39.9336,-91.3799
Grants Pass,OR,42.4333,-123.3317
Parkland,WA,47.1417,-122.4376
Royal Palm Beach,FL,26.7038,-80.2241
Warren,OH,41.239,-80.8174
Streamwood,IL,42.0209,-88.1779
Roy,UT,41.1714,-112.0485
Keizer,OR,45.0028,-123.0243
Owasso,OK,36.2878,-95.8311
Navarre,FL,30.4174,-86.8907
Peachtree City,GA,33.3942,-84.571
Menomonee Falls,WI,43.1487,-88.1227
La Vergne,TN,36.02,-86.5586
Prattville,AL,32.4597,-86.4573
Valrico,FL,27.9193,-82.2293
San Gabriel,CA,34.0949,-118.099
Clinton,MD,38.7499,-76.9063
Vestavia Hills,AL,33.4518,-86.7437
Bell Gardens,CA,33.9663,-118.155
Security-Widefield,CO,38.7489,-104.7142
Stanton,CA,33.8003,-117.9935
Westerville,OH,40.1241,-82.921
Wheeling,IL,42.1308,-87.924
Atlantic City,NJ,39.3797,-74.4527
Phenix City,AL,32.4585,-85.0253
Calexico,CA,32.6849,-115.4944
Winter Springs,FL,28.6889,-81.2703
Urbana,IL,40.1107,-88.1973
Mechanicsville,VA,37.6263,-77.3561
La Quinta,CA,33.6536,-116.2785
East Point,GA,33.6696,-84.4701
Georgetown,KY,38.2247,-84.5487
Clovis,NM,34.4376,-103.1923
Riviera Beach,FL,26.7813,-80.0741
Hot Springs,AR,34.4892,-93.0501
Sun City,AZ,33.6165,-112.2819
Adelanto,CA,34.5814,-117.4397
Northglenn,CO,39.9108,-104.9783
Portage,IN,41.5856,-87.1797
Holyoke,MA,42.2125,-72.6411
Lewiston,ME,44.0915,-70.1681
Tupelo,MS,34.2692,-88.7318
Montclair,CA,34.0715,-117.6981
Hilton Head Island,SC,32.1896,-80.7499
Winchester,NV,36.1365,-115.137
Rome,GA,34.2662,-85.1863
Central Islip,NY,40.7836,-73.1945
Fuquay-Varina,NC,35.5953,-78.7778
Evans,GA,33.5619,-82.1351
New Albany,IN,38.309,-85.8234
Bartlesville,OK,36.7365,-95.9456
Monrovia,CA,34.165,-117.9921
Pleasant Grove,UT,40.3716,-111.7412
Carpentersville,IL,42.1227,-88.2896
Pacifica,CA,37.6113,-122.4782
South Miami Heights,FL,25.5886,-80.3862
Oregon City,OR,45.3418,-122.5924
La Puente,CA,34.0323,-117.9533
Greenfield,WI,42.9619,-88.0052
Foothill Farms,CA,38.6867,-121.3475
Mission Bend,TX,29.6948,-95.6658
Tooele,UT,40.5393,-112.3082
Estero,FL,26.4276,-81.7951
Midlothian,TX,32.4669,-96.989
Cedar City,UT,37.6834,-113.0956
Leavenworth,KS,39.3239,-94.924
Copperas Cove,TX,31.1192,-97.914
Kearns,UT,40.6519,-112.0095
Tucker,GA,33.8436,-84.2024
Wildomar,CA,33.6173,-117.2582
Martinez,CA,37.9985,-122.1161
Hanover Park,IL,41.9818,-88.1446
Muskogee,OK,35.7432,-95.3567
Oakton,VA,38.8887,-77.3016
Rock Island,IL,41.4699,-90.5827
Richfield,MN,44.8763,-93.2829
La Presa,CA,32.711,-117.0027
South Valley,NM,35.0093,-106.6819
Kiryas Joel,NY,41.3411,-74.1667
Hilliard,OH,40.0353,-83.1578
Beloit,WI,42.523,-89.0184
Claremont,CA,34.1259,-117.7153
Oak Creek,WI,42.8803,-87.9009
Sun Prairie,WI,43.1825,-89.2362
Elmont,NY,40.7033,-73.7078
Commack,NY,40.8435,-73.2833
Merrillville,IN,41.4728,-87.3196
Upper Arlington,OH,40.0272,-83.0704
Woodstock,GA,34.1026,-84.5091
Douglasville,GA,33.7384,-84.7054
Farmers Branch,TX,32.9272,-96.8804
Socorro,TX,31.6383,-106.2601
La Porte,TX,29.6689,-95.0484
Dunedin,FL,28.0329,-82.7862
North Ridgeville,OH,41.3852,-82.0195
Olney,MD,39.1465,-77.0715
San Luis,AZ,32.4911,-114.7089
Richmond West,FL,25.6105,-80.4297
Randallstown,MD,39.3723,-76.8024
Moorpark,CA,34.2861,-118.8768
Benton,AR,34.5776,-92.5713
Kaneohe,HI,21.4062,-157.7904
Lauderdale Lakes,FL,26.1682,-80.2017
Windsor,CO,40.469,-104.9198
Roseville,MN,45.0155,-93.1545
El Mirage,AZ,33.5905,-112.3271
East Meadow,NY,40.7197,-73.5604
Parkland,FL,26.3219,-80.2533
Plainfield,IN,39.6954,-86.3716
Norristown,PA,40.1225,-75.3398
Inver Grove Heights,MN,44.8247,-93.0596
Marion,OH,40.5973,-83.1227
Franklin,WI,42.8854,-88.0104
Temple City,CA,34.1022,-118.0579
Midvale,UT,40.6148,-111.8927
Salisbury,NC,35.6658,-80.4905
Egypt Lake-Leto,FL,28.0177,-82.5062
San Juan,TX,26.1903,-98.152
Carrollwood,FL,28.0577,-82.5148
Owings Mills,MD,39.4115,-76.7913
Fruit Cove,FL,30.0972,-81.6175
Monroe,NC,35.0063,-80.5596
Richmond,IN,39.8318,-84.8905
Cookeville,TN,36.1482,-85.5109
Richmond,KY,37.7307,-84.2925
Kendall West,FL,25.7065,-80.4388
Torrington,CT,41.8349,-73.1282
Stockbridge,GA,33.5254,-84.2295
Springville,UT,40.1638,-111.6205
Fair Oaks,VA,38.8653,-77.3586
Addison,IL,41.9313,-88.0085
Oswego,IL,41.6834,-88.3372
Gahanna,OH,40.0251,-82.8637
American Fork,UT,40.3783,-111.7953
Brunswick,OH,41.2465,-81.8198
Hinesville,GA,31.8248,-81.6137
Watertown Town,MA,42.37,-71.1774
Calumet City,IL,41.6134,-87.5505
Orangevale,CA,38.6881,-121.2209
Wildwood,MO,38.58,-90.6698
Oakville,MO,38.4479,-90.3199
Chillum,MD,38.9666,-76.9791
Redmond,OR,44.2612,-121.181
Fair Lawn,NJ,40.9359,-74.1177
Mason,OH,39.3571,-84.3023
West Hollywood,CA,34.0883,-118.3719
Graham,WA,47.0322,-122.2827
Golden Glades,FL,25.9129,-80.2013
Sahuarita,AZ,31.9323,-110.9654
Prairieville,LA,30.3151,-90.9571
San Juan Capistrano,CA,33.5008,-117.6544
Pueblo West,CO,38.3465,-104.7246
Timberwood Park,TX,29.6995,-98.4838
Oildale,CA,35.4293,-119.0306
Butte,MT,45.902,-112.6571
University Place,WA,47.2147,-122.5461
Long Beach,NY,40.5887,-73.666
Merritt Island,FL,28.3139,-80.6708
University City,MO,38.6657,-90.3315
Northbrook,IL,42.1292,-87.8352
Del Rio,TX,29.3708,-100.8801
Canton,GA,34.2467,-84.4897
Manhattan Beach,CA,33.8894,-118.3967
Prosper,TX,33.2394,-96.8087
Manitowoc,WI,44.0991,-87.6812
Fairborn,OH,39.801,-84.0094
McMinnville,OR,45.211,-123.1918
Lewiston,ID,46.3934,-116.9933
Meridian,MS,32.3846,-88.6896
College Park,MD,38.996,-76.9337
Valparaiso,IN,41.4783,-87.0506
Goshen,IN,41.5743,-85.8309
Pleasant Hill,CA,37.9539,-122.0759
Spanaway,WA,47.0979,-122.4233
Stow,OH,41.1765,-81.4344
Westmont,CA,33.9417,-118.3018
Pikesville,MD,39.3893,-76.702
South Riding,VA,38.912,-77.5132
Cooper City,FL,26.0463,-80.2862
Montgomery Village,MD,39.1788,-77.1954
Dakota Ridge,CO,39.6192,-105.1344
Lufkin,TX,31.3217,-94.7277
New City,NY,41.1542,-73.9912
San Dimas,CA,34.1082,-117.809
Crown Point,IN,41.4143,-87.3457
Westlake,OH,41.4524,-81.9294
Kearney,NE,40.7011,-99.0833
Syracuse,UT,41.0859,-112.0698
Eastpointe,MI,42.4657,-82.9461
Weatherford,TX,32.7536,-97.7723
Woodridge,IL,41.737,-88.0409
Kingman,AZ,35.217,-114.0105
Leawood,KS,38.9075,-94.6258
Cibolo,TX,29.5634,-98.2115
Deer Park,TX,29.6898,-95.1151
Englewood,CO,39.6468,-104.9942
Walla Walla,WA,46.0671,-118.3368
Statesboro,GA,32.4375,-81.7751
Uniondale,NY,40.7176,-73.5947
Alabaster,AL,33.2198,-86.8225
Kennesaw,GA,34.026,-84.6177
Gadsden,AL,34.0086,-86.0157
Baldwin,NY,40.6511,-73.6075
Harker Heights,TX,31.0572,-97.6446
Goldsboro,NC,35.3778,-77.9717
Ken Caryl,CO,39.577,-105.1144
Petersburg,VA,37.2043,-77.3913
Huntington Station,NY,40.8446,-73.405
Gillette,WY,44.2752,-105.4982
Chester,PA,39.8456,-75.3718
West Little River,FL,25.8571,-80.2367
Helena,MT,46.5965,-112.0202
Bethel Park,PA,40.3238,-80.0364
Martinez,GA,33.5209,-82.0985
East Lake,FL,28.1206,-82.6868
Spring Valley,NY,41.1151,-74.0486
Cottonwood Heights,UT,40.6137,-111.8144
Cleburne,TX,32.3568,-97.4151
Foster City,CA,37.5553,-122.2659
Canyon Lake,TX,29.8761,-98.2611
Sherwood,AR,34.8507,-92.2029
Clearfield,UT,41.103,-112.0238
Dana Point,CA,33.4733,-117.6967
Rochester,NH,43.299,-70.9787
Glendale Heights,IL,41.9196,-88.0785
Kaysville,UT,41.029,-111.9456
Bell,CA,33.9801,-118.1798
Andover,MN,45.2571,-93.3265
Brooklyn Center,MN,45.0681,-93.3162
Desert Hot Springs,CA,33.955,-116.5429
Menlo Park,CA,37.4685,-122.1673
Los Gatos,CA,37.2304,-121.9562
St. Charles,IL,41.9193,-88.3109
Pasadena,MD,39.1552,-76.5537
Savage,MN,44.7545,-93.3632
Lathrop,CA,37.809,-121.3131
Goleta,CA,34.4361,-119.8594
Des Moines,WA,47.3914,-122.3156
Garner,NC,35.6936,-78.6181
Garfield,NJ,40.8791,-74.1085
Fallbrook,CA,33.3693,-117.2259
Florence,KY,38.9899,-84.6471
Aiken,SC,33.5303,-81.7271
Buenaventura Lakes,FL,28.3349,-81.3539
Spring Valley,CA,32.7317,-116.9766
Maryville,TN,35.7468,-83.9789
Hutto,TX,30.5396,-97.544
Long Branch,NJ,40.2965,-73.9915
Massillon,OH,40.7838,-81.5254
Wheat Ridge,CO,39.7728,-105.1028
O'Fallon,IL,38.5974,-89.9148
Elk Grove Village,IL,42.0064,-87.9921
Nacogdoches,TX,31.6134,-94.6528
Oak Ridge,TN,35.9639,-84.2938
North Olmsted,OH,41.4149,-81.919
Fair Oaks,CA,38.6504,-121.2496
Atwater,CA,37.3529,-120.5959
Cornelius,NC,35.4724,-80.8813
West Odessa,TX,31.8389,-102.5003
Juneau,AK,58.4546,-134.1739
Duluth,GA,34.0053,-84.1492
Beverly Hills,CA,34.0786,-118.4021
Opelika,AL,32.6612,-85.3769
Milford Mill,MD,39.3444,-76.7668
Pullman,WA,46.7336,-117.168
Erie,CO,40.0404,-105.0399
Oceanside,NY,40.6328,-73.6364
Marrero,LA,29.8871,-90.1126
Laramie,WY,41.3099,-105.6085
Carlsbad,NM,32.401,-104.2388
Pekin,IL,40.5678,-89.6251
Sun City Center,FL,27.715,-82.3569
Rome,NY,43.226,-75.4909
Ithaca,NY,42.4442,-76.5032
Seguin,TX,29.5891,-97.9676
San Pablo,CA,37.9629,-122.3426
Dania Beach,FL,26.0593,-80.1637
Lake Magdalene,FL,28.0875,-82.4791
West Bend,WI,43.4173,-88.1818
Bethany,OR,45.5614,-122.837
Bangor,ME,44.8323,-68.7906
Naugatuck,CT,41.489,-73.0518
Mundelein,IL,42.2693,-88.0102
Nicholasville,KY,37.8906,-84.5668
Middle River,MD,39.3436,-76.4253
Bel Air North,MD,39.5543,-76.3732
Fitchburg,WI,42.9859,-89.4255
New Bern,NC,35.0955,-77.0723
Lakeside,FL,30.1356,-81.7674
Shawnee,OK,35.3531,-96.9647
Centereach,NY,40.8681,-73.0821
Eagle,ID,43.7223,-116.3866
LaGrange,GA,33.0274,-85.0384
Zionsville,IN,39.9897,-86.3182
Bluffton,SC,32.2135,-80.9316
Orcutt,CA,34.8691,-120.4222
Bay Shore,NY,40.7288,-73.2495
Sterling,VA,39.0052,-77.405
Holladay,UT,40.66,-111.8226
New Smyrna Beach,FL,29.0249,-80.9652
Santa Paula,CA,34.3545,-119.0656
Port Chester,NY,41.0051,-73.668
Haines City,FL,28.1102,-81.6157
SeaTac,WA,47.4444,-122.2986
Lawndale,CA,33.8884,-118.3531
Alamogordo,NM,32.8837,-105.9625
Southlake,TX,32.9545,-97.1503
North Royalton,OH,41.3138,-81.745
Hopkinsville,KY,36.8381,-87.4775
Northport,AL,33.2586,-87.5993
Bella Vista,AR,36.4667,-94.2707
Laguna Hills,CA,33.5918,-117.6991
Springfield,VA,38.781,-77.1839
Ballwin,MO,38.595,-90.55
Sanford,NC,35.4875,-79.177
La Verne,CA,34.1207,-117.7703
North Chicago,IL,42.3172,-87.8595
Westfield,NJ,40.6516,-74.3432
Oakleaf Plantation,FL,30.1689,-81.8337
Los Altos,CA,37.3684,-122.0965
Miami Lakes,FL,25.9125,-80.3214
Washington,UT,37.1303,-113.4878
Banning,CA,33.946,-116.8992
West Falls Church,VA,38.8648,-77.1878
Lawrenceville,GA,33.9523,-83.9932
Eldersburg,MD,39.4041,-76.9528
Franklin Square,NY,40.7002,-73.6775
Burlingame,CA,37.5859,-122.3667
Gurnee,IL,42.3708,-87.9392
Morrisville,NC,35.8368,-78.8348
Ferry Pass,FL,30.5205,-87.1899
Princeton,NJ,40.3562,-74.6693
Liberty,MO,39.2394,-94.4191
Redan,GA,33.7394,-84.1644
Parkville,MD,39.3832,-76.5519
Chamblee,GA,33.8842,-84.3007
North Tonawanda,NY,43.0457,-78.8659
Saratoga,CA,37.2684,-122.0263
Brownsburg,IN,39.8337,-86.383
Newark,DE,39.6776,-75.7576
Granger,IN,41.7374,-86.1348
Niles,IL,42.0278,-87.8099
Highland Park,IL,42.1823,-87.8104
Middletown,NY,41.4459,-74.4236
Austintown,OH,41.0932,-80.7405
Summerlin South,NV,36.1242,-115.3324
Ruskin,FL,27.7065,-82.4209
McDonough,GA,33.4397,-84.1505
Bowling Green,OH,41.3776,-83.6495
Drexel Hill,PA,39.9495,-75.3038
Matthews,NC,35.1195,-80.7101
Fridley,MN,45.0841,-93.2595
Paragould,AR,36.0555,-90.5149
Greenville,TX,33.1116,-96.1099
Winter Park,FL,28.5989,-81.3442
Algonquin,IL,42.1629,-88.3159
Hazleton,PA,40.9505,-75.9725
Crofton,MD,39.0144,-76.68
Gloucester,MA,42.626,-70.6897
San Carlos,CA,37.4982,-122.2677
Monterey,CA,36.5919,-121.8808
Rahway,NJ,40.6077,-74.2807
Atascadero,CA,35.4827,-120.6858
Orchards,WA,45.689,-122.5306
Galesburg,IL,40.9506,-90.3763
Hobart,IN,41.514,-87.2729
Schererville,IN,41.4861,-87.4442
Central,LA,30.5593,-91.0369
Laurel,MD,39.0949,-76.8622
Raytown,MO,38.9944,-94.4641
Anderson,SC,34.5211,-82.6478
Southgate,MI,42.2047,-83.2057
Burton,MI,42.9974,-83.6175
Melrose,MA,42.4556,-71.059
Magna,UT,40.7634,-112.1599
Casselberry,FL,28.6624,-81.3217
San Lorenzo,CA,37.6733,-122.1332
Eastern Goleta Valley,CA,34.4448,-119.7879
Bixby,OK,35.9454,-95.8776
Oak Park,MI,42.4649,-83.1824
Garfield Heights,OH,41.4199,-81.6038
Vero Beach South,FL,27.6132,-80.4163
Fleming Island,FL,30.0988,-81.7124
Texarkana,AR,33.436,-93.9959
Englewood,NJ,40.8917,-73.9736
Fountain,CO,38.6886,-104.6829
Kirkwood,MO,38.5788,-90.4203
Jacksonville,AR,34.8807,-92.1304
Harrison,NY,41.0236,-73.7193
Clarksburg,MD,39.2246,-77.2659
Suisun City,CA,38.2473,-122.0091
Statesville,NC,35.7842,-80.8713
East Palo Alto,CA,37.4671,-122.1352
Mehlville,MO,38.5018,-90.3149
Easton,PA,40.6858,-75.2209
Sachse,TX,32.9726,-96.5793
East Lake-Orient Park,FL,27.997,-82.3653
Russellville,AR,35.2762,-93.1383
Independence,KY,38.951,-84.5492
Shaker Heights,OH,41.4744,-81.5496
Enterprise,AL,31.3275,-85.8463
Jeffersontown,KY,38.2049,-85.5701
Perry Hall,MD,39.4068,-76.478
Lake in the Hills,IL,42.1913,-88.3477
Greenville,MS,33.385,-91.0514
Burbank,IL,41.7444,-87.7686
Golden Gate,FL,26.1844,-81.7031
Converse,TX,29.5091,-98.3084
Twentynine Palms,CA,34.1478,-116.0659
Daphne,AL,30.6263,-87.8816
Danville,IL,40.1426,-87.6111
Northampton,MA,42.3266,-72.6745
Carney,MD,39.405,-76.5235
East Niles,CA,35.3683,-118.9225
Temescal Valley,CA,33.7581,-117.4677
Forest Hills,MI,42.9577,-85.4895
Laplace,LA,30.0731,-90.4758
Frankfort,KY,38.1924,-84.8643
Lansing,IL,41.5648,-87.5462
Madison Heights,MI,42.5073,-83.1034
Jamestown,NY,42.0976,-79.2367
Monroeville,PA,40.4262,-79.7605
Apollo Beach,FL,27.7618,-82.4003
Aberdeen,SD,45.4649,-98.4686
Fort Mill,SC,35.0061,-80.9389
Rockledge,FL,28.3203,-80.736
Glen Ellyn,IL,41.8666,-88.0629
Bergenfield,NJ,40.9236,-73.9982
Fortuna Foothills,AZ,32.6616,-114.3974
Forney,TX,32.744,-96.4529
Eagle Pass,TX,28.7125,-100.484
Short Pump,VA,37.6549,-77.6201
Citrus Park,FL,28.073,-82.5628
Chaska,MN,44.8164,-93.6091
Ridgecrest,CA,35.6308,-117.6622
Allen Park,MI,42.2595,-83.2107
Maple Valley,WA,47.3659,-122.0368
Oakdale,MN,44.9876,-92.9641
Glen Cove,NY,40.8709,-73.6287
Ramsey,MN,45.2617,-93.4494
Crestview,FL,30.7477,-86.5785
Clayton,NC,35.659,-78.4498
Tysons,VA,38.9215,-77.2273
Henderson,KY,37.8397,-87.5798
Maryland Heights,MO,38.7189,-90.4749
Williston,ND,48.1814,-103.6364
New Iberia,LA,30.0049,-91.8202
Lake Jackson,TX,29.0516,-95.4521
Huntley,IL,42.1599,-88.433
Walnut,CA,34.0334,-117.8593
Prior Lake,MN,44.7246,-93.4419
Hamtramck,MI,42.3954,-83.0559
Shirley,NY,40.7936,-72.8748
Monsey,NY,41.1181,-74.0682
Garden City,KS,37.9753,-100.8527
Madison,MS,32.4738,-90.13
McHenry,IL,42.3387,-88.2932
Reisterstown,MD,39.455,-76.814
South Laurel,MD,39.0603,-76.8456
Tualatin,OR,45.3772,-122.7748
Alvin,TX,29.3872,-95.2938
Homewood,AL,33.4619,-86.809
Mount Pleasant,WI,42.7129,-87.8876
Dodge City,KS,37.7611,-100.0182
West Melbourne,FL,28.0694,-80.6736
Drexel Heights,AZ,32.1453,-111.048
Williamsport,PA,41.2399,-77.037
Lochearn,MD,39.3461,-76.7307
Silver Springs Shores,FL,29.1126,-82.0149
Ilchester,MD,39.2187,-76.7683
Wilmette,IL,42.0771,-87.7282
Belmont,CA,37.5154,-122.2953
Mililani Town,HI,21.4465,-158.0147
Marshalltown,IA,42.0343,-92.9068
Lemon Grove,CA,32.7331,-117.0344
Athens,AL,34.7843,-86.9503
Pearl,MS,32.273,-90.0918
New Lenox,IL,41.5095,-87.9703
Kernersville,NC,36.1065,-80.0842
Millville,NJ,39.3903,-75.0561
Clinton,MS,32.354,-90.3403
Neenah,WI,44.1669,-88.4767
Marion,IN,40.5497,-85.6604
Green,OH,40.9483,-81.4757
Asheboro,NC,35.7158,-79.8127
Deer Park,NY,40.7623,-73.3218
Fremont,NE,41.4395,-96.4873
Union City,GA,33.5942,-84.5629
Thomasville,NC,35.8813,-80.0807
Pooler,GA,32.1043,-81.2569
Wright,FL,30.4445,-86.6419
New London,CT,41.3502,-72.1022
Kent,OH,41.149,-81.361
Balch Springs,TX,32.7194,-96.6151
Celina,TX,33.3154,-96.7941
Mason City,IA,43.1487,-93.1997
Lindenhurst,NY,40.6858,-73.371
Gladstone,MO,39.2134,-94.5592
Kahului,HI,20.8715,-156.4603
West Linn,OR,45.367,-122.6399
Carrollton,GA,33.5818,-85.0838
Lemoore,CA,36.2949,-119.7983
Wooster,OH,40.8172,-81.9336
Sun City West,AZ,33.6695,-112.3573
Fulshear,TX,29.693,-95.8804
Waukee,IA,41.5985,-93.8869
Mint Hill,NC,35.1783,-80.6528
Chicago Heights,IL,41.51,-87.6345
Brawley,CA,32.9783,-115.5287
Temple Terrace,FL,28.0436,-82.3773
Leisure City,FL,25.4935,-80.4363
Garden City,MI,42.3244,-83.3412
Paducah,KY,37.0711,-88.644
Oak Forest,IL,41.6054,-87.7527
Plum,PA,40.5024,-79.7495
Palm Springs,FL,26.6348,-80.0969
Benicia,CA,38.0725,-122.1526
Woodburn,OR,45.1472,-122.8603
Kalispell,MT,48.2153,-114.3274
South Portland,ME,43.631,-70.2895
Camas,WA,45.6005,-122.4304
Vernon Hills,IL,42.234,-87.9608
Ewa Gentry,HI,21.3344,-158.0262
Cabot,AR,34.9766,-92.0274
Lutz,FL,28.1396,-82.4467
Batavia,IL,41.8479,-88.3109
Shoreview,MN,45.0842,-93.1358
Keystone,FL,28.1312,-82.5999
Palm River-Clair Mel,FL,27.9239,-82.3791
Troy,OH,40.0437,-84.2186
Wheeling,WV,40.0752,-80.6951
Granite City,IL,38.7296,-90.1268
Horn Lake,MS,34.9512,-90.0501
West Islip,NY,40.7041,-73.2954
Superior,WI,46.6941,-92.0823
Edwardsville,IL,38.7922,-89.9874
Marysville,OH,40.2279,-83.3595
Jenks,OK,35.9981,-95.9736
Tumwater,WA,46.9891,-122.9175
Sanger,CA,36.699,-119.5575
Rosemount,MN,44.7466,-93.0661
Paramus,NJ,40.9455,-74.0712
Auburn,NY,42.9338,-76.5685
Venice,FL,27.1184,-82.4137
Owatonna,MN,44.0912,-93.2312
Forest Grove,OR,45.5243,-123.1097
Carolina Forest,SC,33.7651,-78.913
Elk River,MN,45.3314,-93.567
Elmira,NY,42.0938,-76.8097
Woodstock,IL,42.3096,-88.4353
Leland,NC,34.2042,-78.0279
Eureka,CA,40.7943,-124.1564
South Pasadena,CA,34.1103,-118.1573
South Salt Lake,UT,40.7057,-111.8986
Holbrook,NY,40.7944,-73.07
Plainview,NY,40.7832,-73.4732
Hercules,CA,38.0064,-122.2564
Lockport,IL,41.5906,-88.0293
Wasco,CA,35.5938,-119.3671
Wilsonville,OR,45.3109,-122.7702
Elkridge,MD,39.1941,-76.7428
Fairland,MD,39.0803,-76.9527
Trussville,AL,33.6405,-86.5815
Windsor,CA,38.5422,-122.8089
Austin,MN,43.6721,-92.9784
East Chicago,IN,41.6469,-87.4545
Ives Estates,FL,25.9632,-80.183
Oxford,MS,34.3627,-89.5336
Conway,SC,33.8401,-79.0431
Ridgewood,NJ,40.9821,-74.1127
Medina,OH,41.1358,-81.8695
North Tustin,CA,33.7636,-117.7947
Cave Spring,VA,37.2254,-80.0072
Chanhassen,MN,44.8546,-93.5621
Franklin,IN,39.4948,-86.0544
Winona,MN,44.0505,-91.6684
Norfolk,NE,42.0324,-97.4217
Florence,AZ,33.059,-111.4209
Kuna,ID,43.488,-116.3933
Lodi,NJ,40.8784,-74.0814
Fish Hawk,FL,27.8511,-82.2164
Colleyville,TX,32.8913,-97.1486
Imperial Beach,CA,32.5693,-117.118
Moscow,ID,46.7308,-116.9986
Ballenger Creek,MD,39.3807,-77.4206
Terrytown,LA,29.9014,-90.0279
Fort Washington,MD,38.7339,-77.0069
Key West,FL,24.5642,-81.7775
Grandview,MO,38.8802,-94.5227
Derby,KS,37.5571,-97.2551
Fort Hood,TX,31.1357,-97.7834
El Cerrito,CA,37.9196,-122.3025
Rockville Centre,NY,40.6643,-73.6383
Staunton,VA,38.1593,-79.0611
Sebastian,FL,27.7822,-80.4819
Allendale,MI,42.9845,-85.9499
Palm City,FL,27.1735,-80.2862
Columbine,CO,39.5879,-105.0694
Medford,NY,40.822,-72.9859
Galt,CA,38.2698,-121.3004
Bessemer,AL,33.3712,-86.9728
Pace,FL,30.6188,-87.1667
Immokalee,FL,26.4253,-81.4251
Newberg,OR,45.3075,-122.9601
Starkville,MS,33.4608,-88.8297
Inkster,MI,42.2935,-83.3148
Moses Lake,WA,47.1279,-119.2759
South Bradenton,FL,27.4612,-82.5822
Nocatee,FL,30.0927,-81.4095
Cliffside Park,NJ,40.8222,-73.9879
Happy Valley,OR,45.4358,-122.5081
Xenia,OH,39.6829,-83.9413
Tarpon Springs,FL,28.1493,-82.7623
Okemos,MI,42.7057,-84.4135
Stevens Point,WI,44.5241,-89.5507
Peekskill,NY,41.2884,-73.9227
Salem,VA,37.2864,-80.0555
Mill Creek East,WA,47.8361,-122.1877
West Whittier-Los Nietos,CA,33.9759,-118.0689
Bailey's Crossroads,VA,38.8477,-77.1305
Avon Lake,OH,41.4944,-82.0159
Reedley,CA,36.5988,-119.4471
West Chicago,IL,41.896,-88.2253
Northdale,FL,28.1058,-82.5263
De Pere,WI,44.4308,-88.0785
Ottumwa,IA,41.0195,-92.4186
Brandon,MS,32.2778,-89.9896
Denison,TX,33.7672,-96.5808
Corsicana,TX,32.0824,-96.4665
Caledonia,WI,42.7986,-87.8762
Sugar Hill,GA,34.108,-84.0558
Mercer Island,WA,47.5661,-122.232
Lafayette,CA,37.8919,-122.1189
Holt,MI,42.6416,-84.5308
Mequon,WI,43.2352,-87.9839
Dickinson,ND,46.8918,-102.7925
Hazelwood,MO,38.7931,-90.3899
Norco,CA,33.9252,-117.5498
North Laurel,MD,39.1285,-76.8476
Walker,MI,42.9853,-85.7446
Dinuba,CA,36.5453,-119.3987
Barstow,CA,34.8661,-117.0471
Carteret,NJ,40.5849,-74.2284
Edgewood,MD,39.419,-76.2964
Muskego,WI,42.886,-88.1291
Simpsonville,SC,34.7287,-82.2569
Mountain House,CA,37.7673,-121.5449
University Park,TX,32.8506,-96.7937
Avon,OH,41.4485,-82.0187
Perrysburg,OH,41.5377,-83.6413
Kingsville,TX,27.5094,-97.861
Bellview,FL,30.462,-87.312
Dix Hills,NY,40.8033,-73.3375
Newport,RI,41.4801,-71.3203
King of Prussia,PA,40.0963,-75.3821
Loma Linda,CA,34.045,-117.2498
Hastings,NE,40.5961,-98.39
Norton Shores,MI,43.1621,-86.2519
Barberton,OH,41.0095,-81.6037
Romulus,MI,42.2237,-83.366
Farmington,UT,40.9845,-111.9065
North Augusta,SC,33.5214,-81.9547
Auburn Hills,MI,42.6735,-83.2448
Riverbank,CA,37.726,-120.9433
Seal Beach,CA,33.7542,-118.0714
Westchase,FL,28.0597,-82.611
Centerville,OH,39.6339,-84.1449
Yukon,OK,35.5201,-97.7639
Pecan Grove,TX,29.6235,-95.733
Fort Dodge,IA,42.5098,-94.1751
Big Spring,TX,32.2389,-101.4799
Ardmore,OK,34.1949,-97.1256
Sandusky,OH,41.4468,-82.7024
Zanesville,OH,39.9565,-82.0132
Morton Grove,IL,42.0423,-87.789
Paris,TX,33.6688,-95.546
San Benito,TX,26.1298,-97.644
Suitland,MD,38.8492,-76.9225
Cloverleaf,TX,29.7882,-95.1724
Socastee,SC,33.6871,-79.0086
Belton,MO,38.8192,-94.5335
Port St. John,FL,28.4757,-80.8104
Bainbridge Island,WA,47.6439,-122.5434
Maywood,CA,33.9886,-118.1877
Wyandotte,MI,42.2113,-83.1558
Selma,CA,36.5715,-119.6143
Watertown,NY,43.9734,-75.9094
Greenbelt,MD,38.9953,-76.8885
Landover,MD,38.9241,-76.8875
Ridgeland,MS,32.4236,-90.1481
Kerrville,TX,30.0398,-99.132
Herndon,VA,38.9699,-77.3867
Homer Glen,IL,41.6043,-87.9497
Melrose Park,IL,41.903,-87.8636
Belvidere,IL,42.2543,-88.8649
Pelham,AL,33.3114,-86.7573
World Golf Village,FL,29.9654,-81.4896
Fairfax,VA,38.8531,-77.2997
Soledad,CA,36.4432,-121.3426
Decatur,GA,33.7711,-84.2963
Saginaw,TX,32.8657,-97.3654
Zion,IL,42.4603,-87.8511
Faribault,MN,44.2996,-93.2789
Riverside,OH,39.7835,-84.1219
Benbrook,TX,32.6788,-97.4637
Clinton,IA,41.8435,-90.2412
Oak Harbor,WA,48.2964,-122.6333
Oak Ridge,FL,28.4727,-81.4169
Ponca City,OK,36.7235,-97.0677
Bloomington,CA,34.0601,-117.4013
Farragut,TN,35.8731,-84.1821
Greenfield,IN,39.7937,-85.7738
Patterson,CA,37.4758,-121.1536
Wadsworth,OH,41.0279,-81.7323
Auburn,ME,44.0851,-70.2492
Mandan,ND,46.829,-100.887
Palmetto Bay,FL,25.6219,-80.3221
South Plainfield,NJ,40.5748,-74.4152
Frederickson,WA,47.0916,-122.3603
Westmont,IL,41.7948,-87.9742
Johnston,IA,41.691,-93.7234
Columbus,NE,41.4366,-97.3565
Liberty Triangle,FL,29.076,-82.2191
West Memphis,AR,35.153,-90.1996
Lexington,SC,33.989,-81.2202
Nixa,MO,37.0453,-93.2959
Collinsville,IL,38.677,-90.0063
Shelbyville,TN,35.4987,-86.4517
Wekiwa Springs,FL,28.6984,-81.4251
Emporia,KS,38.4028,-96.1932
Fresno,TX,29.5357,-95.4696
Middletown,DE,39.445,-75.7183
Bay Point,CA,38.0329,-121.9615
Papillion,NE,41.1511,-96.0665
Coral Terrace,FL,25.7464,-80.3049
White Bear Lake,MN,45.0656,-93.015
Gardner,KS,38.8122,-94.9275
Brambleton,VA,38.9803,-77.5323
North Potomac,MD,39.0955,-77.2373
South Elgin,IL,41.9906,-88.3135
Elmwood Park,IL,41.9225,-87.8163
Rolling Meadows,IL,42.0747,-88.0252
Bloomingdale,FL,27.8784,-82.2624
Solon,OH,41.3865,-81.44
Kingston,NY,41.9295,-73.9968
Easley,SC,34.8188,-82.5827
Willoughby,OH,41.6459,-81.4084
Katy,TX,29.7905,-95.8353
Arnold,MD,39.0437,-76.4974
Somerset,NJ,40.5083,-74.501
Raymore,MO,38.8029,-94.4583
Pickerington,OH,39.889,-82.7678
Burlington,IA,40.8071,-91.1247
Bayonet Point,FL,28.3254,-82.6834
Roseburg,OR,43.2231,-123.352
Webster Groves,MO,38.5866,-90.3544
Belton,TX,31.0525,-97.479
Fountain Hills,AZ,33.6073,-111.7398
Highland,IN,41.5483,-87.4588
Chantilly,VA,38.8868,-77.4453
Munster,IN,41.5468,-87.504
San Fernando,CA,34.2886,-118.4362
Brookings,SD,44.3022,-96.7859
Taylors,SC,34.9157,-82.3124
Farmington,MN,44.6572,-93.1687
North Lynnwood,WA,47.8533,-122.2762
Griffin,GA,33.2418,-84.2748
Marshall,TX,32.537,-94.3515
Freeport,IL,42.2891,-89.6346
Fernley,NV,39.5627,-119.1906
Cartersville,GA,34.1644,-84.8009
Columbus,MS,33.5088,-88.4096
Ladera Ranch,CA,33.5492,-117.6417
Jacksonville Beach,FL,30.2782,-81.4045
Kenmore,WA,47.7516,-122.2489
Eustis,FL,28.8563,-81.6771
Muscatine,IA,41.4195,-91.068
Van Buren,AR,35.4483,-94.3528
East San Gabriel,CA,34.1157,-118.0791
Chester,VA,37.3531,-77.4342
Clinton,UT,41.1395,-112.0656
Eastmont,WA,47.8968,-122.1818
Champlin,MN,45.1702,-93.3903
Rosemont,CA,38.5478,-121.3553
Cherry Hill,VA,38.5696,-77.2895
Brent,FL,30.4727,-87.2495
Blue Island,IL,41.6578,-87.6811
Lisle,IL,41.7918,-88.0888
Pottstown,PA,40.2508,-75.6445
Glassboro,NJ,39.7014,-75.1113
Fairhope,AL,30.5209,-87.8813
Maple Heights,OH,41.4094,-81.5625
Watauga,TX,32.8719,-97.2515
Copiague,NY,40.6707,-73.3922
Edgewater,FL,28.9594,-80.9406
Waverly,MI,42.7401,-84.6354
Union Hill-Novelty Hill,WA,47.6788,-122.0284
Cockeysville,MD,39.4804,-76.6294
North Salt Lake,UT,40.8439,-111.9187
Rock Springs,WY,41.5947,-109.2209
Linda,CA,39.1241,-121.5421
Athens,OH,39.327,-82.0987
Loves Park,IL,42.3364,-88.9975
Maywood,IL,41.8798,-87.8442
Cottage Lake,WA,47.7466,-122.0755
Oakdale,CA,37.7618,-120.8468
Jasmine Estates,FL,28.293,-82.6907
Searcy,AR,35.2418,-91.7351
Hazel Dell,WA,45.6797,-122.6553
Horizon City,TX,31.6799,-106.1903
Trotwood,OH,39.7926,-84.3165
Ensley,FL,30.5259,-87.2733
Kapolei,HI,21.3399,-158.0677
North Platte,NE,41.1263,-100.7641
Hudson,OH,41.2399,-81.4408
Radcliff,KY,37.8204,-85.9365
Hopewell,VA,37.2915,-77.2985
Prairie Village,KS,38.9874,-94.6362
Keene,NH,42.9494,-72.2998
West Springfield,VA,38.7771,-77.2268
New Brighton,MN,45.0658,-93.206
Watertown,WI,43.1893,-88.7285
Duncan,OK,34.5408,-97.9215
Calabasas,CA,34.1375,-118.6689
Corinth,TX,33.1434,-97.0682
Garden City,NY,40.7266,-73.6447
Watertown,SD,44.9094,-97.1532
Coralville,IA,41.699,-91.5967
Ramona,CA,33.0474,-116.8766
Christiansburg,VA,37.1406,-80.4036
Ashland,CA,37.6942,-122.1159
Laguna Beach,CA,33.5455,-117.7613
Bonney Lake,WA,47.1791,-122.17
Catano,PR,18.4375,-66.144
Machesney Park,IL,42.3666,-89.0266
Martha Lake,WA,47.8479,-122.2327
Roselle,IL,41.9809,-88.0861
Vega Baja,PR,18.4406,-66.3997
Sun Valley,NV,39.6104,-119.777
Crystal,MN,45.0377,-93.3599
Avon,IN,39.7601,-86.3916
North Plainfield,NJ,40.6209,-74.4386
Hialeah Gardens,FL,25.8878,-80.3569
Corcoran,CA,36.0841,-119.5613
Anthem,AZ,33.856,-112.1168
Bear,DE,39.6189,-75.6808
DeBary,FL,28.8815,-81.324
Millbrae,CA,37.5994,-122.4023
Albertville,AL,34.2633,-86.2108
Waynesboro,VA,38.0674,-78.9014
Kihei,HI,20.7653,-156.4454
West Rancho Dominguez,CA,33.9057,-118.2683
Greenwood,SC,34.1947,-82.1542
Summit,NJ,40.7154,-74.3647
East Peoria,IL,40.6736,-89.5419
Central Falls,RI,41.8901,-71.3934
Biddeford,ME,43.4673,-70.4511
Villa Park,IL,41.8865,-87.9779
Roselle,NJ,40.6527,-74.2599
McNair,VA,38.9513,-77.4115
Chalmette,LA,29.9438,-89.966
Junction City,KS,39.0277,-96.8508
Bloomingdale,IL,41.9497,-88.0895
Acworth,GA,34.0566,-84.6716
The Crossings,FL,25.6708,-80.4018
Yorkville,IL,41.6563,-88.4507
Foley,AL,30.3983,-87.665
Cudahy,CA,33.9631,-118.183
Marina,CA,36.681,-121.7892
Hayesville,OR,44.9793,-122.9738
Hillsborough,NJ,40.5069,-74.6523
Marion Oaks,FL,29.0011,-82.1953
Montclair,VA,38.6111,-77.34
Sapulpa,OK,36.0091,-96.1003
Evans,CO,40.366,-104.739
Rancho San Diego,CA,32.7624,-116.9197
Perry,GA,32.472,-83.7283
Middleton,WI,43.1064,-89.5059
Ruston,LA,32.5328,-92.6363
Payson,UT,40.0355,-111.739
West Puente Valley,CA,34.0513,-117.9681
Camp Springs,MD,38.8052,-76.9199
Mountain Brook,AL,33.4871,-86.74
Bayou Cane,LA,29.6243,-90.751
La Porte,IN,41.6069,-86.7142
Sunny Isles Beach,FL,25.9385,-80.1246
Clarksville,IN,38.322,-85.7673
Allison Park,PA,40.573,-79.9603
Sanford,ME,43.4244,-70.7573
Oxford,OH,39.5061,-84.7446
Oxford,AL,33.5967,-85.8687
Langley Park,MD,38.9897,-76.9808
Chambersburg,PA,39.9315,-77.6556
Hastings,MN,44.7318,-92.8538
East Ridge,TN,34.9973,-85.2285
Columbia Heights,MN,45.0484,-93.2472
Winter Gardens,CA,32.8376,-116.9268
Mililani Mauka,HI,21.4756,-157.9948
Lorton,VA,38.6983,-77.2164
Chillicothe,OH,39.3393,-82.9939
Ozark,MO,37.0365,-93.2158
Golden Valley,MN,44.9901,-93.3591
Duarte,CA,34.161,-117.9504
West Carson,CA,33.8229,-118.2931
Klamath Falls,OR,42.2195,-121.7754
Parsippany,NJ,40.8645,-74.4135
Sedalia,MO,38.7059,-93.234
Shelby,NC,35.2904,-81.5451
Darien,IL,41.7448,-87.9822
Lino Lakes,MN,45.1679,-93.083
Woodlawn,VA,38.7332,-77.1149
Massapequa,NY,40.6676,-73.4706
Merrick,NY,40.6515,-73.5535
Carbondale,IL,37.7221,-89.2237
Pascagoula,MS,30.3666,-88.5506
Suwanee,GA,34.0508,-84.0686
Rio Rico,AZ,31.4957,-110.9885
Silver Firs,WA,47.8635,-122.1497
Lakeside,CA,32.856,-116.904
Four Square Mile,CO,39.6808,-104.888
Holiday,FL,28.1864,-82.7429
Yucca Valley,CA,34.1234,-116.4216
New Castle,PA,40.9956,-80.3458
Harvey,LA,29.8876,-90.0666
Selden,NY,40.8714,-73.0466
American Canyon,CA,38.1796,-122.2583
Port Hueneme,CA,34.1618,-119.2036
Hurricane,UT,37.1487,-113.3517
Willowbrook,CA,33.9209,-118.2356
St. John,IN,41.4429,-87.4697
Valinda,CA,34.04,-117.93
Birmingham,MI,42.5446,-83.2166
Dickinson,TX,29.4548,-95.0589
South Euclid,OH,41.524,-81.5245
Green Valley,AZ,31.8393,-111.0009
Alliance,OH,40.9107,-81.1189
Clemmons,NC,36.0319,-80.3861
Waxhaw,NC,34.9363,-80.7439
Del City,OK,35.4483,-97.4408
Ennis,TX,32.3254,-96.6347
Seymour,IN,38.9476,-85.8911
Lindenwold,NJ,39.8173,-74.9898
Florida Ridge,FL,27.5805,-80.3848
Pleasant Prairie,WI,42.5266,-87.8895
Rocky River,OH,41.4702,-81.8525
Rose Hill,VA,38.7872,-77.1085
Tukwila,WA,47.475,-122.2728
North Ogden,UT,41.3123,-111.9584
Helena,AL,33.2837,-86.8791
Five Corners,WA,45.6883,-122.5738
Secaucus,NJ,40.781,-74.0659
Mount Pleasant,MI,43.5966,-84.7759
Mountlake Terrace,WA,47.7921,-122.3077
Ashland,KY,38.4592,-82.6448
New Hope,MN,45.0375,-93.3869
Granite Bay,CA,38.7601,-121.1714
East Patchogue,NY,40.7704,-72.9817
Otsego,MN,45.266,-93.6201
Stephenville,TX,32.2147,-98.2205
Ashland,OR,42.1905,-122.6992
Carlisle,PA,40.2,-77.2034
Gallup,NM,35.5182,-108.7431
South Lake Tahoe,CA,38.9393,-119.9828
Stevenson Ranch,CA,34.3894,-118.5883
Candler-McAfee,GA,33.7267,-84.2723
Mesquite,NV,36.8032,-114.133
Mukilteo,WA,47.9096,-122.3035
Geneva,IL,41.8833,-88.3242
Battle Ground,WA,45.7766,-122.5413
Mustang,OK,35.3917,-97.7246
Elmwood Park,NJ,40.9049,-74.1201
Milwaukie,OR,45.4445,-122.6219
Hunters Creek,FL,28.361,-81.4358
Lebanon,OH,39.4254,-84.2133
Montgomery,IL,41.7237,-88.3633
Snellville,GA,33.8562,-84.0038
Carrboro,NC,35.9259,-79.0878
Baldwin,PA,40.369,-79.9669
Willmar,MN,45.1216,-95.0569
Bryant,AR,34.6152,-92.4914
Old Jamestown,MO,38.8394,-90.2847
Hanahan,SC,32.9302,-80.0027
Mineola,NY,40.747,-73.6394
Hays,KS,38.8821,-99.3221
West St. Paul,MN,44.9018,-93.0858
Gardner,MA,42.5845,-71.9868
Silverdale,WA,47.6663,-122.6828
Lealman,FL,27.8197,-82.6847
South Holland,IL,41.5977,-87.6022
Bothell West,WA,47.8056,-122.2401
Sulphur,LA,30.2286,-93.3566
Murphy,TX,33.0186,-96.6105
Dolton,IL,41.6284,-87.5979
Anna,TX,33.3472,-96.5508
Princeton,TX,33.1778,-96.5044
Covington,WA,47.3667,-122.1045
Fort Walton Beach,FL,30.4255,-86.6222
St. Andrews,SC,34.051,-81.1057
Brushy Creek,TX,30.5128,-97.7386
Vicksburg,MS,32.3173,-90.8868
Imperial,CA,32.839,-115.572
Germantown,WI,43.2343,-88.1217
Park Forest,IL,41.4817,-87.6867
Arnold,MO,38.4297,-90.3733
Arbutus,MD,39.2428,-76.6922
Hyattsville,MD,38.9613,-76.9548
Mill Creek,WA,47.8631,-122.2037
Rosedale,MD,39.3266,-76.5084
Murrysville,PA,40.4456,-79.6554
East Moline,IL,41.5199,-90.3879
Rosamond,CA,34.8658,-118.2155
Louisville,CO,39.971,-105.1441
North Liberty,IA,41.7438,-91.6112
North Bellmore,NY,40.6904,-73.539
Hauppauge,NY,40.8211,-73.2109
West Hempstead,NY,40.6959,-73.6507
Fate,TX,32.943,-96.3858
Midway,FL,30.4169,-87.0229
Grayslake,IL,42.3405,-88.0338
Wade Hampton,SC,34.8821,-82.3336
Montrose,CO,38.4689,-107.859
Lockport,NY,43.1698,-78.6956
Marquette,MI,46.544,-87.4082
West Pensacola,FL,30.4263,-87.2679
Northfield,MN,44.455,-93.1698
Forest Lake,MN,45.2536,-92.9582
Tullahoma,TN,35.3721,-86.2172
Saco,ME,43.539,-70.4624
South St. Paul,MN,44.8877,-93.0411
Elko,NV,40.8381,-115.7678
Groveland,FL,28.6098,-81.8246
Shafter,CA,35.4794,-119.2013
Parma Heights,OH,41.3865,-81.7637
Pittsburg,KS,37.4129,-94.6985
Bethany,OK,35.5071,-97.6418
Pleasantville,NJ,39.39,-74.5169
Arlington,WA,48.1701,-122.1442
Altoona,IA,41.6483,-93.4783
Merrifield,VA,38.8731,-77.2426
South Milwaukee,WI,42.912,-87.8627
Piqua,OH,40.1506,-84.2441
North Bay Shore,NY,40.7602,-73.2617
Libertyville,IL,42.287,-87.967
Adrian,MI,41.8994,-84.0447
South Burlington,VT,44.4622,-73.2202
Westbrook,ME,43.6954,-70.3539
Golden,CO,39.7406,-105.2118
Sidney,OH,40.2891,-84.1667
Painesville,OH,41.724,-81.2536
Buckhall,VA,38.7239,-77.4476
Culpeper,VA,38.4704,-78.0001
Frankfort,IL,41.4892,-87.8363
Lomita,CA,33.7933,-118.3175
Meadowbrook,VA,37.4301,-77.474
Makakilo,HI,21.3591,-158.0813
Portland,TX,27.8942,-97.3278
North Amityville,NY,40.7005,-73.4119
Monroe,MI,41.9155,-83.3849
East Hemet,CA,33.7301,-116.941
Lennox,CA,33.938,-118.3586
Howard,WI,44.5703,-88.0928
Westminster,MD,39.5796,-77.0067
Morristown,NJ,40.7967,-74.4772
Lynbrook,NY,40.6579,-73.6742
Sherwood,OR,45.3594,-122.8427
Centerton,AR,36.3566,-94.2971
Palisades Park,NJ,40.8472,-73.9966
Rolla,MO,37.9459,-91.7607
East Massapequa,NY,40.6742,-73.4359
La Canada Flintridge,CA,34.2097,-118.2002
Nanuet,NY,41.0957,-74.0155
Port Angeles,WA,48.1141,-123.4565
Mayfield Heights,OH,41.5174,-81.4534
Affton,MO,38.5499,-90.3264
Alamo,TX,26.181,-98.1177
Forest Park,OH,39.2861,-84.5258
West Haven,UT,41.2083,-112.0541
Whitehall,OH,39.9682,-82.8833
Sand Springs,OK,36.1353,-96.1283
La Crescenta-Montrose,CA,34.2322,-118.2353
Ypsilanti,MI,42.244,-83.6208
Claremore,OK,36.3146,-95.6095
Lincolnia,VA,38.8158,-77.1543
Mokena,IL,41.5327,-87.8781
Plainview,TX,34.1911,-101.7235
Punta Gorda,FL,26.8941,-82.0513
Agoura Hills,CA,34.151,-118.7609
Plattsburgh,NY,44.6951,-73.4563
Shelbyville,IN,39.5352,-85.7793
Miamisburg,OH,39.6322,-84.2724
Oroville,CA,39.4999,-121.5634
Universal City,TX,29.5521,-98.3074
Altamont,OR,42.198,-121.7248
Harvey,IL,41.6076,-87.652
Oregon,OH,41.6524,-83.4321
Bartow,FL,27.8868,-81.8214
Brigham City,UT,41.5035,-112.0453
Lackawanna,NY,42.8182,-78.8325
Palm Valley,FL,30.2011,-81.3948
Albany,CA,37.8897,-122.3018
Broadview Heights,OH,41.3196,-81.6779
Greenfield,CA,36.3242,-121.2428
Crest Hill,IL,41.5723,-88.1124
Nogales,AZ,31.3624,-110.9336
Clifton,CO,39.0764,-108.4605
Tavares,FL,28.792,-81.7352
Lake Zurich,IL,42.1956,-88.087
Monroe,WA,47.8595,-121.9851
Lexington,NC,35.8018,-80.2682
Erlanger,KY,39.0109,-84.5864
East Northport,NY,40.8791,-73.3233
Casa de Oro-Mount Helix,CA,32.764,-116.9688
Zachary,LA,30.6643,-91.1634
Roosevelt,NY,40.6797,-73.5837
Highland,UT,40.4276,-111.7957
Sartell,MN,45.6188,-94.2206
Forest Park,GA,33.6209,-84.359
Harrison,NJ,40.7431,-74.1531
Angleton,TX,29.1721,-95.4293
Salmon Creek,WA,45.7099,-122.6632
Mead Valley,CA,33.8333,-117.2852
Springboro,OH,39.5615,-84.2348
Kinston,NC,35.2747,-77.5939
Bradfordville,FL,30.5735,-84.2055
Sweetwater,FL,25.7785,-80.376
Boone,NC,36.2111,-81.6669
Knightdale,NC,35.7911,-78.4966
Boerne,TX,29.7847,-98.7292
Evergreen Park,IL,41.7213,-87.7013
Cedar Mill,OR,45.5355,-122.8006
Arvin,CA,35.1944,-118.8306
Hawthorne,NJ,40.9579,-74.1582
Orinda,CA,37.8808,-122.179
Homewood,IL,41.5591,-87.661
Cutlerville,MI,42.8403,-85.6734
Lynn Haven,FL,30.2337,-85.637
Madisonville,KY,37.3409,-87.5034
Warrensburg,MO,38.7627,-93.726
Naples,FL,26.1504,-81.7936
South El Monte,CA,34.0493,-118.0484
Hermiston,OR,45.8326,-119.2854
Englewood,FL,26.9717,-82.3524
Sherrelwood,CO,39.839,-105.0014
Fayetteville,GA,33.4501,-84.471
Twinsburg,OH,41.322,-81.4451
North Myrtle Beach,SC,33.8232,-78.7082
West Mifflin,PA,40.3581,-79.9073
Seminole,FL,27.8435,-82.784
Cocoa,FL,28.382,-80.7675
Rosedale,CA,35.3886,-119.2058
Stillwater,MN,45.0573,-92.8313
Santa Fe Springs,CA,33.9329,-118.0625
Trinity,FL,28.1809,-82.6582
Prunedale,CA,36.8064,-121.6555
Maumelle,AR,34.8522,-92.4
Maitland,FL,28.6295,-81.3718
St. Michael,MN,45.2014,-93.692
Valle Vista,CA,33.7436,-116.8871
Durango,CO,37.2659,-107.8781
Tinton Falls,NJ,40.2708,-74.0949
Holtsville,NY,40.8124,-73.0447
Hermosa Beach,CA,33.8653,-118.3962
Brookfield,IL,41.8245,-87.847
West Chester,PA,39.9601,-75.6058
Republic,MO,37.1452,-93.4446
Lumberton,NC,34.6312,-79.0186
Durant,OK,33.9949,-96.3923
Alton,TX,26.2884,-98.3098
Harrisburg,NC,35.3125,-80.6485
Lake Forest,IL,42.238,-87.8596
Melville,NY,40.7824,-73.4088
Deerfield,IL,42.1654,-87.8516
Central Point,OR,42.3764,-122.9111
Orange,TX,30.1226,-93.7607
Point Pleasant,NJ,40.0772,-74.0702
Dixon,CA,38.4469,-121.825
Ferndale,MI,42.4592,-83.1313
Iselin,NJ,40.5697,-74.3172
Cinco Ranch,TX,29.7395,-95.7607
Winchester,KY,38.0018,-84.1908
Lakeway,TX,30.3544,-97.9864
Prichard,AL,30.7735,-88.1301
Liberal,KS,37.0466,-100.9295
Kingsland,GA,30.8194,-81.7216
Five Forks,SC,34.8069,-82.2271
Beltsville,MD,39.0394,-76.9211
Olivehurst,CA,39.0795,-121.5566
Phoenixville,PA,40.1359,-75.5201
East Riverdale,MD,38.96,-76.9109
Sylvania,OH,41.71,-83.7092
Sheridan,WY,44.7961,-106.9642
Badger,AK,64.8006,-147.3877
Gautier,MS,30.4106,-88.6568
Haslett,MI,42.7525,-84.402
Norwood,OH,39.1605,-84.4535
Terrell,TX,32.734,-96.2931
Ashland,OH,40.8668,-82.3156
Crowley,TX,32.5781,-97.3585
Augusta,ME,44.3341,-69.7319
Springfield,TN,36.4949,-86.8711
Lebanon,OR,44.5317,-122.9071
Redland,MD,39.1339,-77.1464
Seagoville,TX,32.653,-96.5456
Fox Crossing,WI,44.2228,-88.4763
Ansonia,CT,41.3443,-73.0689
Cumberland,MD,39.6515,-78.7584
Knik-Fairview,AK,61.5082,-149.6252
Ellensburg,WA,46.9999,-120.5475
Onalaska,WI,43.8883,-91.2075
Mebane,NC,36.0852,-79.2736
Cullman,AL,34.1775,-86.8407
Palestine,TX,31.7544,-95.6471
Chowchilla,CA,37.1095,-120.2349
Lansdale,PA,40.2417,-75.2812
Winder,GA,33.9917,-83.7218
White Oak,OH,39.2106,-84.606
Pinole,CA,37.9931,-122.2833
La Marque,TX,29.3683,-94.9941
Gibsonton,FL,27.826,-82.3761
Cimarron Hills,CO,38.8597,-104.6995
Brownwood,TX,31.7127,-98.9767
St. Marys,GA,30.7567,-81.5722
Martinsburg,WV,39.4582,-77.9776
Weirton,WV,40.406,-80.5671
Clive,IA,41.6147,-93.798
Wisconsin Rapids,WI,44.3927,-89.8265
Rutherford,NJ,40.8203,-74.1057
Elizabeth City,NC,36.2942,-76.236
Thomasville,GA,30.8394,-83.9782
Marshfield,WI,44.6627,-90.1728
Ottawa,IL,41.3555,-88.8261
Midlothian,VA,37.4856,-77.6522
Hopkins,MN,44.9259,-93.4056
Country Walk,FL,25.633,-80.4353
Ocean Acres,NJ,39.743,-74.2805
Steiner Ranch,TX,30.3654,-97.896
Matteson,IL,41.5095,-87.7468
Altus,OK,34.6565,-99.3061
Maryland City,MD,39.1016,-76.8051
Alsip,IL,41.6701,-87.7368
Creve Coeur,MO,38.662,-90.443
Round Lake,IL,42.3435,-88.1059
Arcata,CA,40.8615,-124.0758
Bensenville,IL,41.9579,-87.9442
Ocean Springs,MS,30.4082,-88.7861
Coronado,CA,32.6649,-117.1604
Preakness,NJ,40.9382,-74.2242
Franklin Farm,VA,38.9133,-77.3969
Ammon,ID,43.4745,-111.9568
Seabrook,MD,38.9802,-76.8502
Panama City Beach,FL,30.237,-85.8776
Oxon Hill,MD,38.7884,-76.9727
Glenvar Heights,FL,25.709,-80.3155
Castaic,CA,34.4818,-118.6316
Nederland,TX,29.9707,-94.0015
Zephyrhills,FL,28.2409,-82.1797
North Decatur,GA,33.8074,-84.2889
Centralia,WA,46.7223,-122.9696
Fort Carson,CO,38.7095,-104.772
Newburyport,MA,42.8124,-70.8878
Newton,KS,38.0368,-97.3449
Fairwood,WA,47.4467,-122.143
Dover,NJ,40.8859,-74.5597
Sudley,VA,38.7878,-77.4961
Arroyo Grande,CA,35.1241,-120.5845
Tallmadge,OH,41.1023,-81.4216
Oconomowoc,WI,43.0996,-88.4948
Albert Lea,MN,43.6548,-93.3643
North Aurora,IL,41.8086,-88.3414
Bellwood,IL,41.8829,-87.8762
Ronkonkoma,NY,40.8037,-73.1246
New River,AZ,33.8835,-112.0858
Brook Park,OH,41.4036,-81.8219
Ferguson,MO,38.749,-90.295
Berea,OH,41.3696,-81.8641
Bayshore Gardens,FL,27.4345,-82.5793
Fairmont,WV,39.4768,-80.1491
Niles,OH,41.1879,-80.7531
Colonia,NJ,40.5926,-74.3148
Lake Ronkonkoma,NY,40.8297,-73.1128
Lenoir,NC,35.9094,-81.5249
East St. Louis,IL,38.6155,-90.1304
Syosset,NY,40.8157,-73.502
Lake Shore,MD,39.103,-76.4876
Shenandoah,LA,30.4019,-91.002
San Carlos Park,FL,26.4765,-81.8193
Johnstown,PA,40.326,-78.9194
Sycamore,IL,41.9957,-88.6821
Trenton,MI,42.1394,-83.1929
Franklin Park,IL,41.9361,-87.8794
Mount Washington,KY,38.043,-85.5551
Shorewood,IL,41.5169,-88.2146
Colonial Heights,VA,37.265,-77.3969
North Babylon,NY,40.7314,-73.3248
Woodmere,NY,40.6375,-73.7219
Manchester,MO,38.583,-90.5064
Spanish Lake,MO,38.7884,-90.2077
Laurel,VA,37.6375,-77.5062
North Druid Hills,GA,33.8185,-84.3254
Bluffdale,UT,40.4744,-111.9381
Amsterdam,NY,42.942,-74.1906
Steubenville,OH,40.3653,-80.6519
Franconia,VA,38.7682,-77.1587
Palos Hills,IL,41.6986,-87.8266
Pinecrest,FL,25.665,-80.3042
Menasha,WI,44.2125,-88.4271
Colonial Park,PA,40.2987,-76.8069
White Settlement,TX,32.7554,-97.4605
Bourbonnais,IL,41.183,-87.8784
Wallingford Center,CT,41.4499,-72.8189
Sevierville,TN,35.8872,-83.5678
Canby,OR,45.2652,-122.6867
McAlester,OK,34.9257,-95.7734
Siloam Springs,AR,36.1844,-94.5315
Burlington,KY,39.0223,-84.7217
Brenham,TX,30.1584,-96.3966
Johnstown,CO,40.3499,-104.9482
Dumont,NJ,40.9452,-73.9923
Phelan,CA,34.4398,-117.5248
Stuart,FL,27.1959,-80.2444
Pataskala,OH,40.011,-82.7155
Cohoes,NY,42.7732,-73.7077
North Massapequa,NY,40.7031,-73.4678
Gainesville,VA,38.7931,-77.6347
Concord,MO,38.5117,-90.3574
Scarsdale,NY,40.9902,-73.7773
Farmington,MO,37.7822,-90.4282
Pinehurst,NC,35.1922,-79.4684
Cudahy,WI,42.9467,-87.8641
Wantagh,NY,40.6686,-73.5104
Stanford,CA,37.4252,-122.1674
Anoka,MN,45.2099,-93.3893
Los Lunas,NM,34.8115,-106.7803
Mount Holly,NC,35.3136,-81.0073
Ashtabula,OH,41.8805,-80.7984
Portsmouth,OH,38.7538,-82.9445
El Reno,OK,35.5429,-97.966
Conyers,GA,33.6646,-83.9966
Parole,MD,38.9863,-76.5518
Murray,KY,36.6146,-88.3207
Hybla Valley,VA,38.7484,-77.0821
Cary,IL,42.2129,-88.2494
Anacortes,WA,48.4878,-122.6292
Blythe,CA,33.6219,-114.6195
Hope Mills,NC,34.971,-78.9597
Bay City,TX,28.9838,-95.9601
Guayama,PR,17.9743,-66.1104
Tiffin,OH,41.1165,-83.1805
Villa Rica,GA,33.7294,-84.9177
Alice,TX,27.7556,-98.0653
Willimantic,CT,41.7171,-72.2114
Logansport,IN,40.7472,-86.352
Clemson,SC,34.6837,-82.8124
North Valley Stream,NY,40.684,-73.7077
North Canton,OH,40.8742,-81.3971
Godfrey,IL,38.9577,-90.2156
Troy,AL,31.8021,-85.9664
West Columbia,SC,33.9932,-81.0936
Calverton,MD,39.0578,-76.9488
Holly Springs,GA,34.1681,-84.4847
Gainesville,TX,33.639,-97.1487
Glassmanor,MD,38.8181,-76.9833
Natchitoches,LA,31.7315,-93.0975
Tillmans Corner,AL,30.5819,-88.2128
Norcross,GA,33.9379,-84.2065
Lemont,IL,41.6695,-87.9838
Port Washington,NY,40.8268,-73.6765
Calhoun,GA,34.491,-84.9386
Buford,GA,34.1192,-83.9903
Goodlettsville,TN,36.333,-86.7026
Hernando,MS,34.85,-89.9921
Bryn Mawr-Skyway,WA,47.4949,-122.241
Lebanon,IN,40.0324,-86.4551
New Philadelphia,OH,40.486,-81.4401
South Ogden,UT,41.1722,-111.9576
Morganton,NC,35.7408,-81.7002
Lake St. Louis,MO,38.7846,-90.7886
Eastlake,OH,41.6581,-81.4322
Graham,NC,36.0589,-79.3894
Camano,WA,48.1865,-122.4708
Takoma Park,MD,38.981,-77.0028
McKeesport,PA,40.3418,-79.844
Wahiawa,HI,21.5012,-158.0178
Streetsboro,OH,41.2396,-81.3456
Spanish Springs,NV,39.6568,-119.6694
Melissa,TX,33.2891,-96.5573
Kirksville,MO,40.1986,-92.5752
St. Matthews,KY,38.2497,-85.6384
Jacksonville,IL,39.7292,-90.2317
Idylwood,VA,38.8896,-77.2056
Gretna,LA,29.9101,-90.0515
Cortland,NY,42.6004,-76.1784
South San Jose Hills,CA,34.0123,-117.9043
Burke Centre,VA,38.7903,-77.2999
Selma,AL,32.4166,-87.0336
Heber,UT,40.507,-111.3986
Auburndale,FL,28.0963,-81.8012
Kingstowne,VA,38.7625,-77.1444
Shelbyville,KY,38.2067,-85.2292
Pinewood,FL,25.8697,-80.2174
Powder Springs,GA,33.8659,-84.684
Wayne,MI,42.2774,-83.3877
Richmond Hill,GA,31.9012,-81.3125
Oak Grove,OR,45.4156,-122.6349
South Venice,FL,27.0444,-82.4155
Aurora,OH,41.3118,-81.345
El Dorado,AR,33.2184,-92.664
Rancho Mirage,CA,33.7635,-116.4271
Royse City,TX,32.9762,-96.3175
New Castle,IN,39.9191,-85.3697
Firestone,CO,40.1565,-104.9494
Coalinga,CA,36.142,-120.3242
Laguna Woods,CA,33.6099,-117.7299
Bethpage,NY,40.7495,-73.4856
Jenison,MI,42.9063,-85.8269
Murraysville,NC,34.2919,-77.8429
Bon Air,VA,37.5187,-77.5713
Cameron Park,CA,38.6738,-120.9872
Clayton,MO,38.6444,-90.3303
Stafford,TX,29.6271,-95.5654
Nipomo,CA,35.0319,-120.4985
Fort Thomas,KY,39.0801,-84.4518
Lake Butler,FL,28.4862,-81.546
Kaukauna,WI,44.2773,-88.2641
Danville,KY,37.6418,-84.7777
Dallas,OR,44.9221,-123.313
Charleston,IL,39.4842,-88.1781
Adelphi,MD,39.0017,-76.9649
Easton,MD,38.776,-76.0701
Calera,AL,33.1254,-86.7449
Glenn Heights,TX,32.5506,-96.8548
Cahokia Heights,IL,38.571,-90.1525
Viera West,FL,28.2467,-80.7387
Upper Grand Lagoon,FL,30.169,-85.7407
Hinsdale,IL,41.8007,-87.9273
McKinleyville,CA,40.9488,-124.0857
Avenel,NJ,40.5842,-74.2716
Tifton,GA,31.4624,-83.5203
Hampton Bays,NY,40.8695,-72.5225
Laurel,MS,31.6956,-89.1449
Addison,TX,32.959,-96.8355
West Richland,WA,46.3115,-119.3999
Wixom,MI,42.5243,-83.5346
Bellaire,TX,29.704,-95.4621
Woodcrest,CA,33.8789,-117.3687
Ojus,FL,25.9563,-80.1606
Canon City,CO,38.443,-105.2203
Sunland Park,NM,31.8201,-106.5958
Ferndale,MD,39.1869,-76.6331
Pendleton,OR,45.6757,-118.8201
New Port Richey,FL,28.2468,-82.717
Norwalk,OH,41.2443,-82.6088
Fairview Park,OH,41.4419,-81.853
Safety Harbor,FL,28.008,-82.6964
Aberdeen,WA,46.9757,-123.8094
Oswego,NY,43.4516,-76.5005
Huntington,IN,40.881,-85.5063
Bristol,VA,36.6181,-82.1604
Groves,TX,29.9457,-93.9164
Hollins,VA,37.3434,-79.9534
Flowing Wells,AZ,32.2937,-111.011
Massapequa Park,NY,40.6817,-73.4496
Laconia,NH,43.5725,-71.4775
Beckley,WV,37.7877,-81.1841
Rio Linda,CA,38.6875,-121.4417
Washougal,WA,45.5825,-122.3451
Truckee,CA,39.3455,-120.1848
Ashwaubenon,WI,44.4796,-88.0889
Millbrook,AL,32.5027,-86.3737
Manassas Park,VA,38.7709,-77.4429
Manor,TX,30.3562,-97.5227
New Milford,NJ,40.9337,-74.0196
Long Beach,MS,30.3608,-89.1651
Milledgeville,GA,33.0874,-83.2414
Live Oak,CA,36.986,-121.9804
Damascus,MD,39.2701,-77.1957
El Segundo,CA,33.917,-118.4018
Aberdeen,MD,39.5151,-76.1733
Defiance,OH,41.2813,-84.3657
Hannibal,MO,39.7098,-91.3939
Belle Glade,FL,26.6916,-80.6656
Mount Dora,FL,28.8142,-81.6344
Mount Vernon,OH,40.3854,-82.4737
Marion,IL,37.7345,-88.942
Moraga,CA,37.8439,-122.1225
Vero Beach,FL,27.6463,-80.393
Donna,TX,26.1468,-98.0559
Taylor,TX,30.5729,-97.4268
Estelle,LA,29.8447,-90.1021
Schofield Barracks,HI,21.4936,-158.0617
Wildwood,FL,28.7752,-82.0075
Pampa,TX,35.5479,-100.9651
Fullerton,PA,40.6309,-75.4834
Cloverly,MD,39.1064,-76.9995
Lake Mary,FL,28.7592,-81.336
Bridgeview,IL,41.7403,-87.8067
Waterville,ME,44.5441,-69.6624
Centerville,UT,40.9284,-111.8848
Bull Run,VA,38.7802,-77.5204
Vincennes,IN,38.6759,-87.5102
Eloy,AZ,32.747,-111.5992
Muscle Shoals,AL,34.7432,-87.6343
Fillmore,CA,34.3989,-118.9174
Youngsville,LA,30.0963,-91.9968
Red Wing,MN,44.5817,-92.6036
Berea,SC,34.8802,-82.465
Chaparral,NM,32.0442,-106.406
Myrtle Grove,FL,30.4158,-87.3027
Glen Allen,VA,37.666,-77.4838
Beaver Dam,WI,43.4688,-88.8309
Fairburn,GA,33.5496,-84.5914
Farmingville,NY,40.839,-73.0404
Clearlake,CA,38.9589,-122.633
La Vista,NE,41.1816,-96.0664
Warsaw,IN,41.2448,-85.8465
Palmetto Estates,FL,25.6211,-80.3616
Ham Lake,MN,45.2545,-93.2039
Menomonie,WI,44.8893,-91.9084
Bostonia,CA,32.8189,-116.948
Hueytown,AL,33.4239,-87.022
Ada,OK,34.7662,-96.6681
Glenmont,MD,39.0698,-77.0467
Albemarle,NC,35.3594,-80.1915
Westchester,IL,41.8492,-87.8906
Fort Hunt,VA,38.7361,-77.0589
Grovetown,GA,33.4503,-82.2073
Tahlequah,OK,35.9112,-94.977
Hot Springs Village,AR,34.6566,-92.9643
Radford,VA,37.1229,-80.5587
Morton,IL,40.6135,-89.4669
Stallings,NC,35.1088,-80.6598
Payson,AZ,34.2433,-111.3195
Kerman,CA,36.7248,-120.0625
Humble,TX,29.9921,-95.2655
Hanover,PA,39.8118,-76.9836
Red Hill,SC,33.7777,-79.0111
Havelock,NC,34.9078,-76.8987
Madison,NJ,40.7586,-74.4169
White Oak,MD,39.0451,-76.9885
Mercedes,TX,26.1533,-97.9128
Lemay,MO,38.5325,-90.2845
Three Lakes,FL,25.6415,-80.4
Jasper,IN,38.3933,-86.9402
Country Club Hills,IL,41.5636,-87.7251
Ukiah,CA,39.1464,-123.2105
Crawfordsville,IN,40.0428,-86.8976
Dyer,IN,41.4977,-87.509
Port Orchard,WA,47.5163,-122.661
Brownsville,FL,25.8216,-80.2417
Buffalo,MN,45.1794,-93.8644
Mastic Beach,NY,40.7664,-72.8369
Vienna,VA,38.8996,-77.2597
North Arlington,NJ,40.7874,-74.1273
Lake Wales,FL,27.9195,-81.5961
River Falls,WI,44.8609,-92.6247
Chickasha,OK,35.0409,-97.9474
Stone Ridge,VA,38.9294,-77.5557
Lady Lake,FL,28.9241,-81.9299
Mattoon,IL,39.4774,-88.3623
Sunnyside,WA,46.3157,-120.0058
Saraland,AL,30.8479,-88.1004
Pearl River,NY,41.0615,-74.0047
Ocean Pointe,HI,21.3145,-158.0289
Mountain Home,ID,43.1324,-115.697
Ladson,SC,33.0093,-80.1078
Fairview Heights,IL,38.5974,-90.0053
Bellevue,WI,44.4592,-87.955
Kings Park,NY,40.8881,-73.2475
Dickson,TN,36.0637,-87.3665
Hewitt,TX,31.452,-97.196
Poplar Bluff,MO,36.7632,-90.4135
Welby,CO,39.8403,-104.9655
Sikeston,MO,36.8854,-89.5877
Griffith,IN,41.5277,-87.4239
Sulphur Springs,TX,33.1421,-95.6122
Grosse Pointe Woods,MI,42.4366,-82.8987
Four Corners,OR,44.929,-122.9732
Lithia Springs,GA,33.7811,-84.6487
Grandville,MI,42.9004,-85.7564
Hermitage,PA,41.2305,-80.4413
Center Point,AL,33.6447,-86.6852
Fort Drum,NY,44.045,-75.7845
Douglas,AZ,31.3602,-109.5394
Ripon,CA,37.7417,-121.131
Azalea Park,FL,28.5473,-81.2956
Gardendale,AL,33.6677,-86.8069
Hibbing,MN,47.398,-92.9486
Opa-locka,FL,25.8997,-80.2551
Glasgow,DE,39.6015,-75.7473
Hugo,MN,45.1671,-92.9588
Dyersburg,TN,36.0465,-89.3777
East Highland Park,VA,37.577,-77.3865
Mount Pleasant,TX,33.1586,-94.9727
Gatesville,TX,31.4445,-97.7317
Southern Pines,NC,35.1927,-79.4039
Artesia,CA,33.8676,-118.0805
Niceville,FL,30.529,-86.4748
St. Simons,GA,31.1775,-81.3857
Floral Park,NY,40.7227,-73.7029
Lynden,WA,48.9502,-122.4545
Dublin,GA,32.536,-82.928
Hayden,ID,47.768,-116.804
Wolf Trap,VA,38.9395,-77.2842
South Houston,TX,29.6611,-95.2285
South River,NJ,40.4455,-74.3783
Highland Village,TX,33.0897,-97.0615
Troutdale,OR,45.5372,-122.3955
La Grange,IL,41.8072,-87.8741
Marco Island,FL,25.933,-81.6993
Bay Village,OH,41.4851,-81.9317
Seven Oaks,SC,34.0475,-81.1435
The Dalles,OR,45.6053,-121.1818
Grain Valley,MO,39.0171,-94.2084
Longwood,FL,28.7014,-81.3487
Washington,IL,40.705,-89.434
Warrington,FL,30.3835,-87.2946
Indianola,IA,41.3629,-93.5652
Seymour,TN,35.8783,-83.7669
Americus,GA,32.0736,-84.2248
Red Oak,TX,32.5212,-96.7866
Chubbuck,ID,42.9263,-112.4623
Rendon,TX,32.5789,-97.2349
Frederick,CO,40.1088,-104.9701
Humacao,PR,18.152,-65.8204
Seaford,NY,40.6678,-73.4922
Parkway,CA,38.4993,-121.452
Live Oak,TX,29.5545,-98.3404
Dayton,NV,39.2592,-119.5653
Palmer Ranch,FL,27.2286,-82.4672
Coos Bay,OR,43.3789,-124.233
Elkton,MD,39.6066,-75.8209
Fremont,OH,41.3535,-83.1147
Clarksburg,WV,39.2862,-80.3232
Fruitville,FL,27.3328,-82.4616
Middleburg Heights,OH,41.3696,-81.815
Grimes,IA,41.6779,-93.7947
Brooklyn Park,MD,39.217,-76.6174
Thibodaux,LA,29.7949,-90.8146
Westbury,NY,40.7599,-73.5891
Gulf Shores,AL,30.2764,-87.7017
Weston,WI,44.8906,-89.5487
Jamestown,ND,46.9063,-98.6937
Overland,MO,38.6966,-90.3689
Hartford,WI,43.3223,-88.3784
Wailuku,HI,20.8834,-156.5059
Rutland,VT,43.6092,-72.9783
Chelsea,AL,33.3262,-86.63
Vail,AZ,32.0217,-110.6937
Fort Mohave,AZ,35.0004,-114.5748
Whitewater,WI,42.8372,-88.7341
Newton,IA,41.6963,-93.0403
Prospect Heights,IL,42.1039,-87.9267
Springdale,NJ,39.8769,-74.9724
Hillcrest Heights,MD,38.8373,-76.9641
Opelousas,LA,30.5252,-92.0816
Bellmore,NY,40.6569,-73.5285
Palmview,TX,26.2318,-98.3823
Scottsboro,AL,34.6438,-86.0491
Mitchell,SD,43.7294,-98.0337
Summerfield,MD,38.9042,-76.8678
Mays Chapel,MD,39.4343,-76.6516
Sayville,NY,40.7478,-73.084
Hartselle,AL,34.4391,-86.9396
Mount Clemens,MI,42.5977,-82.8821
West Lealman,FL,27.8192,-82.7384
Berea,KY,37.5904,-84.2898
Shively,KY,38.197,-85.8136
Frankfort,IN,40.281,-86.5212
Jackson,MO,37.3792,-89.6522
Tanque Verde,AZ,32.2687,-110.7437
Greeneville,TN,36.168,-82.8197
Yulee,FL,30.635,-81.5678
Lake Stickney,WA,47.8733,-122.2582
Carthage,MO,37.1503,-94.3225
Andover,KS,37.6873,-97.1352
Yankton,SD,42.8901,-97.3927
Batavia,NY,42.9987,-78.1802
Traverse City,MI,44.7546,-85.6038
Bemidji,MN,47.4828,-94.8797
Buda,TX,30.0758,-97.8487
Greenwood Village,CO,39.6153,-104.9131
Alpine,CA,32.8439,-116.7585
Homosassa Springs,FL,28.8119,-82.5392
Ferndale,WA,48.8526,-122.5894
Walnut Park,CA,33.9682,-118.222
Aldine,TX,29.9123,-95.3784
Eggertsville,NY,42.9665,-78.8065
Weigelstown,PA,39.9852,-76.8306
Canyon,TX,34.9911,-101.919
Dentsville,SC,34.0754,-80.9547
Santaquin,UT,39.9708,-111.7941
Ewa Beach,HI,21.3181,-158.0073
Princeton Meadows,NJ,40.3347,-74.5651
La Palma,CA,33.8504,-118.0407
Minneola,FL,28.6067,-81.7322
Coto de Caza,CA,33.5959,-117.586
Eden,NC,36.5027,-79.7412
Uvalde,TX,29.2152,-99.7782
New Haven,IN,41.0676,-85.0174
Monroe,GA,33.799,-83.7161
Bradley,IL,41.1641,-87.8452
Fort Leonard Wood,MO,37.7562,-92.1274
Coolidge,AZ,32.9363,-111.5254
Franklin Park,PA,40.5903,-80.0999
Brookside,DE,39.6665,-75.7152
Rio Grande City,TX,26.3808,-98.8215
Hendersonville,NC,35.3247,-82.4575
Tenafly,NJ,40.9176,-73.9532
Phillipsburg,NJ,40.6894,-75.1821
Discovery Bay,CA,37.9063,-121.599
Asbury Park,NJ,40.2226,-74.0119
Northview,MI,43.0427,-85.6016
Harper Woods,MI,42.439,-82.9293
Lake Wylie,SC,35.0997,-81.0678
Norridge,IL,41.9637,-87.8231
Dixon,IL,41.8439,-89.4794
Lebanon,MO,37.6717,-92.6603
Front Royal,VA,38.926,-78.1838
Vincent,CA,34.0983,-117.9238
Glasgow,KY,37.0048,-85.9263
Belmont,NC,35.2212,-81.0401
Johnson City,NY,42.123,-75.9624
Mineral Wells,TX,32.8169,-98.0776
Vandalia,OH,39.8791,-84.193
Kenmore,NY,42.9646,-78.8713
Highland Springs,VA,37.5516,-77.3285
Rossville,MD,39.3572,-76.4767
Berkley,MI,42.4986,-83.1853
Beech Grove,IN,39.7157,-86.0871
Laurinburg,NC,34.7602,-79.4773
West Park,FL,25.984,-80.1923
Depew,NY,42.9118,-78.7043
Gantt,SC,34.7837,-82.4027
Los Osos,CA,35.3065,-120.8242
Port Royal,SC,32.3557,-80.7029
Tonawanda,NY,43.0105,-78.8805
Talladega,AL,33.4333,-86.0986
Mastic,NY,40.8096,-72.8479
Monroe,OH,39.4461,-84.3667
Roanoke Rapids,NC,36.4452,-77.649
White Center,WA,47.5086,-122.3479
Camp Pendleton South,CA,33.2329,-117.393
Gloversville,NY,43.0491,-74.3465
Macomb,IL,40.4709,-90.6807
Hudson,WI,44.9639,-92.7312
Pacific Grove,CA,36.6188,-121.9259
Susanville,CA,40.4206,-120.6132
Arlington,TN,35.2594,-89.668
Greenlawn,NY,40.8632,-73.3646
Metuchen,NJ,40.5424,-74.3628
Highland Park,NJ,40.5006,-74.4283
Spring Creek,NV,40.745,-115.5983
South Farmingdale,NY,40.7175,-73.4473
Washington,MO,38.5515,-91.0154
Hazel Park,MI,42.4619,-83.0977
Lemon Hill,CA,38.5172,-121.4573
Lilburn,GA,33.8897,-84.1364
Lake Arbor,MD,38.9105,-76.8304
Waunakee,WI,43.1829,-89.4447
Henderson,NC,36.3256,-78.4151
Fairview,NJ,40.8182,-74.0022
West University Place,TX,29.7157,-95.4321
Yauco,PR,18.0344,-66.8615
Glenn Dale,MD,38.9833,-76.804
Boulder City,NV,35.8407,-114.9257
Fort Payne,AL,34.4559,-85.6965
Loganville,GA,33.8353,-83.8958
Hereford,TX,34.8225,-102.4001
Oldsmar,FL,28.0506,-82.6698
Forest City,FL,28.6619,-81.4444
Riverdale,GA,33.5639,-84.4103
Havre de Grace,MD,39.548,-76.1146
Williamstown,NJ,39.6874,-74.9786
Great Falls,VA,39.011,-77.3013
Davidson,NC,35.484,-80.8247
Cherry Hill Mall,NJ,39.9384,-75.0117
California City,CA,35.1578,-117.8721
Bensville,MD,38.6176,-77.0077
Greensburg,PA,40.3113,-79.5445
Morris,IL,41.3749,-88.4304
Lebanon,NH,43.6353,-72.2531
Worthington,OH,40.095,-83.0209
Lockhart,FL,28.627,-81.4354
Antioch,IL,42.4742,-88.0721
Whitefish Bay,WI,43.1131,-87.9003
Hammonton,NJ,39.6572,-74.7678
Chatham,IL,39.6733,-89.6934
Deming,NM,32.2631,-107.7525
Ramsey,NJ,41.0595,-74.1454
Hickory Hills,IL,41.7248,-87.828
Lockhart,TX,29.8785,-97.6831
Cedar Lake,IN,41.3696,-87.4389
Alexander City,AL,32.9229,-85.9358
Broadlands,VA,39.0168,-77.5167
Sterling,IL,41.7996,-89.6956
Lakeland North,WA,47.3374,-122.2812
Thonotosassa,FL,28.0464,-82.291
Owosso,MI,42.9955,-84.176
Black Forest,CO,39.0608,-104.6752
Gladeview,FL,25.8395,-80.2368
Greendale,WI,42.9371,-88.0018
Chippewa Falls,WI,44.9358,-91.3902
Beacon,NY,41.5036,-73.9655
Hutchinson,MN,44.8855,-94.3768
Naranja,FL,25.5164,-80.4222
Monticello,MN,45.2991,-93.7996
Fraser,MI,42.5388,-82.9496
Swansea,IL,38.5507,-89.9858
Great Bend,KS,38.3593,-98.8015
Falls Church,VA,38.8847,-77.1751
Red Bluff,CA,40.1735,-122.2413
Alexandria,MN,45.8776,-95.3767
Cherryland,CA,37.6792,-122.1038
Clarkston,GA,33.8117,-84.2403
Key Biscayne,FL,25.6908,-80.1653
Reidsville,NC,36.3376,-79.6725
Nolensville,TN,35.9572,-86.6719
Parlier,CA,36.6087,-119.5434
Moultrie,GA,31.1591,-83.7708
Edgewater,NJ,40.8237,-73.974
Moorestown-Lenola,NJ,39.9659,-74.9643
Salem Lakes,WI,42.5366,-88.1306
Middlesex,NJ,40.5744,-74.5011
Cayey,PR,18.115,-66.163
Verona,WI,42.9892,-89.5383
Mount Vernon,IL,38.314,-88.9174
Bothell East,WA,47.8064,-122.1844
Jasper,AL,33.8508,-87.271
Brainerd,MN,46.3553,-94.1983
Hopatcong,NJ,40.9541,-74.6593
Oneonta,NY,42.4551,-75.0666
Wilmington Island,GA,32.0033,-80.9752
Salida,CA,37.7083,-121.0842
Corinth,MS,34.9474,-88.5143
Livingston,CA,37.3875,-120.7248
Alamo,CA,37.8548,-122.0136
Dallas,GA,33.9152,-84.8416
Kemp Mill,MD,39.0412,-77.0215
Clarksdale,MS,34.1933,-90.5693
Belvedere Park,GA,33.7489,-84.2599
New Cassel,NY,40.7602,-73.5649
Scottsbluff,NE,41.8684,-103.6616
Washington Court House,OH,39.5381,-83.4281
Short Hills,NJ,40.7389,-74.3278
Somerton,AZ,32.6007,-114.6994
Lindenhurst,IL,42.4175,-88.0257
Elizabethton,TN,36.3367,-82.237
Moncks Corner,SC,33.173,-80.0107
Dumas,TX,35.8613,-101.9642
North New Hyde Park,NY,40.746,-73.6876
Bainbridge,GA,30.9052,-84.5732
Shepherdsville,KY,37.9813,-85.7007
Ozark,AL,31.4508,-85.6473
Huron,SD,44.3623,-98.2094
Jacksonville,AL,33.8088,-85.7545
Covington,GA,33.6049,-83.8463
Hershey,PA,40.2806,-76.6458
Latham,NY,42.7427,-73.7497
Chesterton,IN,41.5997,-87.055
Candelaria,PR,18.4042,-66.2175
Robbinsdale,MN,45.0261,-93.3332
Bradley Gardens,NJ,40.5711,-74.6678
Hobe Sound,FL,27.0729,-80.1425
Iona,FL,26.516,-81.9601
New Kingman-Butler,AZ,35.2645,-114.0091
East Milton,FL,30.6175,-86.9636
Pineville,LA,31.3414,-92.4096
Hidalgo,TX,26.109,-98.2464
Athens,TN,35.4573,-84.6045
Jefferson,GA,34.1373,-83.6021
West Freehold,NJ,40.2324,-74.2943
Warrenville,IL,41.8209,-88.1857
Powell,OH,40.1689,-83.0829
East Rancho Dominguez,CA,33.8949,-118.1956
Sierra Vista Southeast,AZ,31.4525,-110.216
North Mankato,MN,44.181,-94.0391
Natchez,MS,31.5437,-91.3867
Piney Green,NC,34.7498,-77.3208
Jefferson Valley-Yorktown,NY,41.318,-73.8008
Jacksonville,TX,31.9642,-95.2617
Willowick,OH,41.6342,-81.4678
Waimalu,HI,21.3913,-157.9345
Indiana,PA,40.622,-79.1552
Wilkinsburg,PA,40.4442,-79.8733
Ardmore,PA,40.0033,-75.2947
Federal Heights,CO,39.8651,-105.0154
Wells Branch,TX,30.4433,-97.679
St. Helens,OR,45.8572,-122.8164
Southchase,FL,28.3793,-81.3903
Chicago Ridge,IL,41.7034,-87.7795
Circleville,OH,39.6063,-82.9334
Braselton,GA,34.1087,-83.8127
Fergus Falls,MN,46.2854,-96.0758
McFarland,CA,35.6781,-119.2413
Lone Tree,CO,39.5309,-104.8709
Grass Valley,CA,39.2238,-121.0522
Dunmore,PA,41.4152,-75.6072
Jericho,NY,40.7875,-73.5416
East Wenatchee,WA,47.4174,-120.2822
Shiloh,IL,38.5534,-89.9161
Sun Lakes,AZ,33.2172,-111.8695
Lakewood Park,FL,27.539,-80.3865
Colesville,MD,39.073,-77.001
Lakeland,TN,35.2585,-89.7308
New Ulm,MN,44.312,-94.4685
Mill Valley,CA,37.9086,-122.5421
Artondale,WA,47.3021,-122.6406
Bellefontaine,OH,40.3627,-83.763
Newport,KY,39.0856,-84.4868
Smithfield,UT,41.8349,-111.8265
Midlothian,IL,41.6254,-87.7243
Allouez,WI,44.4721,-88.0259
Anderson Creek,NC,35.2657,-78.958
Destin,FL,30.395,-86.4701
Wauconda,IL,42.2749,-88.1359
Pierre,SD,44.3748,-100.3205
Forest Park,IL,41.8683,-87.8157
Sharonville,OH,39.2825,-84.4071
Beach Park,IL,42.426,-87.8583
Fort Lewis,WA,47.0955,-122.5674
Greenwood,MS,33.5126,-90.1993
College Park,GA,33.6363,-84.464
Roselle Park,NJ,40.6653,-74.2666
Teays Valley,WV,38.4482,-81.9246
McPherson,KS,38.3714,-97.6605
McCalla,AL,33.3023,-87.0302
Brandermill,VA,37.434,-77.6522
Rocky Point,NY,40.9357,-72.9364
Wood Dale,IL,41.9668,-87.9808
Forest Hill,TX,32.6619,-97.2662
Willow Grove,PA,40.1469,-75.1174
Urbana,MD,39.3274,-77.3423
Bellair-Meadowbrook Terrace,FL,30.1796,-81.7375
Glenpool,OK,35.9488,-96.0052
Marshall,MN,44.4488,-95.7897
Elfers,FL,28.214,-82.723
White House,TN,36.4648,-86.6666
Luling,LA,29.9008,-90.3523
South Sioux City,NE,42.4627,-96.4125
Westmont,NJ,39.9082,-75.0551
Kettering,MD,38.8888,-76.7889
Elk Plain,WA,47.0425,-122.3663
Gonzalez,FL,30.5822,-87.2906
Lyndhurst,OH,41.5172,-81.4922
Channahon,IL,41.421,-88.2599
Sauk Rapids,MN,45.5981,-94.1538
Beachwood,OH,41.4759,-81.503
Coldwater,MI,41.9465,-84.9989
Valencia West,AZ,32.1355,-111.1123
North Auburn,CA,38.9306,-121.082
New Franklin,OH,40.9525,-81.5838
Bridgetown,OH,39.1552,-84.6359
Bedford,IN,38.8602,-86.4895
Newington,VA,38.7358,-77.1993
Hawaiian Gardens,CA,33.8304,-118.0728
Waycross,GA,31.2108,-82.3579
Halawa,HI,21.3753,-157.9185
Lumberton,TX,30.2562,-94.207
Olean,NY,42.0819,-78.4321
Worthington,MN,43.6281,-95.599
Broussard,LA,30.1396,-91.954
On Top of the World Designated Place,FL,29.1058,-82.2866
Orange City,FL,28.9348,-81.2881
McMinnville,TN,35.6864,-85.7812
Maumee,OH,41.5696,-83.6636
Auburn,CA,38.895,-121.0777
Snoqualmie,WA,47.5293,-121.8412
Flower Hill,MD,39.1676,-77.1824
Azle,TX,32.8955,-97.5379
Ephrata,PA,40.1811,-76.1812
Cayce,SC,33.9459,-81.0429
Isla Vista,CA,34.4128,-119.8614
Plover,WI,44.4615,-89.5382
Cornelius,OR,45.5188,-123.051
Marshall,MO,39.1147,-93.201
Cheval,FL,28.1459,-82.5184
Mercerville,NJ,40.236,-74.6917
Royal Kunia,HI,21.4053,-158.0318
East Islip,NY,40.7257,-73.1869
Shorewood,WI,43.0913,-87.8864
St. James,NY,40.8761,-73.1521
Bardstown,KY,37.8175,-85.455
East Cleveland,OH,41.5317,-81.5794
Beaufort,SC,32.4597,-80.7235
Brecksville,OH,41.3079,-81.6192
Oak Park,CA,34.185,-118.7669
Lewisville,NC,36.103,-80.4166
Sunset,FL,25.706,-80.353
Marion,AR,35.2035,-90.2059
Carnot-Moon,PA,40.5187,-80.2178
Grantsville,UT,40.6148,-112.4777
Moberly,MO,39.4179,-92.4364
Port Neches,TX,29.9765,-93.9459
Speedway,IN,39.7937,-86.2481
Seabrook,TX,29.5751,-95.0235
Norwalk,IA,41.4895,-93.6913
Hockessin,DE,39.7837,-75.6815
Miami Springs,FL,25.8195,-80.2894
South Charleston,WV,38.3426,-81.7155
Warrensville Heights,OH,41.4363,-81.5222
Martinsville,VA,36.6826,-79.8636
Fruita,CO,39.1548,-108.7305
Villas,FL,26.5504,-81.8678
New Providence,NJ,40.6996,-74.4035
Echelon,NJ,39.8482,-74.9957
Montgomeryville,PA,40.2502,-75.2405
Groveton,VA,38.7605,-77.098
New Carrollton,MD,38.9656,-76.8775
Powell,TN,36.0358,-84.0296
Vinings,GA,33.8608,-84.4686
Eatontown,NJ,40.2913,-74.0558
Glen Carbon,IL,38.758,-89.9822
Beeville,TX,28.4053,-97.749
King City,CA,36.2164,-121.133
Vineyard,UT,40.3059,-111.7545
University Heights,OH,41.4948,-81.535
Storrs,CT,41.8083,-72.2514
Hazel Crest,IL,41.5732,-87.6899
Lamont,CA,35.2659,-118.9159
Lake Los Angeles,CA,34.6097,-117.8339
Los Alamos,NM,35.8927,-106.2862
Weddington,NC,35.0228,-80.7383
Troy,MO,38.9708,-90.9714
Asbury Lake,FL,30.0472,-81.7853
Auburn,IN,41.3666,-85.0559
Irondale,AL,33.5439,-86.6606
Harrison,OH,39.2584,-84.7868
Endicott,NY,42.098,-76.0639
Trophy Club,TX,33.004,-97.1899
Palmetto,FL,27.5251,-82.5749
Kilgore,TX,32.398,-94.8602
Avenal,CA,36.0311,-120.1162
Woodinville,WA,47.757,-122.1477
Lexington Park,MD,38.2528,-76.4424
Andrews,TX,32.3207,-102.552
Canton,IL,40.5632,-90.0409
Lincoln,IL,40.1508,-89.372
Rogers,MN,45.1865,-93.5783
Brock Hall,MD,38.8604,-76.7459
Joppatowne,MD,39.4181,-76.3516
Jupiter Farms,FL,26.9222,-80.2189
Salisbury,NY,40.7454,-73.5604
Englewood,OH,39.8643,-84.307
Moody,AL,33.5986,-86.4963
Blue Ash,OH,39.248,-84.3827
Pottsville,PA,40.6798,-76.2091
Sault Ste. Marie,MI,46.4817,-84.3723
Chino Valley,AZ,34.7594,-112.412
Washington,PA,40.1741,-80.2465
Lake Forest Park,WA,47.7574,-122.2864
Pell City,AL,33.561,-86.2669
Western Springs,IL,41.8023,-87.9006
Atlantic Beach,FL,30.3375,-81.4127
Henderson,TX,32.1576,-94.796
Conway,FL,28.4968,-81.3316
Harrison,WI,44.1935,-88.2941
Nesconset,NY,40.8467,-73.1522
Steamboat Springs,CO,40.4777,-106.8243
Bonita,CA,32.6651,-117.0296
Kingston,PA,41.2652,-75.8876
Franklin Park,NJ,40.4439,-74.5431
North Fair Oaks,CA,37.4754,-122.2034
Portland,TN,36.5921,-86.5239
Bexley,OH,39.965,-82.9343
Coatesville,PA,39.9849,-75.82
South Daytona,FL,29.1657,-81.0055
Butler,PA,40.8616,-79.8962
Trenton,OH,39.4792,-84.462
Callaway,FL,30.1349,-85.5568
Marietta,OH,39.4241,-81.4465
Kings Park West,VA,38.8151,-77.296
Loveland,OH,39.2677,-84.2733
Hawaiian Paradise Park,HI,19.5828,-154.9695
Sterling,CO,40.6205,-103.1925
Clayton,OH,39.8689,-84.3292
Tega Cay,SC,35.039,-81.0111
Huntington,VA,38.7916,-77.074
Connersville,IN,39.6582,-85.141
Fernandina Beach,FL,30.6571,-81.4511
Star,ID,43.7026,-116.4914
La Grange Park,IL,41.8308,-87.8723
Accokeek,MD,38.6745,-77.0023
Waconia,MN,44.8422,-93.7896
California,MD,38.2969,-76.4949
Newton,NC,35.663,-81.2335
Harrison,AR,36.2438,-93.1198
El Sobrante,CA,33.8724,-117.4624
Orangeburg,SC,33.4928,-80.8671
Green Valley,MD,39.3414,-77.24
Olympia Heights,FL,25.724,-80.3388
Lincolnwood,IL,42.0054,-87.733
River Ridge,LA,29.9593,-90.2202
Ridgefield Park,NJ,40.8543,-74.0201
Dorado,PR,18.4657,-66.2726
Celebration,FL,28.3102,-81.551
Cypress Lake,FL,26.5392,-81.8999
Webb City,MO,37.1412,-94.4676
Dardenne Prairie,MO,38.7565,-90.7319
Superior,CO,39.934,-105.1588
Florham Park,NJ,40.7773,-74.3953
Glendale,WI,43.1287,-87.9277
Mount Vernon,VA,38.714,-77.1043
Las Vegas,NM,35.6011,-105.2206
Soddy-Daisy,TN,35.2571,-85.1739
Lake Station,IN,41.5729,-87.2599
Mountain Park,GA,33.8458,-84.1314
Carpinteria,CA,34.3962,-119.5118
Dover,OH,40.5304,-81.4806
Cambridge,MD,38.5515,-76.0787
North Palm Beach,FL,26.8217,-80.0576
Viera East,FL,28.2613,-80.7149
Grand Terrace,CA,34.0312,-117.3132
Stoughton,WI,42.9237,-89.2225
La Grande,OR,45.3242,-118.0865
Claremont,NH,43.379,-72.3368
Fords,NJ,40.5359,-74.3126
Palos Verdes Estates,CA,33.7872,-118.3973
Linganore,MD,39.4127,-77.3014
Mango,FL,27.9914,-82.307
D'Iberville,MS,30.4709,-88.9011
Tomball,TX,30.0951,-95.6194
Smyrna,DE,39.2935,-75.6083
Blytheville,AR,35.9321,-89.9051
Mountain Home,AR,36.3351,-92.384
Sharon,PA,41.234,-80.4998
Athens,TX,32.2041,-95.8321
West Carrollton,OH,39.6701,-84.2542
Suamico,WI,44.6354,-88.0683
Wimauma,FL,27.6964,-82.3034
Holly Hill,FL,29.2442,-81.0465
Mounds View,MN,45.1071,-93.2076
Festus,MO,38.2194,-90.4097
Miami,OK,36.8878,-94.8711
Bedford,OH,41.3919,-81.536
Somerville,NJ,40.5696,-74.6092
Ionia,MI,42.9773,-85.0727
Newcastle,WA,47.5304,-122.1633
Rochester,MI,42.6866,-83.1198
Avocado Heights,CA,34.0391,-117.997
Sugarland Run,VA,39.0309,-77.3762
Greenville,WI,44.3003,-88.5365
Waianae,HI,21.4568,-158.1758
Bloomsburg,PA,41.0027,-76.4561
Jennings,MO,38.7231,-90.2644
Holiday City-Berkeley,NJ,39.9639,-74.2787
El Dorado,KS,37.821,-96.8613
Manvel,TX,29.4798,-95.3635
Lakeland South,WA,47.2786,-122.2826
St. Ann,MO,38.7266,-90.3872
Red Bank,NJ,40.348,-74.0672
Neosho,MO,36.8437,-94.3758
Larkspur,CA,37.9393,-122.5312
Pasadena Hills,FL,28.2881,-82.238
Byram,MS,32.189,-90.2861
Lakeside,VA,37.6132,-77.4768
Solana Beach,CA,32.9943,-117.2574
West Monroe,LA,32.512,-92.1513
Timberlake,VA,37.3167,-79.2481
Cheney,WA,47.4901,-117.579
Santa Fe,TX,29.3889,-95.1003
Stony Brook,NY,40.9061,-73.1278
Forrest City,AR,35.0135,-90.7931
Amherst,OH,41.4022,-82.2303
Florida City,FL,25.4418,-80.4685
Vadnais Heights,MN,45.057,-93.0748
Woodhaven,MI,42.132,-83.2374
Branson,MO,36.6509,-93.2636
Emeryville,CA,37.8382,-122.2932
Greenville,OH,40.1043,-84.6209
Gonzales,LA,30.2132,-90.9234
Sandy,OR,45.3988,-122.2697
Manorville,NY,40.8574,-72.7915
Highland City,FL,27.9633,-81.8781
Meadville,PA,41.6476,-80.1468
San Anselmo,CA,37.9821,-122.5699
Oatfield,OR,45.4125,-122.594
Marysville,CA,39.1518,-121.5835
Oakland,NJ,41.0313,-74.2408
Kelso,WA,46.1236,-122.8909
Jerome,ID,42.7179,-114.5159
Grover Beach,CA,35.1204,-120.6197
Tucson Estates,AZ,32.1792,-111.1266
Edgewood,WA,47.2309,-122.2832
Fostoria,OH,41.16,-83.4121
Sarasota Springs,FL,27.3087,-82.4746
Robinson,TX,31.4501,-97.1201
Eufaula,AL,31.9102,-85.1505
Enumclaw,WA,47.2018,-121.9897
Verde Village,AZ,34.7119,-111.9941
Canovanas,PR,18.3693,-65.9009
North Adams,MA,42.6844,-73.1166
Manchester,TN,35.463,-86.0774
Claiborne,LA,32.5379,-92.1981
Diamond Springs,CA,38.692,-120.8391
Wickliffe,OH,41.6072,-81.469
Wilmington,OH,39.4362,-83.8141
Sedro-Woolley,WA,48.5112,-122.2321
Ottawa,KS,38.5996,-95.2636
Minooka,IL,41.4507,-88.2791
Blackfoot,ID,43.194,-112.3454
Paradise Valley,AZ,33.5434,-111.9595
Saddlebrooke,AZ,32.5576,-110.874
Brown Deer,WI,43.1743,-87.975
St. Marys,PA,41.4574,-78.5342
Gaffney,SC,35.0743,-81.6552
Fulton,MO,38.8551,-91.951
Boiling Springs,SC,35.045,-81.9779
Riviera Beach,MD,39.1623,-76.5257
Lewisburg,TN,35.451,-86.7901
Melvindale,MI,42.2802,-83.1782
Goldenrod,FL,28.6114,-81.2916
Lansdowne,VA,39.0844,-77.4839
Dunkirk,NY,42.4801,-79.3324
Guymon,OK,36.6903,-101.4774
Kingsburg,CA,36.5244,-119.5602
Lantana,TX,33.0926,-97.1214
Cloquet,MN,46.7221,-92.4923
Richton Park,IL,41.4816,-87.7387
Ridgefield,WA,45.8114,-122.7051
Geneva,NY,42.8645,-76.9826
Castle Pines,CO,39.4625,-104.8706
Lindsay,CA,36.2082,-119.0897
Port Washington,WI,43.3846,-87.8855
Levelland,TX,33.5806,-102.3635
Parker,SC,34.8513,-82.4512
Union,MO,38.4399,-90.9927
Poquoson,VA,37.1318,-76.3568
Artesia,NM,32.8497,-104.4268
Mendota,CA,36.7555,-120.3776
Spearfish,SD,44.4909,-103.8155
Cottonwood,AZ,34.7195,-112.0016
Northlake,IL,41.9142,-87.9054
North Merrick,NY,40.6871,-73.5615
Rantoul,IL,40.3031,-88.1549
North St. Paul,MN,45.0137,-92.9995
Winnetka,IL,42.1064,-87.7421
Ridge,NY,40.9068,-72.8816
Baraboo,WI,43.4695,-89.7376
Lake Elmo,MN,44.9944,-92.9031
Lake Norman of Catawba,NC,35.5995,-80.984
Big Bear City,CA,34.2536,-116.7903
Fort Atkinson,WI,42.9253,-88.8442
Cascades,VA,39.0464,-77.3874
Gold Canyon,AZ,33.3639,-111.423
Grenada,MS,33.7816,-89.813
Annapolis Neck,MD,38.9409,-76.4997
Garden City,ID,43.6526,-116.2743
Amelia,OH,39.0269,-84.2218
Forest,VA,37.3728,-79.2831
Doctor Phillips,FL,28.4474,-81.4914
Box Elder,SD,44.112,-103.0818
Jensen Beach,FL,27.2437,-80.2423
Boone,IA,42.0531,-93.877
Liberty Lake,WA,47.6686,-117.1036
Newington Forest,VA,38.737,-77.2339
Overlea,MD,39.3642,-76.5175
Fortuna,CA,40.5862,-124.1419
Lake City,FL,30.1901,-82.6471
Myrtle Grove,NC,34.123,-77.8834
Borger,TX,35.6598,-101.4012
Sylacauga,AL,33.178,-86.2605
Conneaut,OH,41.9275,-80.5685
Escanaba,MI,45.7477,-87.09
Justice,IL,41.7495,-87.8345
Eureka,MO,38.5004,-90.6491
Valley Falls,RI,41.9233,-71.3924
Patchogue,NY,40.7621,-73.0185
Tehachapi,CA,35.1276,-118.4744
Lake Tapps,WA,47.2307,-122.1695
Derby,CT,41.3265,-73.0833
Manchester,VA,37.4902,-77.5396
West Plains,MO,36.7377,-91.868
Mapleton,UT,40.1188,-111.5742
Rio Grande,PR,18.3789,-65.8388
Baker,LA,30.5832,-91.1582
Cedarburg,WI,43.299,-87.9887
Jefferson Hills,PA,40.2926,-79.9329
Newman,CA,37.3156,-121.0212
Crestwood,MO,38.5569,-90.3783
Fairfax Station,VA,38.7942,-77.3358
Webster,TX,29.5317,-95.1188
Nanakuli,HI,21.3892,-158.1445
Camp Verde,AZ,34.569,-111.856
Kewanee,IL,41.2399,-89.9264
Upper Montclair,NJ,40.8433,-74.2006
San Marino,CA,34.1224,-118.1132
Madison,IN,38.7581,-85.3973
Streator,IL,41.1245,-88.8297
Grafton,WI,43.3204,-87.948
Herrin,IL,37.7983,-89.0305
Riverview,MI,42.1723,-83.1946
Crossville,TN,35.9526,-85.0295
Effingham,IL,39.1205,-88.5509
East Renton Highlands,WA,47.4718,-122.0854
Newcastle,OK,35.2401,-97.5995
Maili,HI,21.4133,-158.1701
Beatrice,NE,40.2736,-96.7455
Leeds,AL,33.5436,-86.5639
El Campo,TX,29.2,-96.2723
Choctaw,OK,35.4802,-97.2666
Rosaryville,MD,38.7672,-76.8266
Monfort Heights,OH,39.1823,-84.6075
McComb,MS,31.2442,-90.4716
Gig Harbor,WA,47.3352,-122.5964
Milford,DE,38.9091,-75.4227
Washington,IN,38.6586,-87.1591
Gardnerville Ranchos,NV,38.8957,-119.7492
Tamalpais-Homestead Valley,CA,37.8793,-122.5382
Macedonia,OH,41.3147,-81.4989
Scotts Valley,CA,37.0555,-122.0118
Gardere,LA,30.3582,-91.1346
Richmond,TX,29.5824,-95.7563
Big Lake,MN,45.3417,-93.7434
Somerset,KY,37.0834,-84.6109
Dent,OH,39.1915,-84.6601
Yeadon,PA,39.9325,-75.2527
St. Peter,MN,44.3295,-93.9658
Wyndham,VA,37.6924,-77.6123
Glen Rock,NJ,40.9601,-74.125
Minnehaha,WA,45.6577,-122.6204
Finneytown,OH,39.2159,-84.5144
Commerce,CA,33.9963,-118.1519
New Kensington,PA,40.5712,-79.7523
Key Largo,FL,25.1224,-80.412
Hasbrouck Heights,NJ,40.8618,-74.0741
Moss Point,MS,30.4241,-88.5289
Somersworth,NH,43.2534,-70.8856
New Baltimore,MI,42.6904,-82.7398
Prairie Ridge,WA,47.1438,-122.1408
Oak Grove,SC,33.978,-81.1468
Ocean Pines,MD,38.3851,-75.1487
Wakefield,VA,38.823,-77.2406
River Edge,NJ,40.9269,-74.0387
Bound Brook,NJ,40.5676,-74.5383
Portales,NM,34.1754,-103.3565
Honeygo,MD,39.4055,-76.4282
Hornsby Bend,TX,30.2388,-97.5899
Westphalia,MD,38.8356,-76.8298
Goulds,FL,25.5614,-80.388
Martinsville,NJ,40.603,-74.5751
Weatherford,OK,35.538,-98.6853
Shady Hills,FL,28.4042,-82.5468
Centralia,IL,38.5224,-89.1232
Fort Bliss,TX,31.8396,-106.3747
Port Wentworth,GA,32.1951,-81.1991
East Bethel,MN,45.3557,-93.2038
Pike Creek Valley,DE,39.7294,-75.6989
Archdale,NC,35.9032,-79.9591
Gladstone,OR,45.3864,-122.5934
Woodward,OK,36.4247,-99.4058
Inwood,NY,40.6219,-73.7506
Poulsbo,WA,47.7417,-122.6407
Red Bank,TN,35.1117,-85.2962
Lanham,MD,38.962,-76.8421
Fenton,MI,42.7994,-83.7144
Little Chute,WI,44.2906,-88.3208
South Miami,FL,25.7079,-80.2952
Stuarts Draft,VA,38.0188,-79.0354
Martinsville,IN,39.4149,-86.4316
Show Low,AZ,34.2671,-110.0384
Middleburg,FL,30.0502,-81.9011
Arkansas City,KS,37.0726,-97.0385
Rossmoor,CA,33.7887,-118.0803
Mount Sinai,NY,40.9372,-73.0179
Laurel,FL,27.1507,-82.4534
Dranesville,VA,38.9955,-77.3693
Robertsville,NJ,40.3395,-74.2939
Elizabethtown,PA,40.1533,-76.599
Mountain Top,PA,41.1353,-75.9045
Lantana,FL,26.5834,-80.0564
Picayune,MS,30.5322,-89.6724
Niles,MI,41.8346,-86.2473
Lawrenceburg,KY,38.0332,-84.9031
Wallington,NJ,40.8536,-74.1069
Westview,FL,25.8825,-80.2415
Endwell,NY,42.1184,-76.0219
Palos Heights,IL,41.6637,-87.7958
Middle Valley,TN,35.1877,-85.1959
Richfield,WI,43.2372,-88.2413
Salem,OH,40.9049,-80.8492
Hartsville,TN,36.3921,-86.1568
Evanston,WY,41.2602,-110.9646
Vermillion,SD,42.7811,-96.9256
Irmo,SC,34.1018,-81.1956
Smithfield,NC,35.5133,-78.3495
Sussex,WI,43.1346,-88.2226
Destrehan,LA,29.9626,-90.3676
Los Alamitos,CA,33.7971,-118.0592
Woodmere,LA,29.8493,-90.0751
Largo,MD,38.88,-76.8289
Tarrytown,NY,41.0647,-73.8672
View Park-Windsor Hills,CA,33.9955,-118.3483
Miller Place,NY,40.9374,-72.9864
The Pinery,CO,39.4462,-104.7591
James Island,SC,32.7353,-79.9394
Gulfport,FL,27.7463,-82.7099
Lawrenceburg,TN,35.2497,-87.3325
Winfield,KS,37.274,-96.95
College,AK,64.8694,-147.8216
Ontario,OR,44.0259,-116.976
Emmaus,PA,40.5352,-75.4978
Burley,ID,42.5379,-113.7926
Douglas,GA,31.5065,-82.8544
North Wantagh,NY,40.6983,-73.5086
Medulla,FL,27.957,-81.9866
Berthoud,CO,40.3071,-105.0426
Green River,WY,41.5127,-109.471
Bellmawr,NJ,39.8666,-75.0941
Friendly,MD,38.7601,-76.9642
Franklin,OH,39.5538,-84.2952
Lakeland Highlands,FL,27.9572,-81.9496
Granbury,TX,32.4475,-97.7702
Davenport,FL,28.1587,-81.6083
Lower Burrell,PA,40.5818,-79.7141
Brookhaven,MS,31.5803,-90.4432
Mendota Heights,MN,44.8815,-93.14
Hamilton Square,NJ,40.2248,-74.6526
South Yarmouth,MA,41.6692,-70.2005
Guttenberg,NJ,40.7928,-74.0049
Alcoa,TN,35.8076,-83.9753
University of California-Santa Barbara,CA,34.4151,-119.8568
Seven Hills,OH,41.3803,-81.6736
Miami Shores,FL,25.867,-80.1779
Plano,IL,41.6757,-88.5293
Bucyrus,OH,40.8054,-82.9719
Alum Rock,CA,37.3694,-121.8238
Yorktown,IN,40.183,-85.5123
Spring Lake,NC,35.1843,-78.9962
Georgetown,GA,31.9849,-81.226
Town and Country,MO,38.6317,-90.479
Minden,LA,32.6187,-93.2762
Ringwood,NJ,41.1065,-74.2749
New Baltimore,VA,38.7495,-77.7151
Lindon,UT,40.3414,-111.7187
Lakeland Village,CA,33.648,-117.3706
Wendell,NC,35.7819,-78.3952
Greensburg,IN,39.3518,-85.5028
Norton,OH,41.0294,-81.6461
Covington,LA,30.481,-90.1122
Signal Hill,CA,33.803,-118.1681
West Point,UT,41.122,-112.0995
Crowley,LA,30.2175,-92.3752
Roma,TX,26.4166,-99.0061
Wellington,CO,40.7,-105.0054
Campbellsville,KY,37.3445,-85.3511
Fort Morgan,CO,40.2537,-103.7903
Cano Martin Pena,PR,18.4309,-66.0507
Lincolnton,NC,35.4748,-81.2386
La Riviera,CA,38.5683,-121.3544
Oskaloosa,IA,41.2922,-92.6404
Four Corners,TX,29.6705,-95.6596
Woods Cross,UT,40.8731,-111.917
River Forest,IL,41.895,-87.8194
Mexico,MO,39.1625,-91.8712
New Port Richey East,FL,28.2605,-82.6931
Pontiac,IL,40.8894,-88.6409
Fort Campbell North,KY,36.6631,-87.4764
Leon Valley,TX,29.4954,-98.6143
North Valley,NM,35.1736,-106.6231
Farmington,MI,42.4614,-83.3784
Kings Mountain,NC,35.2349,-81.3501
Citrus Springs,FL,28.9931,-82.4594
Gloucester City,NJ,39.8924,-75.1172
Oak Hills,OR,45.5405,-122.8413
Schiller Park,IL,41.9586,-87.8693
Half Moon Bay,CA,37.4685,-122.4382
Moss Bluff,LA,30.3039,-93.2051
Lovington,NM,32.9128,-103.3276
Mack,OH,39.1492,-84.6794
Ridgefield,NJ,40.8313,-74.0147
Woodbury,NY,41.3284,-74.1004
Markham,IL,41.6,-87.6904
Home Gardens,CA,33.8783,-117.5116
Winton,CA,37.3854,-120.6173
Tucson Mountains,AZ,32.2822,-111.0773
Belgrade,MT,45.7789,-111.1736
Lahaina,HI,20.8848,-156.6618
Platteville,WI,42.728,-90.4681
Port Lavaca,TX,28.6181,-96.6278
Elk City,OK,35.3862,-99.4301
Wilton Manors,FL,26.1593,-80.1395
Muscoy,CA,34.1552,-117.3477
East Glenville,NY,42.8648,-73.9256
Dobbs Ferry,NY,41.0127,-73.8697
Suffern,NY,41.1138,-74.1422
Grosse Pointe Park,MI,42.3794,-82.9287
East Grand Rapids,MI,42.9464,-85.6088
Spencer,IA,43.1468,-95.1534
La Homa,TX,26.2796,-98.3575
Batesville,AR,35.7687,-91.6227
Oregon,WI,42.9253,-89.3892
Bridgeton,MO,38.7673,-90.4275
Okmulgee,OK,35.6134,-96.0068
Waihee-Waiehu,HI,20.9188,-156.5063
Rancho Mission Viejo,CA,33.514,-117.5618
Cocoa Beach,FL,28.3327,-80.6274
Fulton,NY,43.3171,-76.4167
Roessleville,NY,42.6969,-73.7964
Mitchellville,MD,38.9358,-76.8146
Elon,NC,36.1016,-79.5086
Powdersville,SC,34.7826,-82.4959
Clawson,MI,42.5367,-83.1504
Snyder,TX,32.7133,-100.9116
Fountain Inn,SC,34.6989,-82.2005
Selma,TX,29.5866,-98.3132
Ravenna,OH,41.1612,-81.2422
Anderson,CA,40.4497,-122.295
Whitestown,IN,39.9706,-86.3612
Storm Lake,IA,42.6431,-95.196
Healdsburg,CA,38.6224,-122.8651
Triangle,VA,38.5483,-77.3195
Newport East,RI,41.5159,-71.2878
Ocean City,NJ,39.2681,-74.602
Fredericksburg,TX,30.266,-98.8751
Satellite Beach,FL,28.1782,-80.6019
Waupun,WI,43.6314,-88.7381
Lansing,KS,39.2428,-94.8972
North Logan,UT,41.7759,-111.8066
Two Rivers,WI,44.1565,-87.5824
Cold Springs,NV,39.6927,-119.9775
Westwood,NJ,40.9878,-74.0308
Bayou Blue,LA,29.6341,-90.6733
Forestville,OH,39.0711,-84.3389
Morgan City,LA,29.7041,-91.192
Brooklyn,OH,41.4349,-81.7497
Lowes Island,VA,39.0471,-77.3524
Waipio,HI,21.4143,-157.9966
Petal,MS,31.3477,-89.2359
Prineville,OR,44.2985,-120.8607
Grand Rapids,MN,47.238,-93.5327
Collegedale,TN,35.0526,-85.0488
North Branch,MN,45.5137,-92.9601
Monmouth,OR,44.8505,-123.2284
Timberlane,LA,29.8781,-90.0303
Hormigueros,PR,18.1437,-67.1199
Stansbury Park,UT,40.6356,-112.3054
Wanaque,NJ,41.044,-74.29
Gloucester Point,VA,37.2767,-76.5043
Urbana,OH,40.1085,-83.7541
North Lindenhurst,NY,40.7072,-73.3859
Rincon,GA,32.2947,-81.2353
Taylorville,IL,39.5328,-89.2804
Progress,PA,40.2901,-76.8394
Elwood,NY,40.8462,-73.3389
Travilah,MD,39.057,-77.247
Hillsborough,CA,37.5572,-122.3586
Burr Ridge,IL,41.7485,-87.92
Haysville,KS,37.5648,-97.3527
Millington,TN,35.335,-89.8991
Del Aire,CA,33.9167,-118.3693
Union Park,FL,28.5657,-81.2355
Canyon Lake,CA,33.6885,-117.2621
Pleasant View,UT,41.3249,-112.0011
Birch Bay,WA,48.9243,-122.7519
Wyomissing,PA,40.3317,-75.9703
Abbeville,LA,29.9751,-92.1265
Middle Island,NY,40.8857,-72.9454
Sturgis,MI,41.7991,-85.4184
Spout Springs,NC,35.2724,-79.0331
Great Neck,NY,40.8029,-73.7333
Lansdowne,PA,39.9408,-75.276
Fairview Shores,FL,28.6021,-81.3958
Columbia,IL,38.4581,-90.2156
Marinette,WI,45.0871,-87.6336
Coshocton,OH,40.2618,-81.848
Waterloo,IL,38.3403,-90.1538
Lake Grove,NY,40.8586,-73.1168
Danville,IN,39.7584,-86.5019
Barrington,IL,42.1515,-88.1281
Belle Chasse,LA,29.8558,-90.0045
Waynesboro,PA,39.7524,-77.5822
Grandview,WA,46.2443,-119.9092
Union City,TN,36.4267,-89.0474
Merriam,KS,39.0186,-94.6933
Monument,CO,39.0736,-104.8467
Summerfield,NC,36.1973,-79.8997
Iowa Colony,TX,29.4407,-95.4206
Holmen,WI,43.9706,-91.2654
Greentree,NJ,39.8989,-74.9613
Shiloh,PA,39.9732,-76.792
Guthrie,OK,35.8424,-97.4366
Burlington,WI,42.6744,-88.2721
Sierra Madre,CA,34.1687,-118.0504
Heartland,TX,32.6748,-96.4515
Celina,OH,40.555,-84.5626
Piedmont,CA,37.8225,-122.2301
Burkburnett,TX,34.0746,-98.5672
Cherry Creek,CO,39.6094,-104.8645
Franklin Lakes,NJ,41.0086,-74.2083
Pompton Lakes,NJ,41.0024,-74.2859
Sun Village,CA,34.5596,-117.9558
Beachwood,NJ,39.9286,-74.2022
North Bellport,NY,40.7868,-72.9457
Brandon,SD,43.5928,-96.5799
Bolivar,MO,37.6059,-93.4175
Elgin,TX,30.3526,-97.3883
Brandywine,MD,38.6963,-76.8846
Huntertown,IN,41.2185,-85.1705
Springdale,OH,39.2909,-84.476
Halfway,MD,39.6162,-77.7703
Magnolia,AR,33.2775,-93.2261
Victoria,MN,44.8634,-93.6585
Quartz Hill,CA,34.6527,-118.2163
Lovejoy,GA,33.4426,-84.3177
Grand Haven,MI,43.0553,-86.2201
Clayton,CA,37.9404,-121.9301
Terryville,NY,40.9093,-73.0486
Port Salerno,FL,27.1461,-80.1894
Lyndon,KY,38.2645,-85.5891
Red Bank,SC,33.9309,-81.2322
Little Ferry,NJ,40.8464,-74.0388
Malvern,AR,34.3734,-92.8205
Totowa,NJ,40.9039,-74.2214
White City,OR,42.4316,-122.8322
Lowell,IN,41.2917,-87.4195
Fife,WA,47.2329,-122.3518
Lincoln Park,NJ,40.9239,-74.3035
Summit,IL,41.7877,-87.8146
Troy,IL,38.7268,-89.8977
Damascus,OR,45.4233,-122.4436
Kapaa,HI,22.091,-159.3521
Tremonton,UT,41.7187,-112.189
Carencro,LA,30.3126,-92.0388
Roscoe,IL,42.4256,-89.0084
Timonium,MD,39.4459,-76.6032
Bedford Heights,OH,41.4041,-81.5053
Hudson,FL,28.3595,-82.6894
Fox Lake,IL,42.4239,-88.1844
Sugarmill Woods,FL,28.7299,-82.501
Manville,NJ,40.542,-74.5892
Martin,TN,36.3385,-88.8513
Canton,MS,32.5975,-90.0317
Oak Ridge,NJ,41.0323,-74.4971
Maltby,WA,47.8027,-122.1044
Cleveland,MS,33.744,-90.7285
Pleasanton,TX,28.9642,-98.4957
DeForest,WI,43.2301,-89.3431
Boaz,AL,34.1985,-86.1529
McKee City,NJ,39.4465,-74.6445
Forestville,MD,38.8518,-76.8708
Berkley,CO,39.8045,-105.0281
Peru,IN,40.7593,-86.0756
Lake Monticello,VA,37.921,-78.3295
Garden City,SC,33.5926,-79.0071
Montgomery,OH,39.2496,-84.3458
De Witt,NY,43.03,-76.0819
Citrus,CA,34.116,-117.8891
Riverton,WY,43.0421,-108.4144
West Vero Corridor,FL,27.6363,-80.4844
Pleasant Hill,IA,41.5867,-93.4953
Atchison,KS,39.5625,-95.1367
Bithlo,FL,28.5644,-81.1073
Myers Corner,NY,41.5864,-73.8793
Shiloh,OH,39.8159,-84.2317
Russellville,AL,34.5055,-87.7283
Mount Kisco,NY,41.2016,-73.7281
Pineville,NC,35.0864,-80.8915
Westwood Lakes,FL,25.7237,-80.3717
Pompton Plains,NJ,40.9679,-74.3075
Airway Heights,WA,47.6459,-117.5792
Kendall Park,NJ,40.4135,-74.5631
Vidalia,GA,32.2125,-82.4019
Pine Hill,NJ,39.7879,-74.9857
Manati,PR,18.4283,-66.4823
Jackson,WY,43.472,-110.7746
Lake Arrowhead,CA,34.2531,-117.1944
Northbrook,OH,39.2467,-84.5796
Doraville,GA,33.9073,-84.2711
Newberry,SC,34.2813,-81.601
The Hills,NJ,40.6561,-74.6215
Worth,IL,41.6877,-87.7916
Placerville,CA,38.7308,-120.7979
Scenic Oaks,TX,29.7038,-98.6712
Saks,AL,33.7118,-85.8536
Sonoma,CA,38.2902,-122.4598
Campton Hills,IL,41.9498,-88.4166
Essex Junction,VT,44.4902,-73.1141
Pebble Creek,FL,28.1583,-82.3411
Morro Bay,CA,35.3682,-120.8482
Van Wert,OH,40.8651,-84.5879
Gages Lake,IL,42.3519,-87.9828
Tarboro,NC,35.9046,-77.5563
Fuller Heights,FL,27.9227,-81.9978
Kearney,MO,39.355,-94.3599
Felida,WA,45.7138,-122.7103
Lexington,NE,40.7779,-99.7461
Soquel,CA,36.9978,-121.9483
Broomall,PA,39.9688,-75.354
Lenoir City,TN,35.8111,-84.2818
Calimesa,CA,33.9874,-117.0542
Lake Barcroft,VA,38.8514,-77.1579
Yorkshire,VA,38.7882,-77.4496
Richmond Heights,OH,41.5589,-81.5029
Pine Ridge,FL,28.933,-82.4761
Sumner,WA,47.2189,-122.2338
Corozal,PR,18.341,-66.3124
Corning,NY,42.147,-77.0561
Darby,PA,39.921,-75.261
West Haverstraw,NY,41.2063,-73.9884
Clute,TX,29.0256,-95.3975
Isabela,PR,18.4991,-67.022
Freeport,TX,28.9453,-95.3601
Alachua,FL,29.7779,-82.4832
St. Albans,WV,38.3769,-81.8198
Mount Vista,WA,45.7373,-122.6316
Potomac Park,CA,35.3636,-118.965
Munhall,PA,40.3935,-79.9005
Mount Airy,NC,36.5083,-80.6155
Fair Oaks Ranch,TX,29.7467,-98.6376
Cottage Grove,OR,43.796,-123.0573
Fairview,OR,45.5469,-122.439
Memphis,FL,27.5435,-82.5608
Chalco,NE,41.1817,-96.1353
Pella,IA,41.4052,-92.9189
Winterville,NC,35.5291,-77.4
Santa Clara,OR,44.1154,-123.1344
Crestwood,IL,41.6454,-87.7397
Shelton,WA,47.2186,-123.1121
Yelm,WA,46.9398,-122.6262
Waggaman,LA,29.9373,-90.2354
Bel Air,MD,39.5348,-76.346
Nanticoke,PA,41.2005,-76.0003
Le Mars,IA,42.781,-96.1733
Bonham,TX,33.588,-96.1901
Sleepy Hollow,NY,41.0936,-73.8722
Lake Morton-Berrydale,WA,47.3325,-122.1032
Ironton,OH,38.5323,-82.6779
North Lakes,AK,61.6191,-149.311
Pingree Grove,IL,42.0855,-88.4358
Vienna,WV,39.324,-81.5383
Fairview,TX,33.1399,-96.6117
Monroe,WI,42.603,-89.6381
Bellefontaine Neighbors,MO,38.7529,-90.228
Palatka,FL,29.6493,-81.6705
Maryville,MO,40.3428,-94.8702
Smithville,MO,39.3919,-94.5747
Bellmead,TX,31.6026,-97.0897
Little Canada,MN,45.0244,-93.0863
Heath,OH,40.0241,-82.4413
Linthicum,MD,39.2088,-76.6626
Scotchtown,NY,41.4765,-74.3668
Bluffton,IN,40.7424,-85.173
Bogalusa,LA,30.7812,-89.8633
Galena Park,TX,29.7452,-95.2333
Delhi,CA,37.4306,-120.7759
New Albany,OH,40.0809,-82.7848
Fairmount,CO,39.7931,-105.1711
Raceland,LA,29.7282,-90.6362
Malibu,CA,34.037,-118.7839
Riverdale,IL,41.6441,-87.6366
Beverly Hills,MI,42.522,-83.2423
Plymouth,IN,41.3483,-86.3187
Excelsior Springs,MO,39.339,-94.24
Forest Acres,SC,34.0323,-80.9716
Reading,OH,39.2242,-84.4333
Milton,FL,30.6286,-87.0522
Cheat Lake,WV,39.667,-79.8564
Sweetwater,TX,32.4692,-100.4092
Bastrop,TX,30.1113,-97.3176
River Grove,IL,41.9243,-87.8379
White Marsh,MD,39.3819,-76.4574
Fort Meade,MD,39.1061,-76.7437
Marlton,NJ,39.9014,-74.9294
Espanola,NM,36.0044,-106.0686
La Plata,MD,38.5352,-76.97
Rifle,CO,39.5362,-107.7729
Chestnut Ridge,NY,41.0829,-74.0551
Lighthouse Point,FL,26.2785,-80.0891
Somers Point,NJ,39.3167,-74.6066
Little River,SC,33.8786,-78.6393
Vermilion,OH,41.4103,-82.3214
Rockport,TX,28.029,-97.0722
Garrison,MD,39.4023,-76.7514
Waverly,IA,42.725,-92.4708
Silverton,OR,45.003,-122.7808
Golden Hills,CA,35.1409,-118.4968
Scaggsville,MD,39.1416,-76.8843
Lowell,AR,36.2561,-94.1532
Warr Acres,OK,35.5285,-97.6182
Crestline,CA,34.2486,-117.2887
Alexandria,KY,38.9621,-84.3859
Pine Castle,FL,28.4651,-81.3741
Camden,AR,33.5672,-92.8467
Gunbarrel,CO,40.0632,-105.1713
Vashon,WA,47.4122,-122.4726
Hobart,WI,44.4967,-88.1602
Flat Rock,MI,42.0991,-83.2716
Garden Acres,CA,37.9637,-121.2296
Edwards,CO,39.6215,-106.6184
Waynesville,NC,35.4854,-82.9996
Lake Hiawatha,NJ,40.8816,-74.3826
Valley,AL,32.8088,-85.181
Cadillac,MI,44.2493,-85.4164
Blackhawk,CA,37.8159,-121.9071
London,OH,39.8935,-83.4375
Madison Heights,VA,37.4487,-79.1057
Scottdale,GA,33.795,-84.2634
Newport,OR,44.6242,-124.0513
Fair Oaks,GA,33.9193,-84.5445
Lyons,IL,41.8119,-87.8191
East Setauket,NY,40.921,-73.0942
Flowood,MS,32.3359,-90.0802
Lake Hopatcong,NJ,40.9599,-74.6094
Versailles,KY,38.0486,-84.7258
Wabash,IN,40.8034,-85.8301
Progress Village,FL,27.8831,-82.3593
Spanish Fort,AL,30.7254,-87.8597
East Bakersfield,CA,35.3832,-118.9743
Garden City,GA,32.0867,-81.1773
Portage,WI,43.5489,-89.4658
Northampton,PA,40.6866,-75.4904
Galion,OH,40.7385,-82.7792
Fairmont,MN,43.6441,-94.4621
Tipp City,OH,39.9644,-84.1866
Farmersville,CA,36.305,-119.2083
New Richmond,WI,45.125,-92.5377
Shasta Lake,CA,40.679,-122.3775
Fort Oglethorpe,GA,34.9318,-85.246
Loudoun Valley Estates,VA,38.977,-77.5053
Arkadelphia,AR,34.1253,-93.0729
Manhattan,IL,41.4274,-87.9805
Wood River,IL,38.8631,-90.0774
Paris,TN,36.2933,-88.3065
Francisville,KY,39.1068,-84.7277
Rotonda,FL,26.8844,-82.2791
Comstock Park,MI,43.0438,-85.6778
Valley Center,CA,33.233,-117.0158
Berwick,PA,41.0555,-76.2492
Port Townsend,WA,48.122,-122.7877
Clay,AL,33.6951,-86.609
Flowery Branch,GA,34.1712,-83.9142
Watervliet,NY,42.7243,-73.7068
East Franklin,NJ,40.4933,-74.471
Exeter,CA,36.2941,-119.1459
Woodlyn,PA,39.8774,-75.3445
Loudonville,NY,42.7068,-73.7665
Alpine,UT,40.4629,-111.7724
Yazoo City,MS,32.8619,-90.4075
Highland,IL,38.7602,-89.6812
Meridianville,AL,34.8729,-86.5722
Carroll,IA,42.0699,-94.8646
Elkhorn,WI,42.6713,-88.5377
Vernal,UT,40.4517,-109.5378
Franklin,KY,36.7177,-86.5595
Raymondville,TX,26.4759,-97.7769
Waimea,HI,20.0124,-155.6381
Oneida,NY,43.0769,-75.6622
Atoka,TN,35.4239,-89.7861
Kennett,MO,36.2403,-90.0481
North Bend,OR,43.4075,-124.2364
Marlton,MD,38.762,-76.7857
Robstown,TX,27.794,-97.6692
Fort Madison,IA,40.6207,-91.3509
Blackwells Mills,NJ,40.4773,-74.5976
Heath,TX,32.8439,-96.4674
Columbia,PA,40.0347,-76.4944
Safford,AZ,32.8335,-109.6964
Independent Hill,VA,38.6404,-77.4089
Sellersburg,IN,38.4028,-85.7706
Rainbow City,AL,33.9336,-86.0922
Cedartown,GA,34.0223,-85.2479
New Hyde Park,NY,40.7323,-73.6858
Hillcrest,CA,35.379,-118.9578
Fort Salonga,NY,40.9068,-73.2996
Difficult Run,VA,38.9016,-77.3471
Rolesville,NC,35.9223,-78.4656
Hermantown,MN,46.8057,-92.2407
La Grange,KY,38.3987,-85.375
Alpena,MI,45.074,-83.4402
Baker City,OR,44.7749,-117.832
Snohomish,WA,47.9276,-122.0969
Cross Lanes,WV,38.4351,-81.7707
Glenwood Springs,CO,39.5455,-107.3347
Alderwood Manor,WA,47.8146,-122.2672
Molalla,OR,45.1502,-122.5845
Bargersville,IN,39.5412,-86.2004
Astoria,OR,46.1856,-123.8053
Coweta,OK,35.9683,-95.6545
East Rutherford,NJ,40.8179,-74.0854
Warrenton,VA,38.7176,-77.7976
Roslyn,PA,40.1311,-75.1374
South Huntington,NY,40.8225,-73.3921
Hackettstown,NJ,40.854,-74.8257
San Diego Country Estates,CA,33.0094,-116.7874
Clinton,TN,36.0981,-84.1283
Trumbull Center,CT,41.2415,-73.1836
Rathdrum,ID,47.7948,-116.8944
San Elizario,TX,31.5793,-106.2632
Cody,WY,44.5213,-109.0548
Paris,KY,38.2016,-84.2718
Cordele,GA,31.9563,-83.7694
Budd Lake,NJ,40.8733,-74.7375
Pike Road,AL,32.2939,-86.09
Middleton,ID,43.7113,-116.6157
Corte Madera,CA,37.9238,-122.5128
Spring Valley Lake,CA,34.4987,-117.2683
Bardmoor,FL,27.8574,-82.7534
Wood-Ridge,NJ,40.8508,-74.0878
Kendallville,IN,41.4441,-85.2578
Waldwick,NJ,41.0133,-74.1259
Independence,OR,44.8547,-123.1952
Murrells Inlet,SC,33.556,-79.0594
Hillsdale,NJ,41.0074,-74.044
Airmont,NY,41.0992,-74.0989
Howell,MI,42.6078,-83.9339
Cairo,GA,30.879,-84.205
East Rockaway,NY,40.6432,-73.6672
Burtonsville,MD,39.1166,-76.9356
East Whittier,CA,33.9244,-117.9887
Reedsburg,WI,43.5348,-89.9965
Cambridge,OH,40.0221,-81.5869
Woodburn,VA,38.8503,-77.2322
Brookdale,NJ,40.8348,-74.1798
Maywood,NJ,40.9025,-74.0634
White Horse,NJ,40.1919,-74.7023
Fairview,CA,37.6758,-122.0473
Hyrum,UT,41.6325,-111.8445
Country Club,CA,37.9687,-121.3408
North Gates,NY,43.1718,-77.7064
Cypress Gardens,FL,28.0036,-81.6857
Willow Street,PA,39.981,-76.2706
Rio Vista,CA,38.1765,-121.7025
Harrisonville,MO,38.653,-94.3467
Detroit Lakes,MN,46.806,-95.8449
Fairmount,NY,43.0414,-76.2485
Struthers,OH,41.051,-80.592
Woodbury,NJ,39.8379,-75.1524
Cambridge,MN,45.5612,-93.2283
Jefferson,LA,29.9609,-90.1554
Winfield,IL,41.8787,-88.1507
Willoughby Hills,OH,41.5873,-81.4333
Sweet Home,OR,44.4023,-122.7028
Fort Stewart,GA,31.8811,-81.6131
Cape Canaveral,FL,28.3933,-80.6049
Columbia City,IN,41.1612,-85.4855
Bay St. Louis,MS,30.3281,-89.3774
Kinnelon,NJ,40.9847,-74.3862
West Point,MS,33.6064,-88.6572
West Glens Falls,NY,43.3057,-73.6964
Grosse Pointe Farms,MI,42.4068,-82.8993
George Mason,VA,38.8356,-77.3186
Fallston,MD,39.5332,-76.4452
DuPont,WA,47.1079,-122.6495
Roanoke,TX,33.0144,-97.2276
Vernon,TX,34.1479,-99.3
Cedar Hills,UT,40.4135,-111.7531
West Perrine,FL,25.6061,-80.3639
Marysville,MI,42.9084,-82.4806
Green Cove Springs,FL,29.9904,-81.6807
Kensington,CT,41.6284,-72.7686
Bacliff,TX,29.5085,-94.9888
Locust Grove,GA,33.3446,-84.1071
Mission,KS,39.027,-94.6568
Brentwood,PA,40.3734,-79.9757
Sparta,WI,43.9377,-90.8131
St. Augustine Shores,FL,29.8039,-81.3086
Bee Ridge,FL,27.2855,-82.4731
Ellisville,MO,38.5897,-90.5884
Mayfield,KY,36.7371,-88.6447
Pajaros,PR,18.361,-66.2184
Muskegon Heights,MI,43.2023,-86.2421
Woodfield,SC,34.0587,-80.9309
Makaha,HI,21.4739,-158.2102
Villas,NJ,39.0157,-74.935
Travis Ranch,TX,32.8015,-96.4775
Salem,UT,40.0539,-111.6718
Lincoln City,OR,44.9751,-124.0072
Rye Brook,NY,41.0302,-73.6864
Avon Park,FL,27.5898,-81.5068
Harvard,IL,42.4296,-88.6211
East Liverpool,OH,40.6333,-80.5677
Wapakoneta,OH,40.5664,-84.1916
Succasunna,NJ,40.853,-74.6568
Peru,IL,41.3482,-89.1371
Jesup,GA,31.5992,-81.8895
Greencastle,IN,39.6432,-86.8418
Ingleside,TX,27.8703,-97.2075
Alamosa,CO,37.4752,-105.877
Fairfield,AL,33.4747,-86.9194
Picnic Point,WA,47.8744,-122.3077
Marathon,FL,24.7263,-81.0374
College Place,WA,46.0419,-118.3878
Uniontown,PA,39.8993,-79.7246
Capitola,CA,36.9773,-121.9537
DeRidder,LA,30.8468,-93.2931
Thomaston,GA,32.8907,-84.3272
Eagle Point,OR,42.4677,-122.8016
Frankfort Square,IL,41.5219,-87.8031
Sedona,AZ,34.8581,-111.7941
Decatur,IN,40.8286,-84.9277
Madera Acres,CA,37.0123,-120.0799
Mahomet,IL,40.1888,-88.3901
Washington,NC,35.5586,-77.0545
Fultondale,AL,33.6174,-86.8014
Fairview,TN,35.9815,-87.1291
Keokuk,IA,40.4095,-91.4031
Mount Airy,MD,39.3742,-77.1534
Morrisville,PA,40.2074,-74.78
Vidor,TX,30.1291,-93.9967
Tanaina,AK,61.6576,-149.4263
Arden Hills,MN,45.0721,-93.167
Monett,MO,36.9218,-93.9278
Keansburg,NJ,40.4469,-74.1315
Sauk Village,IL,41.4906,-87.5706
Sandy Hook,CT,41.4128,-73.244
Hartland,WI,43.1029,-88.3396
Beverly Hills,FL,28.9176,-82.4542
South Amboy,NJ,40.4852,-74.2831
New Square,NY,41.141,-74.0294
Lambertville,MI,41.7484,-83.6244
Croydon,PA,40.0911,-74.8975
Sturgeon Bay,WI,44.8228,-87.366
McCordsville,IN,39.8966,-85.9208
Morehead City,NC,34.7308,-76.7388
Canonsburg,PA,40.2643,-80.1867
Jennings,LA,30.2233,-92.6582
Flossmoor,IL,41.5391,-87.6858
Picture Rocks,AZ,32.3274,-111.2558
Canal Winchester,OH,39.8437,-82.8126
Hillsborough,NC,36.0679,-79.0991
Brewer,ME,44.7835,-68.7352
Sunbury,PA,40.8616,-76.7871
Burlington,WA,48.4676,-122.3298
Matawan,NJ,40.4127,-74.2365
Brownsville,TN,35.589,-89.2578
Walker Mill,MD,38.8758,-76.8854
Middletown,KY,38.241,-85.5214
Bala Cynwyd,PA,40.0116,-75.2283
Mooresville,IN,39.6022,-86.3681
Orange Cove,CA,36.6211,-119.3188
Gateway,FL,26.5793,-81.7446
Fredonia,NY,42.4407,-79.3319
Winchester,TN,35.1898,-86.1075
Ogdensburg,NY,44.7088,-75.4717
Lititz,PA,40.154,-76.3044
Orange Lake,NY,41.5369,-74.1005
Greenville,NY,40.9986,-73.8189
Country Club Estates,GA,31.2113,-81.4622
Silver City,NM,32.7783,-108.2699
Greenwood,AR,35.2134,-94.2408
Middletown,PA,40.201,-76.7289
North College Hill,OH,39.2175,-84.552
Browns Mills,NJ,39.9737,-74.569
Louisville,OH,40.837,-81.2643
Bladensburg,MD,38.9424,-76.9264
Bridge City,TX,30.0298,-93.8406
Fishersville,VA,38.105,-78.9826
Oakland,TN,35.2256,-89.5372
Litchfield Beach,SC,33.4773,-79.1181
Claymont,DE,39.8032,-75.4607
Mechanicsburg,PA,40.2115,-77.006
Helena Valley Southeast,MT,46.6219,-111.8973
Grinnell,IA,41.7359,-92.7244
Itasca,IL,41.9772,-88.0183
Belmont,VA,39.0622,-77.4985
Ivins,UT,37.1742,-113.6809
Girard,OH,41.1665,-80.6963
Countryside,VA,39.0518,-77.4124
Pryor Creek,OK,36.2996,-95.3107
Oil City,PA,41.4281,-79.7036
St. Anthony,MN,45.0278,-93.2174
Amityville,NY,40.6696,-73.4156
Anaconda,MT,46.0608,-113.0678
Bluefield,WV,37.2608,-81.2143
Tomah,WI,43.9879,-90.4999
Coamo,PR,18.0765,-66.3638
Pleasant Grove,AL,33.494,-86.9782
Clarksville,AR,35.457,-93.4803
Springs,NY,41.0212,-72.1584
Richmond Heights,FL,25.6347,-80.3721
Mentone,CA,34.0609,-117.1108
Chevy Chase,MD,38.9944,-77.0738
Florence,OR,43.9916,-124.1063
Woodway,TX,31.4988,-97.2314
Parsons,KS,37.3405,-95.2958
Eidson Road,TX,28.6677,-100.4788
Terrace Heights,WA,46.6045,-120.4393
Oakwood,OH,39.7202,-84.1734
Rochelle,IL,41.9197,-89.0629
Sabana Grande,PR,18.0832,-66.9645
Lugoff,SC,34.2113,-80.6973
Berlin,NH,44.4869,-71.2599
LaSalle,IL,41.3589,-89.0737
The Village,OK,35.5706,-97.5567
Bull Mountain,OR,45.4125,-122.832
Rockcreek,OR,45.5526,-122.876
Oakbrook,KY,38.9996,-84.6797
Jacinto City,TX,29.7663,-95.241
Monmouth Junction,NJ,40.3754,-74.5582
Halls,TN,36.0817,-83.9344
Madeira,OH,39.1856,-84.3734
Beckett Ridge,OH,39.3448,-84.438
Steger,IL,41.4723,-87.6176
Hailey,ID,43.5141,-114.3001
Fairfield,IA,41.0064,-91.9667
Ashland,NJ,39.8782,-75.0085
Wasilla,AK,61.577,-149.466
Alma,MI,43.3799,-84.6556
Charter Oak,CA,34.1025,-117.8564
St. Stephens,NC,35.7642,-81.2746
Bastrop,LA,32.7748,-91.9078
Southside,AL,33.9007,-86.0238
Angola,IN,41.6433,-85.005
San Lorenzo,PR,18.1875,-65.968
Helotes,TX,29.5687,-98.696
Coral Hills,MD,38.8706,-76.9215
Fallon,NV,39.4737,-118.7779
Roxborough Park,CO,39.4492,-105.0746
Denham Springs,LA,30.4743,-90.9593
Indianola,MS,33.4492,-90.6447
Lago Vista,TX,30.4519,-97.9908
Diamondhead,MS,30.3791,-89.3707
Sheffield,AL,34.757,-87.6977
Havre,MT,48.5427,-109.6804
St. Francis,WI,42.9716,-87.873
San Sebastian,PR,18.3356,-66.9948
Chesapeake Ranch Estates,MD,38.3574,-76.4147
Laurens,SC,34.5022,-82.0207
Bohemia,NY,40.7717,-73.1271
Severance,CO,40.5265,-104.865
Sanger,TX,33.3715,-97.1678
Leonia,NJ,40.8638,-73.99
Quakertown,PA,40.4398,-75.3455
Riverdale,UT,41.1732,-112.0023
Hardeeville,SC,32.2949,-81.0321
Bridgeport,WV,39.3036,-80.2478
Haiku-Pauwela,HI,20.9156,-156.3022
Gibsonville,NC,36.0993,-79.5415
East Stroudsburg,PA,41.0023,-75.1779
Blanchard,OK,35.1524,-97.6602
Warren,PA,41.8434,-79.1444
Woodbury,NY,40.8176,-73.4703
Charlotte,MI,42.5662,-84.8304
Delta,CO,38.756,-108.0772
Eunice,LA,30.4904,-92.4191
Smithville,NJ,39.4929,-74.4801
Middlesborough,KY,36.6127,-83.7227
Augusta,KS,37.6955,-96.9919
Pine Lake Park,NJ,40.0017,-74.2595
Rensselaer,NY,42.6465,-73.7328
Sandpoint,ID,48.2822,-116.5614
Bethalto,IL,38.9015,-90.0466
Shawano,WI,44.7748,-88.5843
Brooksville,FL,28.5404,-82.3903
Conshohocken,PA,40.0772,-75.3034
Palm Beach,FL,26.6945,-80.0408
Plymouth,MI,42.3718,-83.468
Sugar Grove,IL,41.7759,-88.4481
Oakville,CT,41.5893,-73.0905
McFarland,WI,43.0203,-89.2828
Merrill,WI,45.182,-89.6994
Cabo Rojo,PR,18.0867,-67.1482
Ventnor City,NJ,39.3457,-74.486
Hooper,UT,41.1599,-112.2871
Park Ridge,NJ,41.0352,-74.0423
Helena-West Helena,AR,34.5313,-90.6201
Riverside,CT,41.0318,-73.5827
Commerce,TX,33.2421,-95.8992
Crozet,VA,38.0645,-78.6961
Waseca,MN,44.0827,-93.5029
Marlboro Village,MD,38.8307,-76.7699
Washington Terrace,UT,41.1683,-111.9783
Hickam Housing,HI,21.3311,-157.9474
Glenshaw,PA,40.5391,-79.9735
Cusseta,GA,32.347,-84.787
Richmond Heights,MO,38.6309,-90.3332
Waterford,CA,37.6429,-120.7553
Mound,MN,44.9328,-93.6591
Perkasie,PA,40.372,-75.292
Bryans Road,MD,38.6145,-77.0851
Toccoa,GA,34.581,-83.3263
Seven Corners,VA,38.8658,-77.1445
Mahopac,NY,41.3688,-73.7414
Ecorse,MI,42.2489,-83.1399
Stonegate,CO,39.5357,-104.8032
University of Virginia,VA,38.0405,-78.5164
Aiea,HI,21.3865,-157.9232
Incline Village,NV,39.2639,-119.9455
Elsmere,KY,38.9948,-84.6017
Merrydale,LA,30.4998,-91.1081
Forestdale,AL,33.5737,-86.9
Fairfield Glade,TN,36.0028,-84.8711
Glens Falls North,NY,43.335,-73.6832
Jessup,MD,39.1488,-76.7772
Aliquippa,PA,40.6155,-80.2547
Hawthorn Woods,IL,42.2313,-88.0624
Des Peres,MO,38.5973,-90.448
Stony Brook University,NY,40.9098,-73.1217
Willowbrook,IL,41.7641,-87.9454
Hampstead,NC,34.3627,-77.7318
Chillicothe,MO,39.7953,-93.5499
Boulder Hill,IL,41.7113,-88.3353
Harrodsburg,KY,37.7654,-84.8474
Dayton,TX,30.0315,-94.9158
Gretna,NE,41.1314,-96.245
Lake Mohawk,NJ,41.0149,-74.664
Sunset Hills,MO,38.531,-90.4087
Bogota,NJ,40.8751,-74.0293
Grants,NM,35.1538,-107.8335
Cresskill,NJ,40.9405,-73.9596
Absecon,NJ,39.4229,-74.4944
Little Falls,MN,45.9862,-94.3586
Rockingham,NC,34.9386,-79.7608
Mount Pleasant,IA,40.9625,-91.5452
Tuscumbia,AL,34.7204,-87.7035
Riverside,IL,41.831,-87.8169
Tuskegee,AL,32.4409,-85.7131
Bernalillo,NM,35.3127,-106.5537
East Grand Forks,MN,47.9286,-97.0138
West Athens,CA,33.9235,-118.3033
Orange Park,FL,30.1706,-81.7041
Kings Grant,NC,34.2664,-77.8659
Booneville,MS,34.6643,-88.5684
Lapeer,MI,43.0447,-83.3253
Micco,FL,27.8683,-80.51
Sanatoga,PA,40.2497,-75.5887
Lynwood,IL,41.5235,-87.551
Clinton,MO,38.3716,-93.7679
Citrus Hills,FL,28.887,-82.4312
Newark,NY,43.0418,-77.093
Corona de Tucson,AZ,31.9503,-110.7835
Tiburon,CA,37.8854,-122.4637
Harleysville,PA,40.2792,-75.3873
Oak Grove,MN,45.3409,-93.3264
Rice Lake,WI,45.4864,-91.7447
Benton Harbor,MI,42.1159,-86.4488
Craig,CO,40.5171,-107.5554
Cape St. Claire,MD,39.0433,-76.4471
Summit View,WA,47.1343,-122.3467
Audubon,PA,40.1304,-75.428
Lake Park,FL,26.7998,-80.0681
Meadow Lakes,AK,61.638,-149.608
Indian Harbour Beach,FL,28.1529,-80.5976
Kulpsville,PA,40.244,-75.3407
Hillcrest,NY,41.1298,-74.035
Fairless Hills,PA,40.1783,-74.8524
North Kensington,MD,39.0393,-77.0723
Saline,MI,42.174,-83.778
Purcellville,VA,39.1378,-77.711
Aberdeen,NC,35.135,-79.4326
Lincoln Village,OH,39.9532,-83.1314
Westwood,MI,42.3031,-85.6286
Fitzgerald,GA,31.7134,-83.2514
Orting,WA,47.0967,-122.2112
Kennedale,TX,32.6434,-97.2172
Flanders,NJ,40.8412,-74.7102
Ladue,MO,38.6377,-90.3815
Sheffield Lake,OH,41.4883,-82.0979
Manteno,IL,41.247,-87.8457
Harahan,LA,29.9374,-90.2031
Meadowbrook,AL,33.3935,-86.7041
Rio del Mar,CA,36.9607,-121.8807
Valley Center,KS,37.8332,-97.3646
Pulaski,VA,37.0528,-80.7624
Haledon,NJ,40.9363,-74.1887
Cloverdale,CA,38.7962,-123.0152
Plainedge,NY,40.7241,-73.477
Juncos,PR,18.2256,-65.9161
Wesley Chapel,NC,34.9985,-80.6903
Plymouth,WI,43.7447,-87.966
Seneca,SC,34.6818,-82.96
Northwest Harborcreek,PA,42.1494,-79.9945
Evergreen,MT,48.2308,-114.27
Skidaway Island,GA,31.9372,-81.0449
North Merritt Island,FL,28.4585,-80.7162
Poteau,OK,35.0282,-94.6346
Cortez,CO,37.3503,-108.5768
Caldwell,NJ,40.8389,-74.2776
Greenville,MI,43.1797,-85.2534
Oxford,NC,36.3155,-78.5848
Oak Island,NC,33.9434,-78.1366
Summit,WA,47.1694,-122.3628
Beaver Falls,PA,40.7619,-80.3226
Bainbridge,OH,41.3855,-81.3478
Village St. George,LA,30.3598,-91.0672
Lansdowne,MD,39.2365,-76.6659
Warrenton,MO,38.8187,-91.1385
East York,PA,39.9687,-76.6755
Blacklick Estates,OH,39.9049,-82.8655
Clayton,NJ,39.6627,-75.0782
Olney,IL,38.7285,-88.0839
Clanton,AL,32.8444,-86.6233
Whippany,NJ,40.8233,-74.4184
Collingdale,PA,39.9151,-75.2776
Signal Mountain,TN,35.1448,-85.3457
Larkfield-Wikiup,CA,38.513,-122.7536
Bee Cave,TX,30.3084,-97.9629
Pleasant Hill,MO,38.8059,-94.2652
Harwood Heights,IL,41.9663,-87.8057
Marina del Rey,CA,33.9765,-118.4486
Thief River Falls,MN,48.1108,-96.1778
Andalusia,AL,31.3102,-86.4781
Pearsall,TX,28.8915,-99.0975
Bloomingdale,TN,36.5793,-82.5096
Panthersville,GA,33.7059,-84.2763
Pitman,NJ,39.7335,-75.1306
Rockwood,VA,37.463,-77.5744
St. Pete Beach,FL,27.7235,-82.7387
Winslow,AZ,35.0243,-110.7095
Bayport,NY,40.7461,-73.0546
Montecito,CA,34.4384,-119.6309
Carbondale,PA,41.5714,-75.5048
Woodmoor,CO,39.1063,-104.8456
Park Forest Village,PA,40.7996,-77.9084
Fort Valley,GA,32.552,-83.8817
Savoy,IL,40.06,-88.2552
Aransas Pass,TX,27.8876,-97.1136
Baxter,MN,46.3426,-94.2793
Boonton,NJ,40.9047,-74.4048
Brownfield,TX,33.1757,-102.273
Valley Cottage,NY,41.1162,-73.9433
Bath,ME,43.9346,-69.8346
Madison Park,NJ,40.4454,-74.2966
Highland Park,MI,42.4052,-83.0977
Paloma Creek South,TX,33.21,-96.9325
Hernando,FL,28.9451,-82.3781
Monmouth,IL,40.914,-90.6425
Whitehouse,TX,32.2222,-95.221
Hoquiam,WA,46.9863,-123.9022
Fort Irwin,CA,35.2477,-116.6834
Hope,AR,33.6682,-93.5895
Dock Junction,GA,31.2031,-81.5155
Dunn Loring,VA,38.8945,-77.2315
Topanga,CA,34.0965,-118.6053
Edgemere,MD,39.2273,-76.459
Maysville,KY,38.6455,-83.7911
Highland Park,TX,32.8311,-96.8012
Guntersville,AL,34.3671,-86.2637
Redlands,CO,39.0886,-108.6582
Graham,TX,33.1017,-98.5779
Franklin,NH,43.4499,-71.6691
North Haledon,NJ,40.9628,-74.1844
Coffeyville,KS,37.0519,-95.618
Altoona,WI,44.8029,-91.4385
Milton,WA,47.2524,-122.3153
Toppenish,WA,46.3806,-120.3122
Mascoutah,IL,38.5192,-89.8045
Temple Hills,MD,38.8106,-76.9495
Lancaster,SC,34.7248,-80.7804
Presque Isle,ME,46.6868,-67.9874
Hillview,KY,38.0562,-85.6847
Rodeo,CA,38.0367,-122.2526
Smithfield,VA,36.9755,-76.6152
Village Green-Green Ridge,PA,39.8639,-75.4257
Irondale,GA,33.4773,-84.3601
Cameron,MO,39.7444,-94.2329
Jeannette,PA,40.3277,-79.6139
Glencoe,IL,42.1347,-87.7641
Fort Knox,KY,37.8915,-85.9636
Wyoming,OH,39.2297,-84.4816
Millersville,PA,40.0047,-76.3522
Port Jervis,NY,41.3783,-74.691
Lake Villa,IL,42.4184,-88.0836
Shelby,OH,40.8847,-82.6578
White Meadow Lake,NJ,40.9241,-74.5107
Anthony,NM,32.0131,-106.5984
Othello,WA,46.8221,-119.1653
Audubon,NJ,39.8906,-75.0722
York,SC,34.9967,-81.2341
Milliken,CO,40.3115,-104.8561
Leisure World,MD,39.1023,-77.0689
Stevensville,MD,38.9745,-76.3184
Derby,CO,39.84,-104.9172
Spring Hill,KS,38.7565,-94.8201
Rock Falls,IL,41.7724,-89.6928
Arizona City,AZ,32.7506,-111.6707
Vega Alta,PR,18.4151,-66.3211
Orosi,CA,36.5433,-119.2914
Fort Mitchell,KY,39.046,-84.5562
Midland,WA,47.1734,-122.412
Providence,UT,41.7035,-111.8123
Perry Heights,OH,40.7977,-81.468
Wharton,TX,29.3177,-96.1022
Park Hills,MO,37.8211,-90.505
Bryan,OH,41.4706,-84.5483
South Lockport,NY,43.1366,-78.6855
Tecumseh,MI,42.0066,-83.945
Cheviot,OH,39.1577,-84.6139
Evergreen,CO,39.6349,-105.3356
Laughlin,NV,35.1401,-114.6206
Clarendon Hills,IL,41.7981,-87.9568
Aibonito,PR,18.1398,-66.2659
Olmsted Falls,OH,41.3657,-81.9038
Cumberland Hill,RI,41.9736,-71.4605
Livingston,MT,45.6665,-110.5539
East Foothills,CA,37.3826,-121.8138
Chanute,KS,37.6695,-95.4621
Perryton,TX,36.3928,-100.7976
Montvale,NJ,41.0529,-74.0499
Montrose,VA,37.52,-77.3772
Glenwood,IL,41.541,-87.6118
Highland Heights,OH,41.5518,-81.4691
Fair Lakes,VA,38.853,-77.3885
Covington,TN,35.566,-89.6482
Templeton,CA,35.556,-120.7181
Harrisburg,IL,37.7374,-88.5457
Monona,WI,43.054,-89.3334
Long Hill,CT,41.2666,-73.2283
Fort Riley,KS,39.1064,-96.8117
Fern Park,FL,28.6485,-81.3458
Conning Towers Nautilus Park,CT,41.385,-72.0684
Miramar Beach,FL,30.3854,-86.3442
Greenville,RI,41.882,-71.5549
Beebe,AR,35.0713,-91.8998
Sonterra,TX,30.8079,-97.5952
West Long Branch,NJ,40.2883,-74.0185
Sutherlin,OR,43.3882,-123.3242
Arab,AL,34.3309,-86.4991
Gering,NE,41.8275,-103.6622
Hollymead,VA,38.1266,-78.4386
Murphy,MO,38.4922,-90.4856
Baltimore Highlands,MD,39.2355,-76.6367
Napoleon,OH,41.3977,-84.1244
Innsbrook,VA,37.6552,-77.5775
La Cresta,CA,35.3972,-118.9892
Corrales,NM,35.2366,-106.6191
Wedgefield,FL,28.4847,-81.0809
Skiatook,OK,36.3699,-95.9856
Sallisaw,OK,35.4606,-94.8072
Ellsworth,ME,44.5847,-68.4875
Summit Park,UT,40.7423,-111.5872
Closter,NJ,40.9733,-73.9604
Socorro,NM,34.0543,-106.9065
Olivette,MO,38.6724,-90.3786
Old Forge,PA,41.3704,-75.7409
Delavan,WI,42.6282,-88.6323
Perryville,MO,37.7263,-89.8759
Lamesa,TX,32.7333,-101.9541
Gonzales,CA,36.5055,-121.4427
Ahuimanu,HI,21.4379,-157.8404
Sangaree,SC,33.0327,-80.1253
Cedar Hills,OR,45.5047,-122.8053
Dunn,NC,35.3114,-78.6129
Georgetown,SC,33.3594,-79.2958
Murillo,TX,26.2642,-98.1233
Minnetrista,MN,44.9356,-93.7107
Hondo,TX,29.3531,-99.1616
Beecher,MI,43.0903,-83.7039
Lewistown,PA,40.5964,-77.573
Swissvale,PA,40.4206,-79.8859
Seffner,FL,27.9981,-82.2735
Malverne,NY,40.6746,-73.6721
Temperance,MI,41.7653,-83.5755
Fort Lupton,CO,40.0827,-104.8068
Ephrata,WA,47.3122,-119.5341
Hampton,GA,33.3774,-84.2969
Liberty,TX,30.0378,-94.7879
Conover,NC,35.7154,-81.2174
Pukalani,HI,20.8329,-156.3415
Bellwood,VA,37.406,-77.4363
Kenwood,OH,39.2066,-84.375
Fruitland Park,FL,28.8599,-81.9177
Gypsum,CO,39.6287,-106.9348
Village of Waukesha,WI,42.9601,-88.248
Oak Grove,MO,39.0075,-94.1282
Richland Hills,TX,32.8095,-97.2273
Jefferson City,TN,36.1201,-83.4829
August,CA,37.9797,-121.2625
Independence,KS,37.2119,-95.7327
Farmington,AR,36.037,-94.2537
Collinsville,OK,36.3723,-95.8609
Bemiss,GA,30.9318,-83.2386
Black Mountain,NC,35.6144,-82.3274
River Road,OR,44.0833,-123.132
Clinton,OK,35.5069,-98.9706
Barre,VT,44.1998,-72.5085
Farmingdale,NY,40.7328,-73.4468
Hastings-on-Hudson,NY,40.9904,-73.8799
Center Line,MI,42.4805,-83.0274
Harrison,TN,35.1271,-85.1453
Lake Geneva,WI,42.5824,-88.4281
Villanova,PA,40.0405,-75.341
Corbin,KY,36.9323,-84.1006
Edgewood,KY,39.0092,-84.5604
Brook Highland,AL,33.4359,-86.6849
Northfield,NJ,39.3718,-74.5543
Plumas Lake,CA,38.9845,-121.5634
Grandview Heights,OH,39.9793,-83.0408
Whitefish,MT,48.4328,-114.359
Guadalupe,CA,34.9609,-120.5735
Kronenwetter,WI,44.8164,-89.5807
Pleasant Hills,PA,40.3298,-79.9596
Mont Belvieu,TX,29.8518,-94.8775
Miles City,MT,46.4059,-105.8385
Mukwonago,WI,42.857,-88.3269
Dumbarton,VA,37.613,-77.5066
Sitka,AK,57.2401,-135.3152
Wading River,NY,40.9464,-72.823
Winnemucca,NV,40.9645,-117.7247
Gilberts,IL,42.1097,-88.3715
Atmore,AL,31.0927,-87.4762
Lock Haven,PA,41.1365,-77.4521
Westwego,LA,29.9058,-90.1434
Crete,IL,41.4401,-87.6235
Dayton,MN,45.1906,-93.4758
Oak Hills Place,LA,30.369,-91.0887
Hillsboro,TX,32.0093,-97.115
Menominee,MI,45.1221,-87.6234
Westgate,FL,26.6994,-80.0989
Los Altos Hills,CA,37.3669,-122.1387
Park City,UT,40.6502,-111.5013
Ogden,NC,34.2656,-77.7966
Virginia,MN,47.5168,-92.5127
Orrville,OH,40.848,-81.7743
Hood River,OR,45.7092,-121.526
Payette,ID,44.0788,-116.9255
Upper Saddle River,NJ,41.0634,-74.0985
Parkville,PA,39.7859,-76.9686
Eaton,OH,39.7506,-84.6342
Austell,GA,33.8201,-84.6451
Stanwood,WA,48.2449,-122.3426
Hampshire,IL,42.1124,-88.5118
Scott,LA,30.2398,-92.0948
Princeton,IN,38.3553,-87.5784
Waite Park,MN,45.5313,-94.2528
Houghton,MI,47.1118,-88.5675
Fort Stockton,TX,30.8926,-102.8842
Kenilworth,NJ,40.6781,-74.289
Shiprock,NM,36.7924,-108.7005
Cushing,OK,35.9794,-96.7609
Newton,NJ,41.0534,-74.7527
Clinton,NC,35.0004,-78.3313
Sioux Center,IA,43.0748,-96.1707
Abingdon,VA,36.709,-81.9713
Centerville,GA,32.6342,-83.6853
Flushing,MI,43.0637,-83.8403
Mayo,MD,38.9042,-76.5179
Elwood,IN,40.2738,-85.8374
Monticello,AR,33.6257,-91.7934
St. Marys,OH,40.5476,-84.3926
Fort Lee,VA,37.2357,-77.3325
Good Hope,CA,33.7706,-117.2771
Twin Rivers,NJ,40.2631,-74.4917
Runnemede,NJ,39.8522,-75.074
Mount Joy,PA,40.1106,-76.5065
North Madison,OH,41.8297,-81.0507
Trinidad,CO,37.1751,-104.4908
Senatobia,MS,34.6081,-89.9762
Pulaski,TN,35.1933,-87.035
Firebaugh,CA,36.8533,-120.4535
Selah,WA,46.6481,-120.539
Folsom,PA,39.8924,-75.3287
Mila Doce,TX,26.223,-97.9601
Edgewater,MD,38.9373,-76.5572
Lely Resort,FL,26.0889,-81.7031
Brookhaven,PA,39.8715,-75.3918
Savage,MD,39.1485,-76.8228
Maryville,IL,38.7264,-89.9647
St. Francis,MN,45.3991,-93.3901
Joshua,TX,32.458,-97.3849
Twin Lakes,CO,39.8229,-105.0036
Duvall,WA,47.7354,-121.9726
Druid Hills,GA,33.7842,-84.3272
Long Grove,IL,42.1967,-88.0058
Tuba City,AZ,36.125,-111.2467
West Haven-Sylvan,OR,45.5164,-122.7655
Alondra Park,CA,33.8885,-118.335
Carl Junction,MO,37.1668,-94.5469
Seaford,DE,38.6538,-75.611
Orland,CA,39.7461,-122.1856
Rhinelander,WI,45.6358,-89.4261
Prien,LA,30.1601,-93.2611
Denison,IA,42.0162,-95.3528
Oak Hills,CA,34.391,-117.4123
Somers,WI,42.6411,-87.8919
Orange Beach,AL,30.2942,-87.5849
Dayton,NJ,40.3768,-74.5112
Mason,MI,42.5806,-84.4427
Rockton,IL,42.4445,-89.0634
Castle Shannon,PA,40.3664,-80.0194
Mount Rainier,MD,38.9423,-76.9645
Helena Valley West Central,MT,46.6634,-112.0604
Wytheville,VA,36.953,-81.0881
Stayton,OR,44.8034,-122.7984
Auburn,GA,34.0156,-83.8319
Prairie View,TX,30.0847,-95.9892
Wynne,AR,35.2322,-90.7897
Hatboro,PA,40.1775,-75.1055
Rawlins,WY,41.7849,-107.2265
Price,UT,39.604,-110.8003
Bay Minette,AL,30.893,-87.7912
Barberton,WA,45.7136,-122.6115
Franklin,VA,36.6831,-76.9386
Croton-on-Hudson,NY,41.2005,-73.9001
Orono,MN,44.9657,-93.5908
Bellevue,OH,41.2745,-82.8403
Sans Souci,SC,34.8901,-82.4241
Winooski,VT,44.4948,-73.1846
McGregor,FL,26.5611,-81.9134
Oradell,NJ,40.9562,-74.0314
Wilson,PA,40.6844,-75.2407
New Prague,MN,44.5459,-93.5755
Milan,TN,35.9126,-88.7554
Gulf Hills,MS,30.4367,-88.815
Interlaken,CA,36.9505,-121.7363
Sheboygan Falls,WI,43.729,-87.8266
Bellevue,PA,40.4945,-80.055
North Star,DE,39.755,-75.7331
Garden City Park,NY,40.7435,-73.6639
Los Fresnos,TX,26.075,-97.4875
Richfield,UT,38.7613,-112.0931
Hornell,NY,42.3333,-77.6633
Navasota,TX,30.3873,-96.0901
Odessa,FL,28.1821,-82.553
Corning,CA,39.9283,-122.1819
Lake of the Woods,VA,38.3343,-77.7599
Downingtown,PA,40.0076,-75.7019
Breinigsville,PA,40.5394,-75.6347
University of California-Davis,CA,38.5378,-121.7579
Rolling Hills Estates,CA,33.7783,-118.3509
Springfield,FL,30.1711,-85.609
Center Moriches,NY,40.8004,-72.7958
Paris,IL,39.6148,-87.6903
Maplewood,MO,38.6121,-90.324
Southwood Acres,CT,41.9582,-72.5726
Johnstown,NY,43.0073,-74.3755
Ketchikan,AK,55.3556,-131.6698
Brentwood,MO,38.6194,-90.3475
Berkeley,MO,38.7439,-90.3361
Camp Hill,PA,40.2422,-76.9274
Cuero,TX,29.1023,-97.2871
Roxboro,NC,36.3879,-78.9812
Lochbuie,CO,40.0118,-104.7271
Pomona,NJ,39.4688,-74.5502
Cleveland,TX,30.3381,-95.0908
Travelers Rest,SC,34.9582,-82.4412
Kalifornsky,AK,60.4417,-151.1972
Hillside,IL,41.8675,-87.9019
Sequim,WA,48.0746,-123.0945
Dormont,PA,40.3941,-80.0377
Applewood,CO,39.7523,-105.1604
Charlestown,IN,38.427,-85.6677
Providence Village,TX,33.238,-96.9583
York,NE,40.8701,-97.5928
Spotswood,NJ,40.3949,-74.392
Mahtomedi,MN,45.0619,-92.966
Fairwood,MD,38.9565,-76.778
Fort Belvoir,VA,38.7119,-77.1459
Leola,PA,40.0915,-76.1891
Plain City,UT,41.3071,-112.0877
Kirby,TX,29.4614,-98.3855
Scappoose,OR,45.7582,-122.873
Sabana Seca,PR,18.4273,-66.1809
Midway City,CA,33.7452,-117.9849
Lake Carmel,NY,41.461,-73.6683
Alliance,NE,42.1025,-102.8766
South San Gabriel,CA,34.0488,-118.0961
Whitmore Lake,MI,42.4258,-83.753
Bermuda Dunes,CA,33.7435,-116.2874
Butler,NJ,40.999,-74.3472
Sunnyvale,TX,32.7974,-96.5577
Albertville,MN,45.2364,-93.6618
Brazil,IN,39.5226,-87.124
Middleborough Center,MA,41.8945,-70.926
Wyoming,MN,45.3365,-92.9766
Bondurant,IA,41.6985,-93.4556
Stuttgart,AR,34.4952,-91.5487
Antigo,WI,45.141,-89.1552
Oak Hill,WV,37.9844,-81.1277
South Kensington,MD,39.0188,-77.0785
Fort Polk South,LA,31.0512,-93.2159
Oberlin,OH,41.286,-82.2198
Union,SC,34.7235,-81.6248
Landen,OH,39.3154,-84.2768
Lucas,TX,33.0942,-96.5797
Vinton,VA,37.2746,-79.8887
Montpelier,VT,44.2659,-72.5717
South Weber,UT,41.1334,-111.9393
Atco,NJ,39.7682,-74.8618
Groesbeck,OH,39.229,-84.5959
Fort Dix,NJ,40.006,-74.6089
Wilmington Manor,DE,39.6858,-75.5849
Port Jefferson,NY,40.9466,-73.0577
Oak Brook,IL,41.8373,-87.9516
Camden,SC,34.257,-80.609
Pismo Beach,CA,35.1487,-120.6493
Island Lake,IL,42.2782,-88.1999
Parkville,MO,39.2005,-94.7225
Fletcher,NC,35.4316,-82.5039
Newport,AR,35.6234,-91.2322
Carnegie,PA,40.408,-80.0861
Hillsdale,MI,41.9267,-84.6356
Kaufman,TX,32.5766,-96.3158
Timnath,CO,40.5338,-104.9623
North Bay Village,FL,25.8487,-80.1535
Latrobe,PA,40.3125,-79.3825
Golden Valley,AZ,35.206,-114.2327
Nevada,MO,37.8445,-94.3492
Fruitvale,CO,39.0933,-108.4789
Wahpeton,ND,46.2722,-96.6118
Butner,NC,36.1285,-78.7501
Grand Blanc,MI,42.9258,-83.6181
Brunswick,MD,39.318,-77.6253
Greenbriar,VA,38.8717,-77.397
Piedmont,OK,35.6781,-97.7526
North Weeki Wachee,FL,28.5592,-82.5537
Zebulon,NC,35.8329,-78.3158
Woodfin,NC,35.6457,-82.5915
Crestwood Village,NJ,39.9568,-74.3524
Waikele,HI,21.4025,-158.0058
Emmett,ID,43.8693,-116.4916
Oak Grove,KY,36.6686,-87.4216
Watsessing,NJ,40.7866,-74.2007
Lexington,TN,35.6618,-88.3944
Glenside,PA,40.1032,-75.1517
Silvis,IL,41.4976,-90.4101
Lincolnshire,IL,42.1958,-87.9182
Three Rivers,MI,41.947,-85.6281
Moundsville,WV,39.9221,-80.7422
Wagoner,OK,35.9645,-95.3785
South Beloit,IL,42.4825,-89.026
Gettysburg,PA,39.8304,-77.2339
Perry,IA,41.8387,-94.0938
Congers,NY,41.1491,-73.9457
Quincy,WA,47.2344,-119.853
Green,OR,43.1509,-123.3854
Mount Ivy,NY,41.1927,-74.0296
Woodland Park,CO,38.9985,-105.0594
Cottage Grove,WI,43.0922,-89.2054
Dexter,MO,36.7928,-89.9632
Siler City,NC,35.7251,-79.456
Carrollton,VA,36.9382,-76.5238
Broadview,IL,41.8583,-87.8562
South Boston,VA,36.7132,-78.9135
Santa Clara,UT,37.1312,-113.656
West Livingston,TX,30.6957,-95.0097
Dalhart,TX,36.058,-102.5123
Ashland,WI,46.5799,-90.8713
Jackson,WI,43.3233,-88.1666
Basking Ridge,NJ,40.7061,-74.5568
Farr West,UT,41.3015,-112.0318
Bernardsville,NJ,40.7268,-74.5918
Cumming,GA,34.2063,-84.1339
Blair,NE,41.5416,-96.1359
West Dundee,IL,42.0981,-88.3066
White Knoll,SC,33.8902,-81.2391
Grove City,PA,41.1572,-80.0894
Glastonbury Center,CT,41.7016,-72.6002
Waller,WA,47.2035,-122.37
Enoch,UT,37.7669,-113.0449
Thompson's Station,TN,35.8106,-86.9003
Pinson,AL,33.7055,-86.6678
Big Rapids,MI,43.6992,-85.4806
Lihue,HI,21.9721,-159.3564
Ponchatoula,LA,30.4402,-90.4428
Round Lake Park,IL,42.3309,-88.075
Yreka,CA,41.7291,-122.6312
Princeton,IL,41.3807,-89.464
Westlake Village,CA,34.1369,-118.822
Glen Ridge,NJ,40.8041,-74.2043
Robinwood,MD,39.6265,-77.663
Quincy,FL,30.5661,-84.5858
Jersey Village,TX,29.8903,-95.5721
Campbell,OH,41.0777,-80.5903
St. Joseph,MI,42.0968,-86.4849
Ripon,WI,43.8436,-88.8386
Tyrone,GA,33.4752,-84.5941
Broadview Park,FL,26.0978,-80.209
Humboldt,TN,35.8271,-88.9058
Grand Ledge,MI,42.7534,-84.7448
St. Martin,MS,30.44,-88.8652
Brevard,NC,35.2438,-82.7265
Old Jefferson,LA,30.3776,-91.006
Harrisburg,SD,43.4324,-96.7041
Four Corners,MD,39.0235,-77.0102
Tuttle,OK,35.3068,-97.7564
Magalia,CA,39.8228,-121.6078
Half Moon,NC,34.8297,-77.4591
Palmyra,PA,40.3099,-76.5943
Webster City,IA,42.4622,-93.8168
Wildewood,MD,38.3035,-76.547
Dry Run,OH,39.1049,-84.3312
Etowah,NC,35.3061,-82.5902
Lake Dallas,TX,33.1279,-97.0234
Eden Isle,LA,30.2268,-89.8043
South Cleveland,TN,35.1096,-84.9097
North Bend,WA,47.49,-121.7741
Bradford,PA,41.9605,-78.6412
Bonner Springs,KS,39.0817,-94.8776
Baldwinsville,NY,43.1578,-76.3325
Jennings Lodge,OR,45.3927,-122.6152
Ancient Oaks,PA,40.536,-75.5852
Manhasset,NY,40.7884,-73.6943
Sky Lake,FL,28.4611,-81.3913
Kill Devil Hills,NC,36.0167,-75.6699
Park City,KS,37.8101,-97.3256
Jefferson,WI,43.0044,-88.8084
Acton,CA,34.4956,-118.1858
Mount Horeb,WI,43.006,-89.7316
Ripley,TN,35.7449,-89.5358
Earlimart,CA,35.8914,-119.2721
Fanwood,NJ,40.6417,-74.3857
St. Johns,MI,43.0006,-84.5554
Hudsonville,MI,42.8632,-85.8627
Dunellen,NJ,40.5903,-74.4656
Brigantine,NJ,39.4138,-74.3787
Ruidoso,NM,33.3646,-105.6434
Fairlawn,OH,41.1271,-81.6216
Homestead Meadows South,TX,31.811,-106.1643
Bloomingdale,NJ,41.03,-74.3319
Commerce,GA,34.2134,-83.4733
Boonville,MO,38.9587,-92.7472
Floresville,TX,29.1451,-98.1651
Shorewood,MN,44.9034,-93.5905
Inverness,FL,28.8416,-82.3418
Ashland,VA,37.7597,-77.4716
Seward,NE,40.9099,-97.0957
Ludington,MI,43.9573,-86.4434
Thousand Palms,CA,33.815,-116.3545
New Albany,MS,34.4909,-89.0201
Gold River,CA,38.6268,-121.2488
Oak Ridge,NC,36.174,-79.9916
Woodlake,CA,36.4122,-119.1
Canfield,OH,41.0291,-80.7698
Nibley,UT,41.6726,-111.8461
Collinsville,VA,36.7215,-79.9122
Wellington,KS,37.2625,-97.426
Beacon Square,FL,28.2118,-82.7504
Utuado,PR,18.27,-66.7048
Ilion,NY,43.0114,-75.0396
Park City,IL,42.3521,-87.8914
Catoosa,OK,36.1834,-95.768
Lamar,CO,38.074,-102.6154
Hales Corners,WI,42.9409,-88.0491
Clinton,SC,34.4781,-81.8638
Middletown,PA,40.644,-75.3244
Pittston,PA,41.3272,-75.7888
Mystic Island,NJ,39.5659,-74.3831
Westmere,NY,42.6884,-73.8744
Farmville,VA,37.2959,-78.4002
Newberry,FL,29.6382,-82.6061
Albion,MI,42.2478,-84.7572
Kenton,OH,40.6449,-83.6093
Port Jefferson Station,NY,40.9259,-73.0652
Clear Lake,IA,43.1347,-93.374
Hubbard,OH,41.1595,-80.5672
Hewlett,NY,40.6422,-73.6942
Marshfield,MO,37.3424,-92.9107
Decorah,IA,43.3012,-91.7839
Madras,OR,44.6483,-121.139
Marion,NC,35.6777,-82.0017
Baywood,NY,40.7533,-73.2899
London,KY,37.1175,-84.0767
Brighton,MI,42.5298,-83.7848
Ojai,CA,34.4488,-119.2469
Ellwood City,PA,40.8619,-80.2829
Uniontown,OH,40.9635,-81.4062
Arcadia,FL,27.2215,-81.8585
Dade City,FL,28.3565,-82.1942
Southwest Ranches,FL,26.0476,-80.3751
Lander,WY,42.8312,-108.7599
Kenai,AK,60.5619,-151.1985
Freeland,MI,43.5198,-84.1124
Swainsboro,GA,32.5866,-82.3345
Pikeville,KY,37.4806,-82.5262
Macclenny,FL,30.2809,-82.1253
Laurel Hill,VA,38.7026,-77.2422
Fort Scott,KS,37.8283,-94.7038
Mount Sterling,KY,38.0648,-83.9472
Northridge,OH,39.9971,-83.777
Blandon,PA,40.4447,-75.8799
Gresham Park,GA,33.7053,-84.3155
Independence,OH,41.378,-81.6385
Hughson,CA,37.602,-120.866
Inverness,IL,42.1153,-88.1019
Monahans,TX,31.6289,-103.0403
Chehalis,WA,46.6638,-122.965
Loughman,FL,28.238,-81.5686
Cotati,CA,38.3278,-122.7092
Umatilla,OR,45.9119,-119.3133
New Cumberland,PA,40.2297,-76.8764
California Polytechnic State University,CA,35.3053,-120.6655
Fairfax,CA,37.9886,-122.5952
Crete,NE,40.6253,-96.9575
White Oak,PA,40.3415,-79.8008
River Oaks,TX,32.7767,-97.3985
Hastings,MI,42.6498,-85.2886
Bull Run,VA,38.8396,-77.4897
Longboat Key,FL,27.3926,-82.6341
North Springfield,VA,38.8023,-77.2027
Williston Park,NY,40.7587,-73.6465
Iron Mountain,MI,45.8275,-88.0599
Lampasas,TX,31.064,-98.1824
Camp Swift,TX,30.1885,-97.2933
Berlin,NJ,39.7915,-74.9374
Great Neck Plaza,NY,40.7869,-73.7262
Winfield,IN,41.4097,-87.2623
Breaux Bridge,LA,30.2829,-91.9043
North Riverside,IL,41.8461,-87.8263
Union,KY,38.9469,-84.6729
Knoxville,IA,41.3188,-93.1024
New London,WI,44.3949,-88.7395
Meraux,LA,29.9284,-89.9179
Tell City,IN,37.9529,-86.7595
Haddon Heights,NJ,39.8792,-75.0645
Franklin,CA,37.3275,-120.5321
Hitchcock,TX,29.2949,-95.03
Eagle,CO,39.6366,-106.8125
Mechanicstown,NY,41.4472,-74.3914
Inverness Highlands South,FL,28.8007,-82.3371
Pocahontas,AR,36.2635,-90.9706
Lockwood,MT,45.8199,-108.4072
Thompsonville,CT,41.9915,-72.5965
Reserve,LA,30.0741,-90.5557
Vernon,WI,42.884,-88.2494
Viola,NY,41.1288,-74.0855
Nyack,NY,41.0919,-73.9143
Wickenburg,AZ,33.9837,-112.7669
Sebastopol,CA,38.4001,-122.8275
Creston,IA,41.0598,-94.365
Luquillo,PR,18.3719,-65.7221
Georgetown,DE,38.6894,-75.3872
Winters,CA,38.532,-121.9781
Forestbrook,SC,33.7242,-78.9677
DuBois,PA,41.1223,-78.7565
Palmyra,NJ,40.0025,-75.036
Mantua,VA,38.8526,-77.2571
Prairie Grove,AR,35.9858,-94.3049
Alamo Heights,TX,29.4828,-98.4682
Old Town,ME,44.9491,-68.7249
Welcome,SC,34.8203,-82.46
Jerseyville,IL,39.1176,-90.327
Kimberly,WI,44.267,-88.3378
Batesville,MS,34.3148,-89.9249
Trumann,AR,35.677,-90.5259
Montevallo,AL,33.1246,-86.8477
Escalon,CA,37.7912,-120.9982
Caribou,ME,46.8662,-67.992
Belen,NM,34.7115,-106.7986
South Apopka,FL,28.657,-81.5058
Hartsville,SC,34.3675,-80.0829
Lexington,VA,37.7825,-79.4441
Red Chute,LA,32.5732,-93.6059
Page,AZ,36.9426,-111.5071
Mascotte,FL,28.611,-81.9106
Belle Plaine,MN,44.6196,-93.7606
Hudson Falls,NY,43.3042,-73.5819
Williamsburg,FL,28.4014,-81.4462
Pleasantville,NY,41.1377,-73.7828
Bloomfield,NM,36.7401,-107.9734
Crookston,MN,47.7747,-96.6062
Wauseon,OH,41.5532,-84.141
Villa Hills,KY,39.0656,-84.5949
Woodlake,VA,37.4215,-77.6783
Gridley,CA,39.3622,-121.6971
Oroville East,CA,39.4947,-121.4866
Forest City,NC,35.3339,-81.8702
Bremen,GA,33.7085,-85.1495
McCook,NE,40.2046,-100.6216
Cos Cob,CT,41.0513,-73.5934
Archbald,PA,41.5077,-75.5453
Pea Ridge,AR,36.4495,-94.1218
King,NC,36.2769,-80.3566
Bellbrook,OH,39.6383,-84.0864
Salem,IL,38.6279,-88.9591
Dunbar,WV,38.3688,-81.7345
Highlands,TX,29.813,-95.0577
Scottsburg,IN,38.6853,-85.7831
Lakes of the Four Seasons,IN,41.4074,-87.2202
Noble,OK,35.1381,-97.3695
Sunbury,OH,40.2485,-82.8806
Briarcliff Manor,NY,41.14,-73.8438
Aurora,MO,36.9673,-93.7184
Indian River Estates,FL,27.3564,-80.2983
Charles City,IA,43.0646,-92.6745
Northport,NY,40.9038,-73.3447
Washington,IA,41.2981,-91.6928
La Follette,TN,36.3718,-84.1256
Heber,CA,32.7325,-115.5294
Cedarhurst,NY,40.6252,-73.7278
Cherry Valley,CA,33.9797,-116.9694
Mira Monte,CA,34.4312,-119.2878
Cullowhee,NC,35.3097,-83.1816
Pacific,MO,38.4809,-90.754
Willow Oak,FL,27.9216,-82.0244
Taneytown,MD,39.6569,-77.1683
Nebraska City,NE,40.6762,-95.8613
Washington,NJ,40.7587,-74.9825
Elkins Park,PA,40.0775,-75.128
Mims,FL,28.6929,-80.8468
Flatwoods,KY,38.521,-82.7196
East Shoreham,NY,40.946,-72.8811
Shields,MI,43.4211,-84.0747
Walled Lake,MI,42.5379,-83.4786
West Samoset,FL,27.4702,-82.5552
St. Rose,LA,29.9649,-90.3088
Rumson,NJ,40.3626,-74.0046
Yorketown,NJ,40.3064,-74.3385
Emerson,NJ,40.9748,-74.024
Makawao,HI,20.848,-156.319
Scotia,NY,42.8321,-73.9607
Bridge City,LA,29.9321,-90.1594
Clewiston,FL,26.7529,-80.9399
Marble Falls,TX,30.5649,-98.2768
Wharton,NJ,40.8998,-74.5808
Monticello,NY,41.6522,-74.6874
Richland,MS,32.2309,-90.1591
Whitinsville,MA,42.1146,-71.6688
Riverdale Park,MD,38.9643,-76.9266
Ladera Heights,CA,33.9972,-118.374
East Hills,NY,40.7958,-73.6292
Valley Falls,SC,35.0073,-81.9692
Lacy-Lakeview,TX,31.6292,-97.1052
Southeast Arcadia,FL,27.1862,-81.8521
Kingsland,TX,30.6651,-98.4545
Lake Hallie,WI,44.8921,-91.4199
Ridley Park,PA,39.8785,-75.3251
Russellville,KY,36.8394,-86.895
North Patchogue,NY,40.7833,-73.0234
Clarkston,WA,46.4161,-117.0505
Arroyo,PR,17.9706,-66.0598
Tolleson,AZ,33.4484,-112.256
Mammoth Lakes,CA,37.6273,-118.99
Mansfield Center,MA,42.0225,-71.218
Globe,AZ,33.387,-110.7513
Greenville,AL,31.8437,-86.638
Basehor,KS,39.1332,-94.9333
Taft,CA,35.1268,-119.4243
Savannah,TN,35.221,-88.236
Jasper,TX,30.9221,-93.9947
Souderton,PA,40.311,-75.3224
North Vernon,IN,39.0171,-85.6317
Mills River,NC,35.3853,-82.5854
La Junta,CO,37.9791,-103.5471
Lake Lorraine,FL,30.4407,-86.5657
Seaside,OR,45.9889,-123.9214
Sound Beach,NY,40.9578,-72.9725
Glenolden,PA,39.8996,-75.2919
Neptune Beach,FL,30.3165,-81.4118
San Martin,CA,37.0829,-121.5963
Laurel,MT,45.6735,-108.7707
Dahlonega,GA,34.5311,-83.9804
Delafield,WI,43.072,-88.3913
Dayton,TN,35.4912,-85.012
Belterra,TX,30.1885,-97.9845
Pea Ridge,WV,38.4155,-82.3195
Pike Creek,DE,39.7488,-75.695
Mead,WA,47.7795,-117.35
Wetumpka,AL,32.5406,-86.2053
Gonzales,TX,29.5126,-97.4472
Hiawatha,IA,42.0547,-91.6911
South Haven,IN,41.5438,-87.1367
Sausalito,CA,37.8581,-122.4933
Oakdale,NY,40.7375,-73.1344
Cottonwood,CA,40.3903,-122.3156
Highgrove,CA,34.0106,-117.3098
Strasburg,VA,38.9961,-78.3549
Seminole,OK,35.2348,-96.6493
Keyport,NJ,40.4328,-74.2011
Greenville,IL,38.8867,-89.3894
Connerton,FL,28.3022,-82.4624
Wescosville,PA,40.5617,-75.5489
West Frankfort,IL,37.8997,-88.9301
Rapid Valley,SD,44.0674,-103.1223
Brockport,NY,43.2137,-77.9404
Millsboro,DE,38.5892,-75.3089
Withamsville,OH,39.0628,-84.2808
Pinon Hills,CA,34.4437,-117.6214
Rayne,LA,30.2403,-92.2668
Clarkston Heights-Vineland,WA,46.377,-117.092
Northlake,TX,33.0809,-97.2548
Wailua Homesteads,HI,22.065,-159.3771
Dacula,GA,33.9815,-83.8952
Lincoln,AL,33.5935,-86.1365
Floris,VA,38.9347,-77.4084
Burton,SC,32.4232,-80.7456
Kentfield,CA,37.9481,-122.5497
Clover Creek,WA,47.1404,-122.3827
Contra Costa Centre,CA,37.926,-122.054
Marengo,IL,42.2299,-88.6163
Sandwich,IL,41.6497,-88.6179
Mentor-on-the-Lake,OH,41.7132,-81.3647
Sturgis,SD,44.411,-103.4973
University Park,IL,41.4461,-87.7154
Porters Neck,NC,34.2942,-77.7695
Grove,OK,36.5928,-94.7877
Heber Springs,AR,35.4995,-92.0292
Oceano,CA,35.1019,-120.6088
Inwood,FL,28.0391,-81.7677
Seminole,TX,32.7207,-102.6501
Milton-Freewater,OR,45.934,-118.3909
River Rouge,MI,42.2731,-83.1245
Cortland,OH,41.3319,-80.7195
Lionville,PA,40.0524,-75.644
Decatur,TX,33.2263,-97.5875
Fircrest,WA,47.2307,-122.5157
Logan,OH,39.5385,-82.4062
West Miami,FL,25.7578,-80.2969
Benton,IL,38.0109,-88.9179
Ocean Shores,WA,46.9684,-124.152
Winsted,CT,41.9262,-73.0675
South Monrovia Island,CA,34.1234,-117.9958
Mecca,CA,33.5767,-116.0645
Trinity,NC,35.8756,-80.0093
Long Branch,VA,38.8302,-77.2713
Waveland,MS,30.293,-89.3905
Pacific,WA,47.261,-122.2507
Delphos,OH,40.8465,-84.3368
San Isidro,PR,18.3921,-65.8844
Alta Sierra,CA,39.1237,-121.0523
Church Hill,TN,36.5204,-82.7151
Lake Murray of Richland,SC,34.1209,-81.2653
Belle Isle,FL,28.4723,-81.3491
Addis,LA,30.3652,-91.2658
Barrington,NJ,39.8689,-75.0514
"Islamorada, Village of Islands",FL,24.9407,-80.6098
Nappanee,IN,41.4451,-85.994
Fayetteville,TN,35.149,-86.5634
Heathrow,FL,28.7754,-81.3721
Richboro,PA,40.2262,-75.0006
New Canaan,CT,41.142,-73.4905
Boyes Hot Springs,CA,38.3126,-122.4888
Philadelphia,MS,32.7761,-89.1221
Waikoloa Village,HI,19.9443,-155.8053
Woods Creek,WA,47.8822,-121.8981
Frostburg,MD,39.6506,-78.9269
St. Joseph,MN,45.5655,-94.3035
Isanti,MN,45.4925,-93.2408
Fort Pierce North,FL,27.4736,-80.3595
Morrilton,AR,35.1558,-92.7387
Atherton,CA,37.454,-122.2031
Clover,SC,35.1125,-81.2202
Clinton,IL,40.1468,-88.9633
Sandston,VA,37.512,-77.3149
Demopolis,AL,32.498,-87.8298
Robinson,IL,39.0089,-87.7333
Fort Bragg,CA,39.4399,-123.8013
Spring Lake Park,MN,45.1161,-93.2451
Midland Park,NJ,40.9952,-74.141
Kosciusko,MS,33.0585,-89.5893
Milltown,NJ,40.4504,-74.4351
Fair Plain,MI,42.0823,-86.4516
Rockland,ME,44.1274,-69.1369
Tuckahoe,NY,40.9531,-73.823
Plymouth Meeting,PA,40.1097,-75.2803
Youngtown,AZ,33.5846,-112.3048
Robertsdale,AL,30.5535,-87.7023
West Slope,OR,45.4962,-122.773
Belfast,ME,44.4279,-69.0325
Staples,CT,41.1508,-73.3283
Rutherford,PA,40.2696,-76.7678
Garnet,CA,33.9179,-116.4796
Parkwood,WA,47.5266,-122.5986
Garden Home-Whitford,OR,45.4642,-122.7588
Mountainside,NJ,40.6811,-74.3601
Stratford,NJ,39.829,-75.0156
Perry,FL,30.109,-83.5821
Kasson,MN,44.0333,-92.7479
Sudden Valley,WA,48.7236,-122.3442
Ormond-by-the-Sea,FL,29.3437,-81.0677
Greenbrier,TN,36.4243,-86.7975
Roosevelt,UT,40.2924,-110.0093
Idabel,OK,33.904,-94.8285
Stickney,IL,41.8183,-87.773
Natrona Heights,PA,40.6234,-79.7298
Kingston,RI,41.4738,-71.5236
Nevada,IA,42.0184,-93.4633
Homeland Park,SC,34.4644,-82.6593
LaFayette,GA,34.7089,-85.2815
Oneonta,AL,33.9394,-86.4932
Nitro,WV,38.4117,-81.8193
Hutchison,VA,38.9636,-77.411
Manorhaven,NY,40.8399,-73.7127
Sealy,TX,29.7662,-96.163
Mount Healthy,OH,39.2338,-84.5468
Union,OH,39.9103,-84.2901
Fowler,CA,36.6243,-119.6737
Lecanto,FL,28.8359,-82.488
Orlovista,FL,28.5441,-81.4629
St. Louis,MI,43.4082,-84.6118
Junction City,OR,44.2068,-123.2102
Morehead,KY,38.1906,-83.4466
Tamaqua,PA,40.8033,-75.9344
Binghamton University,NY,42.0893,-75.9684
Harrisville,UT,41.2852,-111.9859
Ewa Villages,HI,21.3417,-158.0389
Whitemarsh Island,GA,32.0304,-81.0109
Aquia Harbour,VA,38.4598,-77.3806
Mendota,IL,41.5553,-89.1041
Connellsville,PA,40.0161,-79.5893
Kirtland,OH,41.5969,-81.3406
Ambridge,PA,40.5921,-80.2265
St. Albans,VT,44.8119,-73.0849
Catalina,AZ,32.4848,-110.8997
Hamilton,AL,34.1346,-87.9755
Wollochet,WA,47.2828,-122.5768
Old Greenwich,CT,41.0254,-73.5692
Wayne,PA,40.0409,-75.3945
Tellico Village,TN,35.6984,-84.2641
Live Oak,FL,30.2957,-82.9847
Radisson,NY,43.1824,-76.2988
St. James,NC,33.9467,-78.1132
Lincroft,NJ,40.3391,-74.1282
Napili-Honokowai,HI,20.9767,-156.6646
Mount Carmel,IL,38.4187,-87.7695
Hurricane,WV,38.4293,-82.0182
Shamokin,PA,40.7881,-76.555
Ocean City,MD,38.3998,-75.0715
Huntingdon,PA,40.5,-78.0097
Lacombe,LA,30.3141,-89.931
Silsbee,TX,30.3456,-94.1764
Sappington,MO,38.526,-90.373
Newport,TN,35.9617,-83.1976
Roslyn Heights,NY,40.7788,-73.6396
Taylor Mill,KY,39.0092,-84.4988
Norwich,NY,42.5333,-75.5227
Savannah,TX,33.2257,-96.9081
Elkins,WV,38.9237,-79.8541
Walden,NY,41.5603,-74.1879
Litchfield Park,AZ,33.5024,-112.3588
Castroville,CA,36.7649,-121.7534
Mexia,TX,31.6809,-96.4833
Aspen,CO,39.1951,-106.8369
Chesterland,OH,41.5269,-81.3545
Holly Springs,MS,34.7768,-89.4466
Centerville,SC,34.5257,-82.7161
Medina,MN,45.0326,-93.5834
Port LaBelle,FL,26.7565,-81.3827
Charles Town,WV,39.2746,-77.8631
Lanett,AL,32.8577,-85.2078
Corcoran,MN,45.1089,-93.5837
Maple Glen,PA,40.1778,-75.1793
Ben Lomond,CA,37.0782,-122.0881
Arlington Heights,PA,41.0041,-75.2112
Batesville,IN,39.2974,-85.2144
Hobart,WA,47.412,-121.996
Bridgeport,MI,43.3706,-83.8827
Calumet Park,IL,41.665,-87.6577
Darnestown,MD,39.0969,-77.3033
Chester,IL,37.92,-89.826
Unionville,NC,35.0716,-80.5173
Ave Maria,FL,26.3218,-81.4397
Monessen,PA,40.1519,-79.8828
Thomson,GA,33.4679,-82.4968
Huron,OH,41.3912,-82.5636
Ambler,PA,40.1564,-75.2215
Tanglewilde,WA,47.0512,-122.7809
Clifton Heights,PA,39.9301,-75.2958
La Feria,TX,26.1544,-97.8255
Allendale,NJ,41.0332,-74.1333
St. Augustine Beach,FL,29.8415,-81.2713
Valley Park,MO,38.5513,-90.4923
Byron Center,MI,42.8121,-85.7279
Marianna,FL,30.7943,-85.2259
Litchfield,IL,39.1954,-89.63
Loomis,CA,38.8093,-121.1955
Osceola,AR,35.6942,-89.9934
Pepper Pike,OH,41.48,-81.462
South Hill,NY,42.4113,-76.4883
Murphysboro,IL,37.7678,-89.3324
Lake Alfred,FL,28.1041,-81.7264
Roeland Park,KS,39.0359,-94.6374
Columbiana,OH,40.8872,-80.6757
Bennettsville,SC,34.6303,-79.6875
Marshall,MI,42.2618,-84.9598
Bowleys Quarters,MD,39.3198,-76.3856
Paradise,CA,39.7558,-121.6063
Vandenberg Village,CA,34.7111,-120.4622
Spotsylvania Courthouse,VA,38.1993,-77.5892
Donaldsonville,LA,30.0954,-90.9925
Sturtevant,WI,42.6995,-87.9019
Satsuma,AL,30.8578,-88.0631
University at Buffalo,NY,43.0025,-78.7887
Sterling,AK,60.5405,-150.8089
Chesnut Hill,PA,40.7236,-75.2074
Atlantic,IA,41.3958,-95.0136
Bonne Terre,MO,37.9209,-90.5425
Belle Mead,NJ,40.4684,-74.6559
South Monroe,MI,41.8927,-83.4186
Lawrence,NY,40.6041,-73.7151
Tehaleh,WA,47.1165,-122.1824
Joshua Tree,CA,34.1236,-116.3128
Orland Hills,IL,41.5905,-87.8414
Notre Dame,IN,41.7014,-86.2378
Stewartville,MN,43.8606,-92.4896
Opp,AL,31.2848,-86.257
Lake Mathews,CA,33.825,-117.3683
Folcroft,PA,39.8891,-75.277
Linglestown,PA,40.3444,-76.7948
Fox Point,WI,43.1581,-87.9013
Bayville,NY,40.9076,-73.5602
Eldridge,IA,41.639,-90.5809
Ross,IN,41.5267,-87.3748
Nuevo,CA,33.8011,-117.1414
Pinehurst,MA,42.5334,-71.2339
Brookings,OR,42.0697,-124.3002
North Syracuse,NY,43.1339,-76.1304
South Patrick Shores,FL,28.202,-80.6137
Vine Grove,KY,37.8134,-85.9828
Gateway,AK,61.5668,-149.2417
Purcell,OK,35.0231,-97.3757
South Run,VA,38.7467,-77.2754
Delano,MN,45.0384,-93.793
Gunnison,CO,38.548,-106.9246
Oakmont,PA,40.52,-79.8365
Liberty Hill,TX,30.6638,-97.9063
Jordan,MN,44.6648,-93.6351
Tappan,NY,41.027,-73.952
Eastwood,MI,42.3027,-85.5447
Bedford,VA,37.336,-79.5179
Air Force Academy,CO,38.9942,-104.8639
Nephi,UT,39.7069,-111.8326
Moapa Valley,NV,36.6078,-114.4566
Galax,VA,36.666,-80.9176
Willis,TX,30.4314,-95.4831
Heathcote,NJ,40.3878,-74.578
Cochituate,MA,42.329,-71.3576
Steilacoom,WA,47.1703,-122.5933
Boonville,IN,38.0456,-87.2907
Plattsmouth,NE,41.0054,-95.894
Edgemoor,DE,39.7547,-75.5069
Lutherville,MD,39.424,-76.6177
Kahaluu-Keauhou,HI,19.5669,-155.9533
Raleigh Hills,OR,45.4851,-122.7567
Belpre,OH,39.2815,-81.5972
Carolina Beach,NC,34.0396,-77.8966
Green Knoll,NJ,40.6047,-74.6147
Winthrop Harbor,IL,42.4805,-87.8293
Blakely,PA,41.486,-75.6012
Normandy Park,WA,47.4342,-122.3436
Rockville,CT,41.8665,-72.4512
Gurabo,PR,18.2528,-65.9785
Ellettsville,IN,39.2322,-86.6232
Forest Glen,MD,39.019,-77.0447
Bridgewater,VA,38.3862,-78.9674
Lackland AFB,TX,29.3866,-98.6179
Ontario,OH,40.771,-82.6104
Homeacre-Lyndora,PA,40.8721,-79.9211
Indiantown,FL,27.0376,-80.491
Thermalito,CA,39.4909,-121.615
Stone Mountain,GA,33.8035,-84.1723
Aubrey,TX,33.2874,-96.9622
Hebron,KY,39.0626,-84.709
Burnet,TX,30.7496,-98.2383
Harvest,AL,34.8558,-86.752
North Caldwell,NJ,40.8629,-74.2576
Rancho Calaveras,CA,38.1248,-120.857
Jamul,CA,32.7184,-116.8709
Green Hill,TN,36.2349,-86.5733
Oakdale,LA,30.8158,-92.6542
Buena Vista,VA,37.7319,-79.3568
Selma,NC,35.5406,-78.2932
Lynchburg,TN,35.2846,-86.3587
Black Jack,MO,38.7993,-90.264
Dunlap,IN,41.6346,-85.9235
Lake Shore,WA,45.6911,-122.6911
Litchfield,MN,45.1221,-94.5253
Orchard Mesa,CO,39.0363,-108.5166
Strathmore,NJ,40.4018,-74.2194
Belle Haven,VA,38.7775,-77.0574
Solvay,NY,43.0571,-76.2123
Hapeville,GA,33.6609,-84.4093
Northgate,OH,39.2533,-84.5941
Milton,PA,41.0088,-76.8507
West View,PA,40.5182,-80.0333
Upper Sandusky,OH,40.8298,-83.2721
Geneseo,IL,41.4509,-90.154
Pelican Bay,FL,26.2327,-81.8108
Iowa Park,TX,33.9622,-98.6819
Keene,TX,32.3955,-97.3226
Wailea,HI,20.6873,-156.4291
St. Gabriel,LA,30.2536,-91.1013
Carthage,TX,32.1526,-94.3368
Treasure Island,FL,27.774,-82.7663
Olivarez,TX,26.2285,-97.9931
Howland Center,OH,41.2482,-80.7443
Amory,MS,33.9814,-88.4823
Galliano,LA,29.447,-90.3096
St. John,MO,38.7148,-90.3462
Pratt,KS,37.6765,-98.7451
Franklin,LA,29.7851,-91.5098
Kula,HI,20.7706,-156.3284
Valley City,ND,46.9222,-98.0055
Carbondale,CO,39.3949,-107.2148
South Lebanon,OH,39.3672,-84.2205
Calipatria,CA,33.1493,-115.5055
West Point,NY,41.3645,-74.0123
Ramblewood,NJ,39.9322,-74.9527
Marvin,NC,34.9889,-80.8033
Larchmont,NY,40.9258,-73.7531
Irvington,NY,41.0349,-73.866
Garrett,IN,41.3527,-85.1237
Hillsboro,OH,39.2123,-83.6113
Bronxville,NY,40.9395,-73.8265
Pecan Plantation,TX,32.3628,-97.6553
Highland Heights,KY,39.0354,-84.4567
Kathleen,FL,28.1224,-82.0387
Milford,OH,39.1699,-84.2811
Swarthmore,PA,39.9023,-75.3488
Desert Palms,CA,33.7789,-116.293
Gulf Breeze,FL,30.3684,-87.1737
Morrow,GA,33.5815,-84.3391
Schuyler,NE,41.4497,-97.062
North Sea,NY,40.933,-72.4047
Gulf Park Estates,MS,30.3802,-88.7581
San Antonio,PR,18.4471,-66.2995
Woodland,WA,45.9145,-122.7505
Union Gap,WA,46.5566,-120.4979
Byron,MN,44.0378,-92.6409
West Hattiesburg,MS,31.3114,-89.374
Brier,WA,47.7924,-122.2734
Huntingburg,IN,38.301,-86.9622
Moraine,OH,39.6983,-84.2458
Gananda,NY,43.1274,-77.3361
Red Lion,PA,39.8986,-76.6078
Catasauqua,PA,40.6531,-75.4643
Salem,IN,38.6047,-86.0976
Hazardville,CT,41.9921,-72.5344
Ocean City,FL,30.4398,-86.6071
Latimer,MS,30.4974,-88.8607
Taos,NM,36.3871,-105.5803
East Flat Rock,NC,35.2802,-82.4171
Milford,MI,42.587,-83.6012
Powell,WY,44.7958,-108.7681
Brookhaven,WV,39.6062,-79.8812
Sheridan,OR,45.096,-123.3983
Sweetwater,TN,35.6029,-84.4716
Munford,TN,35.4434,-89.8147
Fairview,NY,41.7321,-73.9137
De Soto,MO,38.141,-90.5609
Blue Bell,PA,40.1474,-75.2687
Abilene,KS,38.923,-97.2252
Ralston,NE,41.2005,-96.0355
West Loch Estate,HI,21.3617,-158.0246
Thurmont,MD,39.621,-77.4076
Colusa,CA,39.2059,-122.0125
Leitchfield,KY,37.4863,-86.2856
Clemson University,SC,34.675,-82.8344
Mount Vernon,IN,37.9364,-87.8958
Eatonton,GA,33.3258,-83.3886
Watchung,NJ,40.6431,-74.4391
Chesapeake Beach,MD,38.6881,-76.5448
Elm Grove,WI,43.048,-88.0867
Huron,CA,36.2041,-120.0961
Canutillo,TX,31.9185,-106.6006
Dacono,CO,40.0623,-104.9476
Willard,MO,37.2931,-93.4171
River Park,FL,27.3214,-80.3308
East Falmouth,MA,41.5708,-70.5556
Wheelersburg,OH,38.7383,-82.842
Cynthiana,KY,38.386,-84.2992
Zimmerman,MN,45.4416,-93.598
Ramtown,NJ,40.1145,-74.1492
Gun Barrel City,TX,32.3277,-96.1286
Dillon,SC,34.4233,-79.3689
Fruitland,ID,44.0197,-116.922
Johnson Lane,NV,39.0489,-119.7245
Braddock,VA,38.8308,-77.3565
Sanibel,FL,26.4534,-82.1023
Prospect Park,PA,39.8859,-75.3075
Douglas,WY,42.7542,-105.3969
Volo,IL,42.3299,-88.1598
High Springs,FL,29.807,-82.5955
Stratmoor,CO,38.7731,-104.7786
Sidney,NE,41.1341,-102.9681
Camino Tassajara,CA,37.7909,-121.8851
Pimmit Hills,VA,38.9105,-77.1991
Lake Mills,WI,43.0775,-88.9055
Lindale,TX,32.4933,-95.4069
Ranchettes,WY,41.2186,-104.7729
Flanders,NY,40.8937,-72.6051
Walker,LA,30.4851,-90.8654
Harrah,OK,35.4786,-97.1873
Johnsburg,IL,42.383,-88.2476
Nolanville,TX,31.0754,-97.609
Ward,AR,35.0117,-91.9577
Chickasaw,AL,30.7715,-88.0793
Cherry Hills Village,CO,39.6375,-104.948
Avra Valley,AZ,32.4195,-111.3393
Lebanon,KY,37.5691,-85.2594
Fountainhead-Orchard Hills,MD,39.6878,-77.7173
Salida del Sol Estates,TX,26.3257,-98.4469
Sullivan,MO,38.2129,-91.1637
Penitas,TX,26.2577,-98.4407
Walkersville,MD,39.4832,-77.3559
Twin Lakes,WI,42.519,-88.2484
Henderson,TN,35.4446,-88.6531
Snowflake,AZ,34.5225,-110.0913
Pigeon Forge,TN,35.7977,-83.5623
East End,AR,34.5554,-92.3261
Carlstadt,NJ,40.8247,-74.0613
El Rio,CA,34.2453,-119.1568
Portland,IN,40.4376,-84.9833
New Haven,MI,42.7306,-82.7953
Village of Oak Creek,AZ,34.7813,-111.7606
Rochester Institute of Technology,NY,43.0827,-77.6715
Tea,SD,43.4564,-96.8257
Marion,SC,34.1787,-79.3956
De Soto,KS,38.9688,-94.9549
Forest Hills,PA,40.4251,-79.8544
Monticello,IL,40.0342,-88.5728
Lucas Valley-Marinwood,CA,38.0405,-122.5765
Shrewsbury,MO,38.5866,-90.3282
Simsbury Center,CT,41.8808,-72.8111
West Yarmouth,MA,41.6496,-70.2487
Clyde,OH,41.3044,-82.9781
Huntington Woods,MI,42.4816,-83.1685
Dripping Springs,TX,30.196,-98.0938
Highland,NY,41.7208,-73.9625
Glenarden,MD,38.9294,-76.8577
Tecumseh,OK,35.2639,-96.9337
Crockett,TX,31.3177,-95.4564
Hilmar-Irwin,CA,37.4045,-120.8504
Lyman,SC,34.9667,-82.1232
Rossford,OH,41.5812,-83.5682
Waupaca,WI,44.3506,-89.0719
Bethel,AK,60.7928,-161.7917
Orange City,IA,43.0023,-96.0566
Hampstead,MD,39.6105,-76.8549
Leisure Village,NJ,40.0445,-74.1852
Covedale,OH,39.1267,-84.637
Ville Platte,LA,30.6901,-92.2746
Champion Heights,OH,41.3031,-80.8514
Cold Spring,KY,39.013,-84.435
Gladewater,TX,32.5426,-94.9465
Warrenton,OR,46.1685,-123.9302
Countryside,IL,41.7741,-87.8752
Obetz,OH,39.8671,-82.9451
Prospect Park,NJ,40.938,-74.1736
DeFuniak Springs,FL,30.7123,-86.1208
Manistee,MI,44.2439,-86.3242
Crestwood,KY,38.3355,-85.4839
Talent,OR,42.2404,-122.7807
Steelton,PA,40.2258,-76.8253
Yardville,NJ,40.1849,-74.6604
East Rochester,NY,43.1122,-77.4869
Vero Lake Estates,FL,27.7471,-80.5283
Taylor,PA,41.3958,-75.7147
Adel,IA,41.6101,-94.0124
Pembroke Park,FL,25.9852,-80.1777
Briar,TX,32.9882,-97.5526
Kingston Estates,NJ,39.9188,-74.9898
Rochester,IN,41.0591,-86.1959
Salton City,CA,33.2994,-115.9609
Silver Lake,NC,34.1409,-77.9089
Princeton,KY,37.1068,-87.8853
Crystal City,TX,28.6908,-99.8258
Willows,CA,39.5149,-122.1995
Sidney,MT,47.7152,-104.1679
Loudon,TN,35.7414,-84.3701
Brookville,OH,39.8393,-84.4176
Fairfield Plantation,GA,33.6457,-84.9254
Jackson,OH,39.0448,-82.6458
Penn Wynne,PA,39.9867,-75.2715
Centerport,NY,40.8951,-73.3704
South Williamsport,PA,41.2294,-77.0009
Morris Plains,NJ,40.8356,-74.4786
Paulsboro,NJ,39.84,-75.2397
Prosser,WA,46.2068,-119.7663
Roseland,NJ,40.8208,-74.3086
White Oak,TX,32.5312,-94.8564
Gleneagle,CO,39.0453,-104.8288
Boiling Spring Lakes,NC,34.0327,-78.0685
Freeport,FL,30.5039,-86.1391
East Kapolei,HI,21.3633,-158.041
Portage Lakes,OH,41.0034,-81.5347
Wilton,CA,38.413,-121.2127
Bridgewater Center,NJ,40.6037,-74.6445
Martins Ferry,OH,40.1014,-80.7253
Exton,PA,40.0307,-75.6303
Wolfforth,TX,33.5147,-102.0067
Elsmere,DE,39.7384,-75.5946
Rushville,IN,39.6171,-85.4463
Chillicothe,IL,40.9158,-89.502
Fair Haven,NJ,40.3618,-74.0392
Crescent City,CA,41.7728,-124.1902
Cameron Park,TX,25.9706,-97.4775
Old Bethpage,NY,40.7558,-73.4545
Mays Landing,NJ,39.4506,-74.7098
Aztec,NM,36.8225,-107.971
South Valley Stream,NY,40.6558,-73.7185
Braidwood,IL,41.2695,-88.2235
Bridgeport,TX,33.21,-97.7708
Torrington,WY,42.0653,-104.1737
Willard,OH,41.0518,-82.7232
Ishpeming,MI,46.4862,-87.6658
Slinger,WI,43.3317,-88.2798
Lake Fenton,MI,42.8453,-83.7086
Bulverde,TX,29.7744,-98.4364
North Scituate,MA,42.2121,-70.7652
Doolittle,TX,26.3597,-98.1167
Corry,PA,41.9259,-79.6358
Rockford,MI,43.1267,-85.5582
Northford,CT,41.3949,-72.7826
Lauderdale-by-the-Sea,FL,26.1991,-80.0971
Madison,SD,44.0062,-97.1085
Rupert,ID,42.6189,-113.674
Quebradillas,PR,18.4724,-66.935
Cherryville,NC,35.3844,-81.3781
Cumberland,IN,39.7843,-85.9458
Wesley Hills,NY,41.1578,-74.0768
Independence,IA,42.4621,-91.9027
Riverside,MD,39.4784,-76.2398
Marlow Heights,MD,38.8237,-76.9484
Snyderville,UT,40.7041,-111.5434
Palmer,AK,61.5971,-149.1148
Yaphank,NY,40.8323,-72.9233
Churchville,PA,40.1922,-74.9982
Jonesboro,GA,33.5211,-84.3548
Plaquemine,LA,30.2833,-91.243
Rib Mountain,WI,44.9195,-89.6757
Zuni Pueblo,NM,35.0693,-108.8558
South Lakes,AK,61.5874,-149.316
Pontoon Beach,IL,38.7208,-90.0609
Branford Center,CT,41.278,-72.8148
Oceanport,NJ,40.316,-74.0205
Laurence Harbor,NJ,40.4489,-74.2494
Darlington,SC,34.3015,-79.867
Packanack Lake,NJ,40.9382,-74.2564
Tallulah,LA,32.4068,-91.1916
Aptos,CA,36.9912,-121.8934
Paoli,PA,40.042,-75.4912
Edgewood,NM,35.1318,-106.2151
Potomac Mills,VA,38.6554,-77.3
Hellertown,PA,40.5812,-75.3378
Gustine,CA,37.2545,-120.9949
Tequesta,FL,26.9618,-80.1011
Williamson,AZ,34.7082,-112.5343
Durham,CA,39.6232,-121.7875
Glendale,MO,38.5935,-90.3826
Midway,UT,40.5183,-111.4746
Cheverly,MD,38.9254,-76.9141
Maquoketa,IA,42.059,-90.6649
Clairton,PA,40.2976,-79.8854
Fort Washington,PA,40.1408,-75.1926
North Hobbs,NM,32.7731,-103.125
Woodcliff Lake,NJ,41.0253,-74.0604
Gas City,IN,40.4887,-85.5944
Little Silver,NJ,40.3357,-74.0346
Kennett Square,PA,39.8438,-75.7113
Battlefield,MO,37.1194,-93.3683
Blackwell,OK,36.8013,-97.3009
Briar Chapel,NC,35.8241,-79.1168
Northville,MI,42.4355,-83.489
De Queen,AR,34.0426,-94.342
Mount Zion,IL,39.7793,-88.8834
Milan,MI,42.0816,-83.6854
Barnesville,GA,33.0508,-84.1528
Newtown Grant,PA,40.2619,-74.9481
Inniswold,LA,30.3982,-91.071
Everman,TX,32.6296,-97.2827
Homeland,CA,33.7459,-117.1132
Puerto Real,PR,18.0767,-67.1858
Avon,CO,39.6442,-106.513
Jonesborough,TN,36.2959,-82.4766
Pollock Pines,CA,38.7575,-120.5921
Wayne,NE,42.2379,-97.0101
Elburn,IL,41.8852,-88.4606
Southgate,FL,27.3066,-82.5107
Schriever,LA,29.7333,-90.831
Cheshire Village,CT,41.5041,-72.8969
The Village of Indian Hill,OH,39.1916,-84.3345
Beardstown,IL,39.9993,-90.4178
Gardiner,ME,44.191,-69.7921
Happy Valley,CA,40.4662,-122.4207
Swannanoa,NC,35.6009,-82.3917
Kingston,TN,35.8713,-84.4959
Vandalia,IL,38.9754,-89.1117
Moores Mill,AL,34.8491,-86.5222
Cambria,CA,35.552,-121.0838
Three Oaks,FL,26.4724,-81.7959
Pevely,MO,38.2867,-90.3988
Fruit Heights,UT,41.0277,-111.9082
Barnhart,MO,38.336,-90.4046
Eudora,KS,38.9345,-95.0956
Oreland,PA,40.115,-75.1803
Solvang,CA,34.5935,-120.1401
Rittman,OH,40.9736,-81.785
Nazareth,PA,40.74,-75.3131
Lake City,SC,33.8676,-79.7534
Pauls Valley,OK,34.7231,-97.2281
Sheridan,CO,39.6468,-105.0182
Wilmore,KY,37.8786,-84.6545
Lewistown,MT,47.0514,-109.4524
Massanetta Springs,VA,38.3899,-78.834
Truth or Consequences,NM,33.1864,-107.2589
Franklin,PA,41.3936,-79.8425
Rochester,WA,46.8198,-123.0636
Dickson City,PA,41.4684,-75.6358
Bellefonte,PA,40.9141,-77.7683
Elmwood,LA,29.9554,-90.1879
Harriman,TN,35.9307,-84.5602
Manchester,WA,47.5519,-122.5517
Louisville,MS,33.1224,-89.0553
Pine Brook,NJ,40.8676,-74.3438
Watford City,ND,47.8027,-103.2678
Tarrant,AL,33.5945,-86.7685
Raton,NM,36.8849,-104.4396
Dallas,NC,35.3169,-81.183
Las Flores,CA,33.584,-117.6237
Alpine,TX,30.364,-103.665
Erwin,TN,36.1456,-82.4115
Mocksville,NC,35.9007,-80.5631
Hamlet,NC,34.8892,-79.7099
Greenwood,MO,38.8508,-94.3377
Port Clinton,OH,41.5094,-82.9385
Gilbertsville,PA,40.3219,-75.609
East Aurora,NY,42.7667,-78.6172
West Concord,MA,42.4517,-71.4035
Waterville,OH,41.5015,-83.7367
Crafton,PA,40.4333,-80.0712
Daniels Farm,CT,41.2778,-73.2022
Edna,TX,28.9757,-96.6483
Hockinson,WA,45.7302,-122.4833
Maize,KS,37.7749,-97.462
Hilton,NY,43.29,-77.7925
North Fort Lewis,WA,47.1222,-122.5962
Homestead Meadows North,TX,31.8483,-106.1707
Somerset,PA,40.0049,-79.0778
Oak View,CA,34.403,-119.299
Blaine,WA,48.9839,-122.7414
Richmond,MO,39.2755,-93.9729
Country Homes,WA,47.7479,-117.4199
Mattydale,NY,43.0992,-76.1388
Sharon Hill,PA,39.9075,-75.2679
Eucalyptus Hills,CA,32.885,-116.9453
Santa Teresa,NM,31.8701,-106.6714
Holly,MI,42.7987,-83.622
Finderne,NJ,40.5626,-74.5743
Fort Myers Shores,FL,26.7135,-81.7384
Childress,TX,34.4293,-100.2516
McRae-Helena,GA,32.0636,-82.8968
Moosic,PA,41.3584,-75.7027
Fort Shawnee,OH,40.6814,-84.1487
Asbury,IA,42.512,-90.7802
Belding,MI,43.0968,-85.2331
Doney Park,AZ,35.2656,-111.519
Fulton,MD,39.1516,-76.9163
Montrose-Ghent,OH,41.1538,-81.6437
Lucerne Valley,CA,34.4427,-116.9021
Stokesdale,NC,36.2318,-79.9834
Pass Christian,MS,30.327,-89.2436
Larose,LA,29.5669,-90.3751
Carver,MN,44.7648,-93.6537
Barbecue,NC,35.336,-79.0386
Bangor Base,WA,47.7226,-122.7144
Chena Ridge,AK,64.7941,-148.0357
Cidra,PR,18.1776,-66.158
Schlusser,PA,40.2433,-77.1802
Edgerton,WI,42.8385,-89.0699
West Bountiful,UT,40.8984,-111.9082
Clearfield,PA,41.0216,-78.439
Groveport,OH,39.8586,-82.8978
Granville,OH,40.0646,-82.5024
Holdenville,OK,35.0838,-96.4017
Manasquan,NJ,40.1186,-74.045
Norwood,PA,39.8864,-75.2964
Enola,PA,40.2908,-76.9348
Geneva,OH,41.8007,-80.9461
Buena Vista,MI,43.4176,-83.9005
Mount Arlington,NJ,40.919,-74.639
Hudson,NY,42.2515,-73.7859
Hempstead,TX,30.1006,-96.0777
Metropolis,IL,37.1565,-88.7082
Stroudsburg,PA,40.9838,-75.1972
Hidden Valley Lake,CA,38.8005,-122.5505
Old Tappan,NJ,41.0163,-73.9855
Krum,TX,33.2655,-97.2252
Crawfordville,FL,30.1996,-84.3634
District Heights,MD,38.8588,-76.8885
Wake Village,TX,33.4238,-94.127
Littlefield,TX,33.9192,-102.3348
Millersville,TN,36.3969,-86.7111
Fort Wright,KY,39.0463,-84.5362
Grayson Valley,AL,33.6467,-86.6417
Northchase,NC,34.3049,-77.8754
Estes Park,CO,40.3699,-105.5217
Bonadelle Ranchos,CA,36.9688,-119.8927
Alma,AR,35.4919,-94.2165
Oelwein,IA,42.6715,-91.9131
Lakemoor,IL,42.3396,-88.2039
Salamanca,NY,42.1631,-78.7233
Wilmer,TX,32.5983,-96.6815
Monroeville,AL,31.5162,-87.3279
Greenbrier,AR,35.2289,-92.3836
Vauxhall,NJ,40.7174,-74.2838
Venus,TX,32.4317,-97.1018
Lakehills,TX,29.6237,-98.9448
East Quogue,NY,40.8489,-72.5785
Willow Springs,IL,41.7333,-87.8859
Hightstown,NJ,40.2686,-74.5253
Los Ranchos de Albuquerque,NM,35.1625,-106.6482
Media,PA,39.9199,-75.3889
Spring Grove,IL,42.4545,-88.2399
East Farmingdale,NY,40.7367,-73.4114
Estherville,IA,43.3997,-94.8342
Steele Creek,AK,64.9295,-147.3955
Belmar,NJ,40.1798,-74.0255
Swartz Creek,MI,42.9631,-83.8251
Bartonville,IL,40.6397,-89.6607
Harris Hill,NY,42.973,-78.6793
Rincon Valley,AZ,32.1101,-110.6889
Petoskey,MI,45.3649,-84.9888
Woodstock,VA,38.875,-78.516
Eagleton Village,TN,35.7882,-83.9363
Lemoore Station,CA,36.2633,-119.9048
Byron,GA,32.6476,-83.7539
Richmond,MI,42.8094,-82.7518
Lake Bluff,IL,42.2826,-87.851
Peoria Heights,IL,40.7466,-89.57
Polk City,IA,41.7779,-93.7134
Eaton,CO,40.5257,-104.713
Attalla,AL,34.005,-86.1039
Mulvane,KS,37.4789,-97.2724
McKees Rocks,PA,40.4688,-80.063
Yarmouth Port,MA,41.7091,-70.2225
Carterville,IL,37.763,-89.0841
Starke,FL,29.9474,-82.1129
Shady Hollow,TX,30.1645,-97.8631
Bensley,VA,37.447,-77.442
Peculiar,MO,38.7306,-94.4735
Windcrest,TX,29.515,-98.3818
Pleasure Point,CA,36.9619,-121.9715
Ulysses,KS,37.5774,-101.3546
Shippensburg,PA,40.0484,-77.5227
Slaton,TX,33.4421,-101.6476
Gardnerville,NV,38.939,-119.7369
South Hooksett,NH,43.0331,-71.4254
Ephraim,UT,39.3563,-111.5845
Columbia,MS,31.2564,-89.8266
Weiser,ID,44.2547,-116.9689
Patterson,LA,29.691,-91.3096
Preston,ID,42.0989,-111.8802
Medina,NY,43.2197,-78.3888
Jan Phyl Village,FL,28.0201,-81.7933
Germantown,OH,39.6325,-84.3645
Merion Station,PA,40.0035,-75.2501
Sierra View,PA,41.0006,-75.4455
Lakeview,NY,40.6775,-73.6493
East Moriches,NY,40.8085,-72.7573
Walkertown,NC,36.1576,-80.1641
Bay Harbor Islands,FL,25.8877,-80.1334
Lochmoor Waterway Estates,FL,26.6447,-81.9098
Osprey,FL,27.1914,-82.48
Silver Lakes,CA,34.7515,-117.343
Bear Valley Springs,CA,35.174,-118.6532
Piedmont,SC,34.7074,-82.4651
Salida,CO,38.5298,-105.9979
Sherwood Manor,CT,42.0101,-72.5667
Du Quoin,IL,38.0019,-89.2323
Princeton,WV,37.3689,-81.0961
Stafford Courthouse,VA,38.4184,-77.4202
Cave Springs,AR,36.2701,-94.2227
Bryn Mawr,PA,40.0208,-75.3161
Parker,TX,33.0571,-96.6244
Villa Park,CA,33.818,-117.8104
Indian Hills,NV,39.0894,-119.7977
Evansville,WI,42.7781,-89.2967
Franklin Center,NJ,40.5321,-74.5415
Sultan,WA,47.871,-121.8043
Zephyrhills West,FL,28.2311,-82.2052
Maplewood,WA,47.3715,-122.5689
San Leon,TX,29.4902,-94.9405
Jamesburg,NJ,40.3493,-74.4399
Oxford,PA,39.7858,-75.9801
Houghton Lake,MI,44.3019,-84.7491
Plymouth,PA,41.2404,-75.9507
Ettrick,VA,37.2435,-77.4287
Campbelltown,PA,40.276,-76.5829
Paola,KS,38.5788,-94.8617
Dos Palos,CA,36.9854,-120.6338
Deschutes River Woods,OR,43.9887,-121.3608
East Hampton North,NY,40.9728,-72.1892
Cottleville,MO,38.7512,-90.6581
Homer,AK,59.653,-151.5255
Dumfries,VA,38.567,-77.3233
Rutgers University-Busch Campus,NJ,40.5214,-74.4654
Angier,NC,35.5116,-78.7402
Eldorado at Santa Fe,NM,35.5273,-105.934
New Holland,PA,40.1008,-76.09
Belle Fourche,SD,44.664,-103.8564
Monticello,KY,36.8412,-84.8502
Yabucoa,PR,18.0464,-65.8803
Tontitown,AR,36.1642,-94.2457
Central City,KY,37.2963,-87.128
Bright,IN,39.2254,-84.8613
Finley,WA,46.1697,-119.0447
East Alton,IL,38.884,-90.1074
International Falls,MN,48.5884,-93.4084
Livingston,TX,30.71,-94.9381
Abingdon,MD,39.4629,-76.2754
Washingtonville,NY,41.4297,-74.1577
Union Beach,NJ,40.4454,-74.1699
Spring Ridge,MD,39.4043,-77.3405
Pontotoc,MS,34.2531,-89.0091
Berryville,AR,36.371,-93.5704
Hutchins,TX,32.6421,-96.7093
Perry,UT,41.4648,-112.0401
McKenzie,TN,36.1372,-88.5077
Poolesville,MD,39.1423,-77.4102
Dayton,KY,39.1127,-84.4639
Glencoe,MN,44.7699,-94.151
Waynesboro,GA,33.0909,-82.0145
Holtville,AL,32.6314,-86.3268
Fruitland,MD,38.3214,-75.6246
Mount Carmel,PA,40.7959,-76.4119
Marion,VA,36.8379,-81.5156
Wappingers Falls,NY,41.5984,-73.9181
Tonganoxie,KS,39.1088,-95.0811
Hillsboro,IL,39.1752,-89.4723
Saranap,CA,37.8878,-122.076
Zeeland,MI,42.8139,-86.0129
Siesta Key,FL,27.2779,-82.5516
Punxsutawney,PA,40.9438,-78.9767
Elsa,TX,26.2978,-97.9936
Hartford City,IN,40.4537,-85.3736
Milton,WI,42.775,-88.9429
Genoa,IL,42.0926,-88.6964
Northfield,IL,42.1025,-87.7791
Lake Goodwin,WA,48.1343,-122.2785
Benton Park,CA,35.3463,-119.0297
Kermit,TX,31.854,-103.0924
Black Diamond,WA,47.313,-122.0181
West Clarkston-Highland,WA,46.4017,-117.0624
Dowagiac,MI,41.9834,-86.1126
Fruitridge Pocket,CA,38.5326,-121.4558
Highland Lakes,AL,33.3973,-86.6495
Sandersville,GA,32.9827,-82.8089
Nashville,NC,35.9693,-77.9554
Covington,VA,37.7786,-79.9867
East Harwich,MA,41.7081,-70.0339
Moyock,NC,36.5165,-76.1728
Norwood,NJ,40.9933,-73.951
Bliss Corner,MA,41.6053,-70.9421
Grafton,OH,41.2809,-82.038
Offutt AFB,NE,41.1207,-95.9209
Winston,OR,43.1201,-123.4246
Tracyton,WA,47.6094,-122.6533
Selinsgrove,PA,40.8003,-76.8646
Temple,GA,33.7342,-85.0289
Kayenta,AZ,36.7144,-110.259
Yoakum,TX,29.2934,-97.1468
Jackson,GA,33.292,-83.9679
Pelham Manor,NY,40.893,-73.8058
Lafayette,TN,36.5241,-86.0304
New Whiteland,IN,39.5617,-86.0994
Waimanalo,HI,21.3421,-157.7303
Emporia,VA,36.6953,-77.5356
North Windham,ME,43.8233,-70.4293
West Modesto,CA,37.6178,-121.0346
Crosspointe,VA,38.7253,-77.2638
Henryetta,OK,35.4417,-95.9864
Calverton,NY,40.9138,-72.766
Chisago City,MN,45.3473,-92.9116
Towaco,NJ,40.9263,-74.3451
Laurel Bay,SC,32.4599,-80.7869
Waterford,WI,42.7645,-88.216
Anadarko,OK,35.065,-98.2443
Hidden Valley,IN,39.1672,-84.8444
Creswell,OR,43.9212,-123.016
Eastman,GA,32.1973,-83.1714
Lavon,TX,33.0252,-96.4381
Palmerton,PA,40.8023,-75.616
Fairview,GA,34.9295,-85.294
Adel,GA,31.1264,-83.4229
Bowie,TX,33.5566,-97.844
Imperial,MO,38.3673,-90.3705
Kings Point,NY,40.8161,-73.7405
Rainsville,AL,34.4938,-85.8436
Leesville,LA,31.1324,-93.2673
McGregor,TX,31.4186,-97.4283
Holtville,CA,32.8129,-115.3779
Rancho Murieta,CA,38.5085,-121.0716
Mena,AR,34.5812,-94.2369
Dundee,FL,28.0115,-81.5995
New Brighton,PA,40.7355,-80.309
Bellevue,KY,39.1012,-84.4775
East Pasadena,CA,34.1378,-118.0776
Suncrest,WA,47.8297,-117.6056
Odessa,MO,38.9988,-93.9666
Ranson,WV,39.325,-77.8667
Country Knolls,NY,42.9085,-73.807
Dundee,MI,41.9642,-83.6636
Hollidaysburg,PA,40.4311,-78.393
St. Clair,MI,42.8262,-82.493
East Port Orchard,WA,47.5194,-122.6183
Carlinville,IL,39.2775,-89.8762
Belleview,FL,29.0608,-82.0565
Williams,CA,39.1498,-122.1389
White Rock,NM,35.8075,-106.2067
Kaser,NY,41.1214,-74.0684
White City,UT,40.5666,-111.8636
Laie,HI,21.6442,-157.9279
Sunset,UT,41.1392,-112.0285
Wyndmoor,PA,40.0856,-75.1941
Lake Mohegan,NY,41.3165,-73.8475
Surfside,FL,25.8787,-80.125
Leakesville,MS,31.1497,-88.5557
Four Corners,MT,45.6697,-111.1785
Grosse Pointe,MI,42.3915,-82.9118
Monaca,PA,40.6833,-80.2736
Sylvester,GA,31.53,-83.8338
New Burlington,OH,39.2628,-84.5501
McSwain,CA,37.3145,-120.5868
Anamosa,IA,42.1091,-91.2758
New Carlisle,OH,39.9446,-84.0257
Chestertown,MD,39.2182,-76.0714
Fort Myers Beach,FL,26.4308,-81.9146
Dunlap,TN,35.3675,-85.3899
La Habra Heights,CA,33.9603,-117.951
Morganville,NJ,40.3756,-74.2444
Trenton,MO,40.0818,-93.603
Red Oak,IA,41.014,-95.225
Dulles Town Center,VA,39.0265,-77.4196
Pahokee,FL,26.8202,-80.6621
Margaret,AL,33.6734,-86.468
Philomath,OR,44.5423,-123.3599
DeWitt,IA,41.8227,-90.5448
Somerdale,NJ,39.8455,-75.0218
Greenville,PA,41.4051,-80.3836
Rothschild,WI,44.8761,-89.6173
Credit River,MN,44.6744,-93.3791
Columbia Falls,MT,48.3708,-114.1902
Locust,NC,35.2688,-80.4369
Gray,LA,29.678,-90.7831
Berlin,WI,43.9704,-88.9504
Silver Springs,NV,39.3826,-119.2148
Noroton,CT,41.0595,-73.4922
White Hall,AR,34.2741,-92.1006
New Castle,DE,39.6681,-75.5697
Exeter,PA,41.3337,-75.8213
Sinton,TX,28.0392,-97.5153
Walton,KY,38.8645,-84.6122
Treasure Lake,PA,41.1677,-78.7187
Rockwood,TN,35.8692,-84.6731
Bessemer City,NC,35.284,-81.2828
Spring Valley,IL,41.3362,-89.2038
Wilmington,IL,41.3207,-88.164
Iroquois Point,HI,21.3218,-157.9803
Mount Carmel,TN,36.562,-82.6618
Monticello,IN,40.7455,-86.7668
Holdrege,NE,40.4394,-99.3773
Mead,CO,40.2318,-104.9911
Verdigris,OK,36.2536,-95.66
Marlin,TX,31.3085,-96.8934
Oakwood,GA,34.2236,-83.8851
Kodiak,AK,57.7934,-152.4059
Strawberry,CA,37.8925,-122.5078
Albion,NY,43.246,-78.1902
Osceola,IA,41.0304,-93.784
Columbus,WI,43.3354,-89.03
Quantico Base,VA,38.5228,-77.3186
Glasgow Village,MO,38.7578,-90.1984
Walterboro,SC,32.901,-80.676
Otis Orchards-East Farms,WA,47.703,-117.0854
Luling,TX,29.6814,-97.6468
Blauvelt,NY,41.0689,-73.9545
Pawcatuck,CT,41.3774,-71.8492
Prairie du Chien,WI,43.0429,-91.1372
Spirit Lake,IA,43.4176,-95.1109
Floral City,FL,28.7065,-82.309
Coraopolis,PA,40.5148,-80.1627
St. Paul Park,MN,44.8359,-92.9949
The Meadows,FL,27.3647,-82.4716
Shillington,PA,40.3029,-75.967
Fishhook,AK,61.7199,-149.2621
Carlisle,OH,39.5807,-84.3201
Candlewick Lake,IL,42.3525,-88.8694
Belvedere,SC,33.537,-81.9424
Macon,MO,39.7426,-92.4711
South Gate Ridge,FL,27.2856,-82.497
Rockdale,TX,30.6543,-97.0089
Ellenton,FL,27.5269,-82.5258
Toronto,OH,40.4581,-80.6095
Hampton Manor,NY,42.6197,-73.7288
Willow Park,TX,32.7548,-97.6498
Manchester,MD,39.6585,-76.8881
Lyons,NJ,40.6811,-74.5493
Sayre,PA,41.9856,-76.5207
Smiths Station,AL,32.528,-85.0943
Cicero,IN,40.1246,-86.0242
Palermo,CA,39.4313,-121.5225
Walnut Ridge,AR,36.0848,-90.9467
Chesterbrook,PA,40.0735,-75.4582
Douglass Hills,KY,38.2367,-85.5499
Fairport,NY,43.099,-77.4427
Wyldwood,TX,30.1299,-97.48
Atlanta,TX,33.1136,-94.1672
Wrightsboro,NC,34.2895,-77.9217
Aledo,TX,32.6974,-97.6069
New Hempstead,NY,41.1488,-74.0485
Williamsville,NY,42.9623,-78.7418
Caruthersville,MO,36.1814,-89.6664
Wellston,OH,39.1172,-82.5375
Alvarado,TX,32.4068,-97.2149
Waynesville,MO,37.8201,-92.2202
Zephyrhills South,FL,28.2152,-82.1886
Tyrone,PA,40.6764,-78.246
Chelsea,MI,42.3132,-84.0188
North Hills,NY,40.7765,-73.6778
Ashton-Sandy Spring,MD,39.1515,-77.0065
Cocoa West,FL,28.3591,-80.7713
Ripley,MS,34.7321,-88.9444
Algona,IA,43.0743,-94.2311
Hyde Park,UT,41.8008,-111.8121
Coco,PR,18.0009,-66.2602
Trooper,PA,40.1489,-75.3991
Pennside,PA,40.3384,-75.8764
Semmes,AL,30.7899,-88.2389
Conley,GA,33.6399,-84.3376
Neshanic Station,NJ,40.5291,-74.7358
Battlement Mesa,CO,39.4506,-108.0063
Lake Holiday,IL,41.6159,-88.6683
Lake Barrington,IL,42.2121,-88.1684
Town and Country,WA,47.7259,-117.422
Rio Pinar,FL,28.5271,-81.2628
Oak Point,TX,33.1795,-96.9907
Layhill,MD,39.0871,-77.0404
Marlene Village,OR,45.5173,-122.8199
Colby,KS,39.3848,-101.0452
Sansom Park,TX,32.8027,-97.4021
Old Fig Garden,CA,36.7989,-119.8052
Sheldon,IA,43.1797,-95.8437
Cameron,TX,30.8608,-96.9763
Winterset,IA,41.345,-94.0138
East Freehold,NJ,40.2718,-74.2425
Deer Park,OH,39.2039,-84.3978
St. Helena,CA,38.5063,-122.4682
Van Alstyne,TX,33.4216,-96.5838
Orangetree,FL,26.2929,-81.5786
Tice,FL,26.6756,-81.8166
Centerville,IA,40.7292,-92.8716
Cramerton,NC,35.2343,-81.0734
Okeechobee,FL,27.2413,-80.8298
Cape May Court House,NJ,39.0788,-74.8205
North Fond du Lac,WI,43.8107,-88.486
White City,FL,27.3721,-80.3404
Reminderville,OH,41.3338,-81.4018
Olyphant,PA,41.4506,-75.5753
Rensselaer,IN,40.9375,-87.1684
Iola,KS,37.9274,-95.4006
St. Martinville,LA,30.1263,-91.8319
Glendora,NJ,39.8405,-75.0677
Clarinda,IA,40.7377,-95.0338
Forest,MS,32.3595,-89.4761
Balm,FL,27.7542,-82.2882
Goddard,KS,37.6652,-97.5617
Glencoe,AL,33.9447,-85.9322
Thatcher,AZ,32.8323,-109.7595
Boulder Creek,CA,37.1341,-122.1272
Senoia,GA,33.3082,-84.5546
Clementon,NJ,39.8046,-74.985
Whitfield,PA,40.3362,-76.0053
Warren,AR,33.6113,-92.0678
Penuelas,PR,18.0595,-66.7206
Polson,MT,47.6886,-114.1411
Guanica,PR,17.9698,-66.9309
Rusk,TX,31.7978,-95.1489
Roanoke,AL,33.1453,-85.3694
Benson,AZ,31.9157,-110.3257
Posen,IL,41.629,-87.6859
Keyes,CA,37.5573,-120.9114
Englewood Cliffs,NJ,40.8823,-73.9467
Brookshire,TX,29.7824,-95.9514
Hollywood,SC,32.752,-80.2118
Muleshoe,TX,34.2292,-102.7284
St. Robert,MO,37.8244,-92.1532
Canal Fulton,OH,40.8895,-81.5882
South Pasadena,FL,27.7526,-82.7394
Cortez,FL,27.4668,-82.6688
Ashland City,TN,36.2607,-87.0412
Moab,UT,38.5701,-109.5478
Turpin Hills,OH,39.1063,-84.3703
Salem,NJ,39.5681,-75.4724
Dove Valley,CO,39.5752,-104.8309
Grandwood Park,IL,42.3927,-87.989
Blythewood,SC,34.2121,-80.9921
Shaw Heights,CO,39.8566,-105.0391
Buckley,WA,47.1615,-122.02
Ione,CA,38.3613,-120.9422
Edinboro,PA,41.8762,-80.1247
Montevideo,MN,44.9505,-95.7153
Mayflower Village,CA,34.116,-118.0096
Grambling,LA,32.5275,-92.7124
Brush,CO,40.2598,-103.6323
Central,SC,34.7235,-82.7788
Whiskey Creek,FL,26.5733,-81.8903
Springfield,MI,42.3246,-85.2371
Westvale,NY,43.0399,-76.2176
Guadalupe,AZ,33.3665,-111.9633
Kensington,CA,37.9083,-122.2805
Palm Springs North,FL,25.9351,-80.3339
Weldon Spring,MO,38.7119,-90.6513
Westville,IN,41.5376,-86.9049
Chackbay,LA,29.8809,-90.775
Primera,TX,26.2237,-97.7529
Kahaluu,HI,21.4575,-157.8453
Orchard Homes,MT,46.8559,-114.0778
Pana,IL,39.3829,-89.0642
Blakely,GA,31.3827,-84.9228
Tiffin,IA,41.7064,-91.6583
Firthcliffe,NY,41.4408,-74.0353
Peppermill Village,MD,38.8939,-76.8878
Medina,TN,35.8152,-88.7901
West Salem,WI,43.8989,-91.0882
Lehighton,PA,40.8306,-75.7165
La Crescent,MN,43.83,-91.3042
Wheatley Heights,NY,40.7624,-73.3705
Fox Chapel,PA,40.5247,-79.8898
Brownfields,LA,30.5467,-91.1225
Naples Manor,FL,26.0892,-81.7254
Margate City,NJ,39.3307,-74.507
Tipton,IN,40.282,-86.0423
Rigby,ID,43.6734,-111.9132
Flagler Beach,FL,29.4716,-81.1303
Bigfork,MT,48.0852,-114.0551
Delhi Hills,OH,39.0871,-84.6177
Granite Shoals,TX,30.5894,-98.3671
Lewisburg,PA,40.9641,-76.8901
Johnstown,OH,40.15,-82.6881
Schuylkill Haven,PA,40.6283,-76.1729
Chardon,OH,41.5798,-81.207
Highwood,IL,42.206,-87.8128
Chester,SC,34.7051,-81.2132
Gladstone,MI,45.8521,-87.0358
Cresaptown,MD,39.5944,-78.8356
Brewton,AL,31.1113,-87.0737
Bargaintown,NJ,39.3687,-74.5924
El Granada,CA,37.5134,-122.4657
Redland,AL,32.4754,-86.1375
Titusville,PA,41.6273,-79.6699
Tillamook,OR,45.4562,-123.8331
Vinita,OK,36.6375,-95.1725
Sandy Oaks,TX,29.1821,-98.4081
Collegeville,PA,40.1873,-75.4581
Williamsburg,KY,36.7393,-84.1647
Rainbow Springs,FL,29.094,-82.4408
Ceiba,PR,18.265,-65.6488
Islip Terrace,NY,40.7503,-73.1869
Berkeley,IL,41.8891,-87.9115
Fort Rucker,AL,31.3428,-85.7154
Uhrichsville,OH,40.4005,-81.3515
West Pleasant View,CO,39.732,-105.1785
Sayre,OK,35.2966,-99.6286
Brady,TX,31.1322,-99.37
Nassau Bay,TX,29.5448,-95.0865
Pleasant Run,OH,39.2927,-84.5757
Porter,IN,41.6257,-87.0801
Chadron,NE,42.826,-103.0025
Crystal Lake,FL,28.0371,-81.9064
Avondale,LA,29.9072,-90.1933
Glennville,GA,31.9379,-81.9305
Center,TX,31.793,-94.1795
Eaton Rapids,MI,42.5091,-84.6531
Tucumcari,NM,35.17,-103.7046
Bristol,WI,42.5377,-88.0151
Vancleave,MS,30.5483,-88.6675
Northwood,OH,41.6089,-83.4837
Big Stone Gap,VA,36.8626,-82.7769
Bealeton,VA,38.5822,-77.7781
Veneta,OR,44.0471,-123.3514
River Ridge,FL,28.2669,-82.6257
Comstock Northwest,MI,42.3219,-85.518
Colona,IL,41.4678,-90.3446
Richlands,VA,37.0878,-81.8081
Duquesne,PA,40.3732,-79.8502
Carlyss,LA,30.1761,-93.3704
Hugo,OK,34.0118,-95.5115
Madisonville,TN,35.5232,-84.363
Utica,MI,42.629,-83.0218
Troy Hills,NJ,40.8483,-74.3993
Elmsford,NY,41.0541,-73.8143
Shanor-Northvue,PA,40.9104,-79.9157
Allegan,MI,42.5299,-85.8462
Breckenridge,TX,32.7566,-98.9125
Deale,MD,38.791,-76.5469
Woodside,CA,37.4221,-122.2586
New Martinsville,WV,39.6635,-80.8569
North Oaks,MN,45.1002,-93.0882
Samsula-Spruce Creek,FL,29.0484,-81.0628
Tichigan,WI,42.8087,-88.215
Mayfair,CA,36.7694,-119.7612
Fort Meade,FL,27.7645,-81.8058
Bolivar,TN,35.2645,-89.0118
Windsor Heights,IA,41.6045,-93.7128
Mayville,WI,43.4986,-88.5474
Beach Haven West,NJ,39.6703,-74.2338
Berlin,MD,38.331,-75.2148
Hickory Creek,TX,33.1109,-97.0308
Calistoga,CA,38.5818,-122.5824
Camilla,GA,31.2337,-84.2088
Bangor,PA,40.8678,-75.2085
Smithville,TN,35.9584,-85.8211
Williamston,NC,35.8465,-77.0661
Cherokee,IA,42.7499,-95.5529
Cut Off,LA,29.5164,-90.3291
West Hazleton,PA,40.9701,-76.0142
Lawrenceburg,IN,39.0986,-84.8713
Linton,IN,39.0354,-87.1577
Ledgewood,NJ,40.8769,-74.6724
Waipio Acres,HI,21.4688,-158.0173
Falcon Heights,MN,44.9899,-93.177
Coal City,IL,41.2772,-88.2803
Alexandria,IN,40.263,-85.6737
Manchester,IA,42.4854,-91.4557
Buckhannon,WV,38.9927,-80.2281
Mechanicville,NY,42.9036,-73.6894
Rockmart,GA,34.0103,-85.044
Wildwood,NJ,38.9881,-74.8195
Daytona Beach Shores,FL,29.1696,-80.9796
Kingsford,MI,45.8061,-88.0995
Hampton,MD,39.4237,-76.5685
West Hills,NY,40.8199,-73.4339
Citrus Park,AZ,33.53,-112.4441
Boothwyn,PA,39.8357,-75.4454
Doffing,TX,26.2788,-98.3856
Apple Valley,OH,40.4389,-82.3481
West Ocean City,MD,38.3466,-75.1122
Headland,AL,31.3501,-85.3523
Glenwood,IA,41.0446,-95.7406
Pendleton,IN,40.0066,-85.7711
Social Circle,GA,33.6505,-83.7116
Fussels Corner,FL,28.0574,-81.861
Terryville,CT,41.6784,-73.0064
Pleasant View,TN,36.3893,-87.0455
Frankenmuth,MI,43.3322,-83.7391
Middletown,MD,39.4415,-77.5347
Hazard,KY,37.2584,-83.1977
Monee,IL,41.4181,-87.7502
El Cerro Mission,NM,34.7688,-106.6447
Midfield,AL,33.4553,-86.9224
Saranac Lake,NY,44.3252,-74.1309
Heeia,HI,21.4205,-157.8205
Port Isabel,TX,26.054,-97.2505
Yosemite Lakes,CA,37.1885,-119.7723
Eureka,IL,40.7148,-89.2775
Carle Place,NY,40.7499,-73.6124
Fortville,IN,39.9246,-85.8466
Morris,MN,45.5857,-95.9046
Sergeant Bluff,IA,42.3978,-96.3517
Birdsboro,PA,40.2619,-75.8099
Buellton,CA,34.6152,-120.1943
Bridgeport,PA,40.1042,-75.3437
Giddings,TX,30.1833,-96.9279
Lakeport,CA,39.0392,-122.9218
Ridge Wood Heights,FL,27.2874,-82.5137
Denair,CA,37.5254,-120.7974
Dorneyville,PA,40.5762,-75.5194
Davison,MI,43.0318,-83.5187
West York,PA,39.9534,-76.761
Whispering Pines,NC,35.2537,-79.3754
Connell,WA,46.6622,-118.8405
Ballston Spa,NY,43.0068,-73.8525
Westport,NC,35.5103,-80.9783
Cherokee Village,AR,36.2959,-91.5696
King City,OR,45.4012,-122.8069
Suncook,NH,43.1382,-71.453
Redwood Falls,MN,44.547,-95.1031
Hiram,GA,33.8777,-84.771
Winona Lake,IN,41.2166,-85.8105
Beckett,NJ,39.7559,-75.3569
Helena Valley Northwest,MT,46.7289,-112.0631
Lone Grove,OK,34.1809,-97.2559
Todd Creek,CO,39.9797,-104.8734
Silver Hill,MD,38.8392,-76.9367
Spring House,PA,40.185,-75.2267
Justin,TX,33.0882,-97.3041
Concordia,KS,39.5669,-97.6467
Sheridan,AR,34.2996,-92.4223
Iowa Falls,IA,42.519,-93.2662
Savannah,MO,39.9391,-94.8279
Jackson,CA,38.3485,-120.7728
Clarks Summit,PA,41.4902,-75.7065
Meridian,CO,39.5458,-104.8533
Tallassee,AL,32.5315,-85.8903
Pinckneyville,IL,38.0851,-89.3717
Duryea,PA,41.3533,-75.7757
Lake Wisconsin,WI,43.3739,-89.5858
Terrell Hills,TX,29.4771,-98.4472
Turtle Creek,PA,40.4085,-79.8214
California,PA,40.0692,-79.9152
St. Clairsville,OH,40.0791,-80.8997
Running Springs,CA,34.2104,-117.1147
LaBelle,FL,26.7219,-81.4506
Hoopeston,IL,40.4608,-87.6635
Big Bear Lake,CA,34.2429,-116.8951
Milan,IL,41.4415,-90.5593
Sea Cliff,NY,40.8441,-73.6442
Archer Lodge,NC,35.6907,-78.3749
Falmouth,VA,38.3319,-77.4655
Ayden,NC,35.4693,-77.4167
Louisburg,KS,38.6202,-94.677
Three Points,AZ,32.0596,-111.2866
Cave Creek,AZ,33.8513,-111.9801
Myrtletown,CA,40.7888,-124.1286
Manheim,PA,40.163,-76.3964
Vandergrift,PA,40.5994,-79.5746
Wind Lake,WI,42.8239,-88.1563
Sawmills,NC,35.8165,-81.4781
Kenneth City,FL,27.8156,-82.7162
Wright City,MO,38.8341,-91.0399
Cheraw,SC,34.6956,-79.9084
Lake City,MN,44.4453,-92.2796
Ellisburg,NJ,39.9199,-75.0093
Munroe Falls,OH,41.1386,-81.4344
Hudson,TX,31.3287,-94.8014
Bluefield,VA,37.2351,-81.2751
Odenville,AL,33.6978,-86.4228
Swoyersville,PA,41.2977,-75.8799
Dodgeville,WI,42.966,-90.1297
Lake of the Pines,CA,39.0357,-121.059
Byram,CT,41.0011,-73.6528
Alva,OK,36.7895,-98.6649
Ardsley,NY,41.0134,-73.8394
Las Piedras,PR,18.1787,-65.8711
Ironwood,MI,46.4522,-90.1505
South Barrington,IL,42.0881,-88.158
New Freedom,PA,39.7353,-76.6967
Sunnyside,CA,36.7294,-119.6945
Summerside,OH,39.1187,-84.2861
Breckenridge,CO,39.4995,-106.0432
Grandyle Village,NY,42.9867,-78.9524
Orange,VA,38.2485,-78.1129
Chamberlayne,VA,37.628,-77.4288
Ste. Genevieve,MO,37.9755,-90.0477
Lake San Marcos,CA,33.1197,-117.209
North Westport,MA,41.654,-71.0927
Winter Beach,FL,27.712,-80.4254
Naples Park,FL,26.2633,-81.8094
Pensacola Station,FL,30.3541,-87.305
Chain Lake,WA,47.9028,-121.985
Pleasant Garden,NC,35.9595,-79.76
Princeton,MN,45.5688,-93.5899
Forked River,NJ,39.8257,-74.1819
The Pinehills,MA,41.8946,-70.5966
Shelley,ID,43.3795,-112.1261
Winfield,AL,33.9334,-87.7961
Circle Pines,MN,45.1409,-93.1505
Colville,WA,48.5454,-117.8985
Baxley,GA,31.7641,-82.3509
Argyle,TX,33.1102,-97.1867
Union Grove,WI,42.6864,-88.0496
Ampere North,NJ,40.7758,-74.1918
Lake Wildwood,CA,39.2349,-121.2002
Long View,NC,35.7217,-81.3857
Lares,PR,18.2964,-66.8836
Northwest Harbor,NY,41.0086,-72.2287
Wadesboro,NC,34.9645,-80.0746
Sonora,CA,37.9819,-120.3828
Kingfisher,OK,35.8444,-97.9386
Marksville,LA,31.1246,-92.0652
Bisbee,AZ,31.4126,-109.9178
Saltillo,MS,34.379,-88.6938
Adairsville,GA,34.3709,-84.9212
Brielle,NJ,40.1048,-74.0637
Island Park,NY,40.6051,-73.6553
Becker,MN,45.3824,-93.8772
Creedmoor,NC,36.1224,-78.6757
Oakhurst,CA,37.3475,-119.6202
Mineola,TX,32.6462,-95.4774
Robbins,IL,41.6431,-87.7081
Gilmer,TX,32.7318,-94.9461
Edgewater,CO,39.7508,-105.0627
Kanab,UT,37.0262,-112.5219
Theodore,AL,30.5408,-88.1885
Springville,AL,33.7643,-86.4742
Hamilton,MT,46.2527,-114.1598
Vinton,IA,42.1631,-92.026
Willits,CA,39.4047,-123.3494
West Sayville,NY,40.7295,-73.1051
Skyline View,PA,40.3376,-76.7256
Franklin,NJ,41.1101,-74.5886
Gibraltar,MI,42.096,-83.2029
Massac,KY,37.0335,-88.6858
Kenmar,PA,41.2547,-76.955
Sparks,TX,31.6727,-106.2399
Batesburg-Leesville,SC,33.9126,-81.5313
Lindstrom,MN,45.387,-92.8477
Omak,WA,48.4229,-119.5159
Port Allen,LA,30.4456,-91.2098
Medical Lake,WA,47.5712,-117.6893
Rocky Mount,VA,37.0045,-79.8854
Herculaneum,MO,38.2579,-90.3948
Rio Communities,NM,34.6459,-106.7164
Granite Falls,NC,35.797,-81.4237
Barling,AR,35.3284,-94.2791
Nashville,GA,31.2048,-83.2478
Progreso,TX,26.0962,-97.9566
Edwardsville,PA,41.2613,-75.9071
Demarest,NJ,40.955,-73.9568
Sparta,TN,35.9347,-85.4726
Elko New Market,MN,44.5665,-93.338
Shenandoah,IA,40.7582,-95.372
Winchester,IN,40.1719,-84.9764
Tara Hills,CA,37.9939,-122.3188
Royersford,PA,40.1862,-75.5382
Wauchula,FL,27.5469,-81.8102
Valparaiso,FL,30.4926,-86.5079
Aberdeen,MS,33.8287,-88.5539
Luverne,MN,43.6531,-96.2148
Wrightwood,CA,34.3495,-117.63
South Sarasota,FL,27.2857,-82.5332
North Manchester,IN,41.0044,-85.7751
Minot AFB,ND,48.4209,-101.3381
Fellsmere,FL,27.7241,-80.5974
Hillandale,MD,39.0249,-76.9737
Sulphur,OK,34.4979,-96.9898
University,MS,34.3655,-89.5379
Harlan,IA,41.6495,-95.3268
Twin Lakes,CA,36.9646,-121.9896
Goshen,CA,36.3493,-119.4206
Golden Triangle,NJ,39.9288,-75.0398
Westmont,PA,40.3194,-78.9525
Daleville,AL,31.2915,-85.7117
Farmers Loop,AK,64.9061,-147.6957
Flemington,NJ,40.5087,-74.8599
Reidland,KY,37.0085,-88.5261
Hinton,OK,35.4895,-98.3575
Wahoo,NE,41.2166,-96.6172
Chula Vista,TX,28.6573,-100.422
Harrington Park,NJ,40.9899,-73.9804
Kimberly,ID,42.5342,-114.3699
Needles,CA,34.8164,-114.6189
Hawthorne,NY,41.1035,-73.7968
Baldwin City,KS,38.7782,-95.188
Eagleville,PA,40.1599,-75.4089
Denton,MD,38.877,-75.8264
Carmi,IL,38.0861,-88.1722
Zapata,TX,26.9026,-99.2612
Estacada,OR,45.2986,-122.3337
New Castle,CO,39.5776,-107.5267
Paulden,AZ,34.8897,-112.4937
East Merrimack,NH,42.8692,-71.4819
Raynham Center,MA,41.9327,-71.0431
Lawnton,PA,40.2653,-76.7984
Keyser,WV,39.4394,-78.9821
Desloge,MO,37.8751,-90.5191
Dellwood,MO,38.7564,-90.2766
Spring Lake Heights,NJ,40.1521,-74.043
Lexington,OH,40.68,-82.5793
St. Augustine South,FL,29.8449,-81.3156
Abbeville,SC,34.1787,-82.3774
Penns Grove,NJ,39.7275,-75.4691
Flora,IL,38.6688,-88.4758
Albertson,NY,40.7715,-73.6482
Carthage,MS,32.7431,-89.5337
James City,NC,35.0592,-77.02
Silverton,OH,39.1884,-84.401
Chatsworth,GA,34.7808,-84.7835
Spry,PA,39.9125,-76.6864
Green Tree,PA,40.417,-80.0544
Chittenango,NY,43.0462,-75.8748
Pupukea,HI,21.6511,-158.0437
June Park,FL,28.072,-80.6876
Utqiagvik,AK,71.2727,-156.7575
Santa Isabel,PR,17.9691,-66.4051
Pearl Beach,MI,42.6295,-82.5834
North Alamo,TX,26.216,-98.1264
Carolina Shores,NC,33.9077,-78.574
Columbia,KY,37.1036,-85.3073
Coopersville,MI,43.0658,-85.9341
Hendron,KY,37.035,-88.6427
Beecher,IL,41.35,-87.6172
Luray,VA,38.665,-78.4546
South Brooksville,FL,28.5243,-82.4159
Holbrook,AZ,34.9044,-110.1672
South Bound Brook,NJ,40.5535,-74.5277
King George,VA,38.2807,-77.1896
Palos Park,IL,41.6679,-87.8891
Glendive,MT,47.1101,-104.707
Wauna,WA,47.386,-122.6695
Indian Wells,CA,33.7036,-116.3396
Pilot Point,TX,33.3949,-96.9497
South Bay,FL,26.677,-80.7265
Venersborg,WA,45.786,-122.4721
Okauchee Lake,WI,43.1256,-88.4385
Point Pleasant Beach,NJ,40.0928,-74.0459
Midway,NC,35.9751,-80.2204
Seven Lakes,NC,35.2647,-79.5865
Prairie Heights,WA,47.1529,-122.1048
Cochran,GA,32.3875,-83.3523
Telford,PA,40.3259,-75.3274
Clinton,IN,39.6608,-87.4045
Cornelia,GA,34.517,-83.5311
Ashland,MO,38.7927,-92.2479
Fountain Hill,PA,40.6029,-75.3961
Littlestown,PA,39.7452,-77.0892
Flourtown,PA,40.1039,-75.2069
Reedurban,OH,40.7979,-81.4358
Bret Harte,CA,37.6021,-121.0045
Mount Pleasant,TN,35.5483,-87.1872
Forest Hills,TN,36.0652,-86.8403
Wolf Lake,MI,43.2451,-86.1074
Cheboygan,MI,45.641,-84.4687
Stafford Springs,CT,41.9595,-72.3105
Penn Yan,NY,42.6609,-77.0535
Carrizo Springs,TX,28.5267,-99.8589
Ogallala,NE,41.1292,-101.7211
Ahoskie,NC,36.2842,-76.9902
Riva,MD,38.9448,-76.5876
Manitou Springs,CO,38.8575,-104.9127
Ottawa Hills,OH,41.6682,-83.6433
Westlake,LA,30.2606,-93.2638
Platte City,MO,39.3574,-94.7651
Flower Hill,NY,40.8075,-73.6755
Kingsville,MD,39.4496,-76.4205
Timber Pines,FL,28.469,-82.5999
Lonsdale,MN,44.4778,-93.4225
Worland,WY,44.0025,-107.9544
Brookridge,FL,28.5483,-82.4897
Windom,MN,43.8736,-95.1201
Searingtown,NY,40.7705,-73.6603
Elk Ridge,UT,40.0099,-111.6775
Northvale,NJ,41.0101,-73.9505
Oak Park Heights,MN,45.0324,-92.8098
Winnsboro,LA,32.165,-91.721
Higginsville,MO,39.0652,-93.727
Benton,KY,36.8479,-88.3602
DeWitt,MI,42.8364,-84.575
Calcutta,OH,40.684,-80.5621
San Carlos,AZ,33.35,-110.4654
St. Clair,MO,38.348,-90.9933
Crystal Springs,MS,31.9903,-90.354
Richwood,TX,29.0723,-95.4046
Mount Orab,OH,39.0293,-83.9267
Grantley,PA,39.9386,-76.7297
Humboldt,IA,42.7229,-94.2241
Lakeview,GA,34.9777,-85.2539
North Kansas City,MO,39.1396,-94.5641
Midland,NC,35.245,-80.5212
Whitehouse,OH,41.5215,-83.7958
Combee Settlement,FL,28.0597,-81.9051
Warm Mineral Springs,FL,27.0472,-82.2702
Nellis AFB,NV,36.2466,-115.0571
Cedar Knolls,NJ,40.8199,-74.4551
Christiana,TN,35.7193,-86.4129
Piedmont,AL,33.9269,-85.6149
Nassau Village-Ratliff,FL,30.5108,-81.8089
Watertown,MN,44.9604,-93.8431
Sugarcreek,PA,41.438,-79.8183
Whitfield,FL,27.4116,-82.5659
West Milton,OH,39.9585,-84.3261
St. James,MN,43.9833,-94.6249
Arnold,PA,40.5788,-79.7655
South Hill,VA,36.7254,-78.1287
Bridgeville,PA,40.3578,-80.1061
Sawgrass,FL,30.19,-81.3704
Jeanerette,LA,29.9157,-91.6758
Chisholm,MN,47.4877,-92.8786
Dansville,NY,42.5625,-77.6968
Vail,CO,39.6385,-106.3613
Mather,CA,38.5488,-121.2831
Centreville,MD,39.042,-76.063
Santa Ynez,CA,34.6168,-120.0948
Stock Island,FL,24.5658,-81.7351
Butler Beach,FL,29.798,-81.2653
Edwardsville,KS,39.0765,-94.8166
Whiteville,NC,34.3306,-78.7014
Crystal City,MO,38.2227,-90.3813
Crossett,AR,33.128,-91.9631
Le Claire,IA,41.5963,-90.3686
Brisbane,CA,37.6902,-122.4021
Miami Heights,OH,39.1676,-84.7152
Lake Pocotopaug,CT,41.596,-72.51
Osage Beach,MO,38.1353,-92.6478
Longbranch,WA,47.2257,-122.7739
Madison,GA,33.5793,-83.4758
Leonardtown,MD,38.3039,-76.6395
Montoursville,PA,41.2472,-76.9184
Woodmore,MD,38.9222,-76.781
Morgan's Point Resort,TX,31.1519,-97.4587
Jenkintown,PA,40.0962,-75.1296
Rock Hill,MO,38.6091,-90.3673
Fabens,TX,31.5136,-106.1521
Montgomery,GA,31.9438,-81.1081
Naguabo,PR,18.2117,-65.737
Country Lake Estates,NJ,39.9486,-74.5409
East Palestine,OH,40.8392,-80.5467
Lakewood,IL,42.2279,-88.3931
Grayson,GA,33.8904,-83.9576
Lemoyne,PA,40.2442,-76.8991
Ocean Bluff-Brant Rock,MA,42.1006,-70.6626
Childersburg,AL,33.2962,-86.3456
Moses Lake North,WA,47.1949,-119.3178
Elberton,GA,34.1063,-82.8705
West Elmira,NY,42.0879,-76.8472
Swartz,LA,32.5809,-91.9869
Oak Hill,TN,36.0735,-86.7856
Whiteville,TN,35.318,-89.1498
Valdese,NC,35.7566,-81.5634
East Troy,WI,42.7846,-88.3973
Avalon,PA,40.5011,-80.068
Meadows Place,TX,29.6513,-95.5874
Mount Plymouth,FL,28.8024,-81.5351
Garwood,NJ,40.6513,-74.3231
Fort Pierce South,FL,27.4098,-80.3539
Lillington,NC,35.4001,-78.8138
Palmetto,GA,33.531,-84.6678
Blanchester,OH,39.2934,-83.9795
Crooked River Ranch,OR,44.4242,-121.2757
Berwick,LA,29.7013,-91.2377
Monticello,LA,30.4881,-91.0448
Tuscola,IL,39.7968,-88.2749
Salem,MO,37.6399,-91.5345
Grafton,WV,39.3409,-80.0162
Haleiwa,HI,21.5965,-158.1003
Hurstbourne,KY,38.2379,-85.5891
Berryville,VA,39.1504,-77.9825
Lake Worth,TX,32.813,-97.4306
Aurora,NE,40.8645,-98.0078
Dilworth,MN,46.8795,-96.6985
Paradise Hills,NM,35.1981,-106.7023
Bremen,IN,41.4484,-86.1505
Anasco,PR,18.2861,-67.1409
Adjuntas,PR,18.1638,-66.7235
Springhill,LA,33.0019,-93.4613
Granite Falls,WA,48.0874,-121.9706
Fairfield,IL,38.3798,-88.3723
Gifford,FL,27.6756,-80.4252
Silverthorne,CO,39.6562,-106.0869
Pacheco,CA,37.9878,-122.07
Nikiski,AK,60.7152,-151.2317
Grant-Valkaria,FL,27.9322,-80.5655
Jackson,AL,31.5318,-87.8915
Mansfield,LA,32.0355,-93.7004
Boalsburg,PA,40.7783,-77.7734
Montebello,NY,41.1317,-74.1135
Mount Ephraim,NJ,39.8805,-75.0918
Florence,MS,32.1557,-90.1225
West Pittston,PA,41.3296,-75.8
Copperopolis,CA,37.9488,-120.6352
Clarkdale,AZ,34.7501,-112.0555
Negaunee,MI,46.497,-87.5968
Forsyth,GA,33.0352,-83.939
Los Chaves,NM,34.7334,-106.7611
Columbiana,AL,33.193,-86.6114
Pittsboro,NC,35.7255,-79.1713
Buckhead,GA,31.8613,-81.2623
Rogersville,TN,36.4081,-83.0043
Buckingham,FL,26.6613,-81.7402
American Falls,ID,42.7828,-112.8541
Clarcona,FL,28.6268,-81.4979
Olympia Fields,IL,41.517,-87.6924
Lorane,PA,40.2921,-75.8486
Watseka,IL,40.7752,-87.7304
Ashville,OH,39.7238,-82.9575
Boiling Springs,NC,35.2522,-81.6636
Buhl,ID,42.5984,-114.7596
Oconto,WI,44.8923,-87.8715
Michigan Center,MI,42.2268,-84.323
Blue Point,NY,40.7519,-73.0353
Panther Valley,NJ,40.9078,-74.8412
Weaverville,NC,35.6963,-82.5585
Erwin,NC,35.3226,-78.6733
Barnwell,SC,33.2419,-81.3659
Centralia,MO,39.2105,-92.1342
Lake Montezuma,AZ,34.6414,-111.796
Blackwood,NJ,39.7982,-75.0629
La Joya,TX,26.2518,-98.4699
Beaufort,NC,34.73,-76.6493
Kalaheo,HI,21.9159,-159.5236
Wood Village,OR,45.5358,-122.4205
Lindale,GA,34.1884,-85.1808
Mount Carmel,OH,39.0978,-84.2995
Randleman,NC,35.8165,-79.8066
Folkston,GA,30.8392,-82.0073
Hollister,MO,36.6057,-93.2339
Neptune City,NJ,40.2005,-74.0333
Deer Park,WA,47.9642,-117.4398
Cornwall,PA,40.2659,-76.4077
Lexington,MO,39.1798,-93.8694
Belfair,WA,47.4495,-122.8487
Noyack,NY,40.9826,-72.335
South Tucson,AZ,32.1955,-110.9692
South Greeley,WY,41.0929,-104.8066
Butler,MO,38.2598,-94.3394
Ellisville,MS,31.5969,-89.2091
New Boston,TX,33.4612,-94.4183
Sauk Centre,MN,45.736,-94.9523
Waimanalo Beach,HI,21.3288,-157.6974
Pinardville,NH,43.001,-71.5171
Big Pine Key,FL,24.6893,-81.3676
St. James,MD,39.5738,-77.7482
Beavercreek,OR,45.2756,-122.5136
Wapato,WA,46.4437,-120.4215
Coopertown,TN,36.4142,-86.9658
Highlands,NJ,40.4036,-73.9898
East Petersburg,PA,40.1006,-76.3511
Glen Head,NY,40.8449,-73.618
Holts Summit,MO,38.6472,-92.1142
Moon Lake,FL,28.2993,-82.605
Creve Coeur,IL,40.6426,-89.5981
Little Falls,NY,43.0452,-74.8566
East Porterville,CA,36.0581,-118.9749
Greenacres,CA,35.3831,-119.1184
Charleston,MO,36.9179,-89.3343
Camanche,IA,41.7923,-90.277
Lake Tansi,TN,35.8701,-85.0614
Mullica Hill,NJ,39.727,-75.2194
Heron Bay,GA,33.3393,-84.1922
Floyds Knobs,IN,38.3245,-85.8736
Shannon Hills,AR,34.6157,-92.4217
Cortland,IL,41.9255,-88.6794
Ranlo,NC,35.2889,-81.1294
Whiting,IN,41.6731,-87.4842
Newton Falls,OH,41.1889,-80.9711
Clintonville,WI,44.6222,-88.7513
Ada,OH,40.7681,-83.8251
Post,TX,33.191,-101.3814
Waynesboro,MS,31.6774,-88.6353
Mount Vernon,IA,41.9232,-91.4243
Glendale,CO,39.7036,-104.9352
Sellersville,PA,40.36,-75.3083
Moxee,WA,46.564,-120.3966
Raeford,NC,34.9809,-79.2291
Nowthen,MN,45.3421,-93.4495
Chester,MD,38.9677,-76.2824
Thiells,NY,41.2068,-74.0121
West Reading,PA,40.3337,-75.947
Donora,PA,40.1789,-79.8625
Mountain Lakes,NJ,40.8907,-74.4406
Jim Thorpe,PA,40.8712,-75.7433
Horseshoe Bay,TX,30.5403,-98.3804
Maeser,UT,40.4718,-109.5786
Fremont,MI,43.4633,-85.9537
Mount Vernon,MO,37.105,-93.819
Holly Ridge,NC,34.4953,-77.527
Diboll,TX,31.1873,-94.7833
Evansdale,IA,42.4635,-92.2766
Paxtonia,PA,40.3166,-76.7884
Hearne,TX,30.877,-96.5956
Royal Pines,NC,35.4783,-82.5038
Canastota,NY,43.0836,-75.7559
Hummelstown,PA,40.2657,-76.7126
Lake Panasoffkee,FL,28.785,-82.1258
Potosi,TX,32.3404,-99.6789
Hartwell,GA,34.3496,-82.9289
California,MO,38.6303,-92.567
Guerneville,CA,38.5137,-122.9894
Rockford,MN,45.092,-93.7453
Prospect,KY,38.3471,-85.6103
Heritage Village,CT,41.4855,-73.2349
Dardanelle,AR,35.2263,-93.1649
Buffalo,WY,44.3427,-106.7139
Seat Pleasant,MD,38.8952,-76.9016
Suquamish,WA,47.7238,-122.583
Wellington,OH,41.1613,-82.2255
Bethel Manor,VA,37.0972,-76.4243
Fulton,MS,34.2616,-88.4021
Madisonville,TX,30.9538,-95.9091
Hancock,MI,47.1367,-88.5979
Cross Mountain,TX,29.6559,-98.658
West Wendover,NV,40.7407,-114.0783
Jessup,PA,41.4622,-75.5478
Phoenix Lake,CA,38.0076,-120.309
Stone Park,IL,41.9033,-87.8805
Menands,NY,42.691,-73.7271
Hawaiian Beaches,HI,19.5447,-154.9288
Rio Bravo,TX,27.3648,-99.482
Fox River Grove,IL,42.1955,-88.2147
Buena,NJ,39.5282,-74.9448
Landing,NJ,40.9078,-74.6593
Josephine,TX,33.0617,-96.3187
Rogersville,MO,37.1148,-93.0742
Hallsville,TX,32.5021,-94.57
Dexter,MI,42.3319,-83.8803
Lexington,WA,46.1899,-122.9125
Mountain Grove,MO,37.1341,-92.266
Taylor Creek,FL,27.2173,-80.7925
Hokes Bluff,AL,33.9902,-85.8639
Farmville,NC,35.5951,-77.5907
Mosinee,WI,44.7874,-89.6839
McGuire AFB,NJ,40.0285,-74.5883
China Grove,NC,35.572,-80.5791
Eldon,MO,38.3511,-92.5766
Jasper,FL,30.5061,-82.954
Piney,AR,34.5024,-93.142
Oak Grove,TN,36.4222,-82.4293
Narberth,PA,40.0077,-75.2634
Mabank,TX,32.3685,-96.1138
Westwood,KY,38.4806,-82.6798
Edenton,NC,36.0579,-76.6008
Beattystown,NJ,40.8222,-74.8502
New Lexington,OH,39.716,-82.208
Millis-Clicquot,MA,42.1648,-71.3544
Ridge Manor,FL,28.4988,-82.1832
Wolverine Lake,MI,42.555,-83.4883
Springdale,MD,38.9363,-76.8442
Haughton,LA,32.5277,-93.5041
Perry,OK,36.2837,-97.3094
Viroqua,WI,43.5603,-90.8858
Smith Mills,MA,41.6432,-70.9922
Broadmoor,CA,37.6916,-122.4814
Crestline,OH,40.7836,-82.7458
Brewerton,NY,43.2345,-76.141
Imbery,PR,18.4371,-66.5566
Honesdale,PA,41.5774,-75.2524
Shallotte,NC,33.9768,-78.3803
Fredericktown,MO,37.5644,-90.2988
Wahneta,FL,27.9574,-81.7287
Lee Acres,NM,36.7031,-108.0648
Peotone,IL,41.3308,-87.7956
Shady Side,MD,38.8285,-76.5207
Newport,MN,44.8743,-92.9975
Loch Lomond,VA,38.7812,-77.4817
North Plymouth,MA,41.9727,-70.6889
New Roads,LA,30.6959,-91.4537
Charlotte Harbor,FL,26.9629,-82.0571
Selmer,TN,35.1708,-88.5955
Argo,AL,33.6963,-86.5063
Barclay,NJ,39.9013,-75.0009
Oasis,CA,33.5275,-116.1261
Violet,LA,29.8962,-89.892
Tulia,TX,34.5374,-101.7741
Level Green,PA,40.3902,-79.7215
La Grange,TX,29.9129,-96.8768
Soldotna,AK,60.4862,-151.0672
Salinas,PR,17.9778,-66.2962
Falfurrias,TX,27.2243,-98.1452
Mojave,CA,35.0139,-118.1896
Mystic,CT,41.3562,-71.9546
Castle Pines Village,CO,39.4418,-104.897
Huxley,IA,41.8965,-93.592
Ottawa,OH,41.0202,-84.0354
Arabi,LA,29.9562,-89.9986
Carmel Valley Village,CA,36.4824,-121.7198
Greenville,KY,37.2121,-87.178
Vandercook Lake,MI,42.1917,-84.3855
Samoset,FL,27.4764,-82.543
Lebanon,IL,38.6005,-89.8114
Wayland,MI,42.6725,-85.6408
Devine,TX,29.1456,-98.9049
Unalaska,AK,53.8984,-166.568
La Verkin,UT,37.2309,-113.2523
Newport,NC,34.772,-76.8772
Lafayette,OR,45.2463,-123.1115
Dewey-Humboldt,AZ,34.5174,-112.2496
Perryville,MD,39.5737,-76.0668
McLoud,OK,35.4081,-97.099
Marlow,OK,34.6296,-97.9578
Pittsfield,IL,39.6201,-90.7936
Crouch Mesa,NM,36.748,-108.0853
Tazewell,VA,37.1268,-81.5134
National Harbor,MD,38.7876,-77.0113
Canton,NC,35.5516,-82.8407
Florida Gulf Coast University,FL,26.4613,-81.7686
Huntingdon,TN,36.0052,-88.4181
Breckenridge Hills,MO,38.7158,-90.3684
Newport,VT,44.9372,-72.209
Bloomfield Hills,MI,42.578,-83.2456
Canton,TX,32.5546,-95.8641
Eagar,AZ,34.1056,-109.2961
Summit,AZ,32.0617,-110.9485
Atlantic Highlands,NJ,40.4112,-74.0295
Summerville,GA,34.4788,-85.3491
Vilonia,AR,35.0807,-92.2088
Belton,SC,34.5237,-82.4938
Thornwood,NY,41.1184,-73.7795
Longview Heights,WA,46.1794,-122.9568
Pearl River,MS,32.7889,-89.2384
Beaver,PA,40.6936,-80.3074
Farley,KY,37.0405,-88.5734
Crescent Springs,KY,39.0553,-84.5787
Pittsburg,TX,32.9996,-94.9668
Glassport,PA,40.3261,-79.8861
Roseburg North,OR,43.2662,-123.3477
Indian Mountain Lake,PA,41.0003,-75.5058
Helena Valley Northeast,MT,46.6974,-111.9428
Bayside,WI,43.1827,-87.9017
Apison,TN,35.0104,-85.0142
Ivanhoe,CA,36.3834,-119.22
Emerald Lake Hills,CA,37.4662,-122.2674
North Terre Haute,IN,39.537,-87.3653
Chinle,AZ,36.1505,-109.5794
Brooktrails,CA,39.4429,-123.3963
Palacios,TX,28.7171,-96.2334
Barboursville,WV,38.4067,-82.2964
Scottdale,PA,40.1034,-79.5898
Minersville,PA,40.6908,-76.2594
Scottsville,KY,36.7544,-86.2053
Pleasant Run Farm,OH,39.3016,-84.5493
La Vale,MD,39.6625,-78.8229
Denver City,TX,32.968,-102.8318
Coldwater,OH,40.4828,-84.6321
Lemmon Valley,NV,39.6879,-119.8364
Prairie du Sac,WI,43.292,-89.7353
Phoenix,OR,42.2749,-122.8154
Armonk,NY,41.1319,-73.7138
Puhi,HI,21.9622,-159.3917
Ludlow,KY,39.0904,-84.5498
Lolo,MT,46.7756,-114.1018
Hamburg,PA,40.5561,-75.9825
Prescott,WI,44.7523,-92.7882
Placitas,NM,35.3226,-106.4437
Oak Valley,NJ,39.8055,-75.1589
Jasper,GA,34.471,-84.4497
Breese,IL,38.6138,-89.523
Whiteland,IN,39.5505,-86.0739
Louisville,TN,35.8247,-84.0552
Archbold,OH,41.5166,-84.3039
Gang Mills,NY,42.1534,-77.123
Laguna Beach,FL,30.2549,-85.9512
Kewaskum,WI,43.5177,-88.2306
Mississippi State,MS,33.4516,-88.7912
Waverly,NE,40.9111,-96.5341
Wayzata,MN,44.967,-93.516
Tri-City,OR,42.9894,-123.2999
Wadena,MN,46.445,-95.1285
Pocomoke City,MD,38.0635,-75.5553
Hanamaulu,HI,21.9953,-159.3494
Magnolia,NJ,39.8562,-75.0365
Pocola,OK,35.2455,-94.4775
Parker,FL,30.1289,-85.6008
Hunters Creek Village,TX,29.7715,-95.4987
Dyersville,IA,42.4818,-91.1178
Auburn,IL,39.5763,-89.744
Harrogate,TN,36.5752,-83.6462
Baxter Village,SC,35.028,-80.9792
Scott City,MO,37.2243,-89.536
Rose Hill,KS,37.5702,-97.1361
Union Mill,VA,38.7978,-77.3815
Belleair,FL,27.9365,-82.8114
Hutchinson Island South,FL,27.3243,-80.2425
Isle of Palms,SC,32.8043,-79.7552
North Wilkesboro,NC,36.1728,-81.139
McMurray,PA,40.2815,-80.0874
Sykesville,MD,39.3716,-76.9716
Wanamassa,NJ,40.2366,-74.0294
Woodruff,SC,34.7421,-82.0371
Waverly,NY,42.0119,-76.5406
Freeburg,IL,38.4397,-89.9169
Boulevard Park,WA,47.5137,-122.316
Medford,WI,45.1365,-90.3436
Portola Valley,CA,37.3711,-122.2202
Pantops,VA,38.0316,-78.4437
Kimberly,AL,33.7758,-86.7964
Middleville,MI,42.7138,-85.4693
Sunset Beach,NC,33.892,-78.5107
Mount Hermon,VA,36.6716,-79.4202
Indian River Shores,FL,27.7084,-80.3851
Hebbronville,TX,27.3251,-98.6857
Lake Darby,OH,39.9604,-83.2242
Mathis,TX,28.0909,-97.817
Maytown,PA,40.0791,-76.5791
Old Westbury,NY,40.7866,-73.5975
Winona,MS,33.4899,-89.728
Reedsport,OR,43.6983,-124.1121
Mills,WY,42.8473,-106.383
Lincoln Park,CO,38.4255,-105.2132
Chelan,WA,47.8415,-120.0262
Baldwin,WI,44.954,-92.3709
Hampton,IA,42.742,-93.205
Huber Ridge,OH,40.0909,-82.9174
Ford City,CA,35.1647,-119.4584
Lincoln,ND,46.7688,-100.6978
Leisure Village East,NJ,40.0384,-74.1678
Whiteriver,AZ,33.8358,-109.9616
Bonsall,CA,33.2764,-117.1941
Gaylord,MI,45.0208,-84.6809
Crandall,TX,32.6233,-96.4525
Staunton,IL,39.0116,-89.791
Lower Grand Lagoon,FL,30.1444,-85.7526
Coarsegold,CA,37.2401,-119.7021
Chalfont,PA,40.2893,-75.2095
Lajas,PR,18.0431,-67.0574
Chattanooga Valley,GA,34.9241,-85.3431
Holiday City South,NJ,39.9533,-74.2367
Long Hill,CT,41.3536,-72.0517
Dawson,GA,31.7721,-84.4437
Adamsville,AL,33.6073,-86.974
Lamar,MO,37.4945,-94.2791
McGovern,PA,40.2362,-80.2268
Sinking Spring,PA,40.3242,-76.0235
Clearlake Riviera,CA,38.9513,-122.7208
Sheffield,OH,41.4559,-82.0912
Tarentum,PA,40.6043,-79.7602
Westville,NJ,39.8704,-75.1302
Bagdad,FL,30.5824,-87.0447
Caro,MI,43.4891,-83.4025
Haleyville,AL,34.2331,-87.6175
Mauston,WI,43.7995,-90.0775
Forest City,IA,43.257,-93.6366
Orangeburg,NY,41.0488,-73.9408
Waverly,TN,36.0939,-87.7847
Slatington,PA,40.7543,-75.6114
Bethel,WA,47.4874,-122.6175
Verona,VA,38.1937,-79.0082
Kaplan,LA,30.006,-92.284
Wiggins,MS,30.8557,-89.1386
Saukville,WI,43.3847,-87.9439
Morgan,UT,41.0414,-111.6802
Medford Lakes,NJ,39.8581,-74.8053
Rosedale,WA,47.3452,-122.6369
Edgewood,OH,41.8783,-80.7461
Boyertown,PA,40.3322,-75.6375
Bradley Beach,NJ,40.2018,-74.0128
Highland Beach,FL,26.4087,-80.0661
Ligonier,IN,41.4625,-85.5948
Normandy,MO,38.7071,-90.3009
Bristow,OK,35.8336,-96.3944
Sparta,MI,43.1571,-85.7106
Lonoke,AR,34.7906,-91.9072
Laureldale,PA,40.3897,-75.9134
Buchanan,MI,41.8283,-86.3656
Russell,KS,38.8874,-98.8514
Paintsville,KY,37.8163,-82.8089
Shenandoah,PA,40.8167,-76.2003
North Braddock,PA,40.4023,-79.8533
Suncoast Estates,FL,26.7123,-81.8684
Southside,AR,35.7149,-91.6328
Elmira Heights,NY,42.1267,-76.8254
Sullivan,IL,39.5951,-88.6084
Hayfield,VA,38.7536,-77.1321
Elverta,CA,38.7185,-121.4455
Euharlee,GA,34.1441,-84.9327
Sullivan,IN,39.0973,-87.4074
West Jefferson,OH,39.9475,-83.3076
Shelbyville,IL,39.4097,-88.8005
Larksville,PA,41.2639,-75.9327
Hatillo,PR,18.4811,-66.8221
West Peoria,IL,40.697,-89.6399
Harbison Canyon,CA,32.8273,-116.8381
Osawatomie,KS,38.5063,-94.9486
Hometown,IL,41.7312,-87.7311
Spackenkill,NY,41.6547,-73.91
Spindale,NC,35.3597,-81.9232
Garden Ridge,TX,29.6379,-98.2927
Lawrenceville,IL,38.7264,-87.6873
Farrell,PA,41.2112,-80.4971
Ovilla,TX,32.5352,-96.8895
Caldwell,TX,30.5307,-96.7007
Lake View,AL,33.2802,-87.1259
Greencastle,PA,39.7907,-77.7267
Chariton,IA,41.0175,-93.3097
Forty Fort,PA,41.2846,-75.869
French Island,WI,43.8593,-91.2614
County Center,VA,38.6917,-77.3507
West Laurel,MD,39.1134,-76.8924
Santa Barbara,PR,18.3954,-65.9172
Brookland,AR,35.8991,-90.5767
Ho-Ho-Kus,NJ,41.0001,-74.0972
Pine Level,AL,32.5785,-86.4523
Geneva,AL,31.0437,-85.8763
Comanche,TX,31.9005,-98.6043
Park Rapids,MN,46.9169,-95.0576
Spring Valley Village,TX,29.7898,-95.5041
Ashburn,GA,31.7096,-83.6528
Danville,PA,40.9615,-76.6121
Ashdown,AR,33.6746,-94.1265
Kutztown University,PA,40.5103,-75.7851
Fox Farm-College,WY,41.1105,-104.7871
Anna,IL,37.4612,-89.2388
Fayette,AL,33.6943,-87.8307
Broadway,VA,38.6083,-78.8016
Franklin,NC,35.1798,-83.3809
Fayetteville,NY,43.0308,-75.9984
Aumsville,OR,44.8462,-122.87
Aldan,PA,39.9224,-75.2881
Sharpsville,PA,41.2595,-80.4813
Lyons,GA,32.2062,-82.3215
Surfside Beach,SC,33.6093,-78.9772
Mirrormont,WA,47.4616,-121.9937
Cannon Falls,MN,44.5122,-92.9034
Broken Bow,OK,34.0292,-94.7426
Mount Pleasant,PA,40.1509,-79.5434
Slaughterville,OK,35.091,-97.2881
Bay Hill,FL,28.4559,-81.5122
Grape Creek,TX,31.5817,-100.5474
Sherman,IL,39.8876,-89.6066
Columbus,MN,45.2685,-93.0809
Ellenville,NY,41.7009,-74.3609
East Camden,SC,34.2687,-80.5681
High Ridge,MO,38.4608,-90.5338
Chagrin Falls,OH,41.4319,-81.3887
San Carlos,TX,26.2957,-98.0631
Kings Park,VA,38.8026,-77.2396
Wamego,KS,39.2054,-96.3099
Northwest Harwich,MA,41.6917,-70.1026
Mattituck,NY,41.0012,-72.5419
Kelseyville,CA,38.9704,-122.8328
Mount Olive,NC,35.1997,-78.0662
Le Sueur,MN,44.4702,-93.9026
Charleroi,PA,40.1384,-79.9002
Poplar Grove,IL,42.3517,-88.8353
Clarion,PA,41.2106,-79.3803
Paxton,IL,40.4563,-88.102
Jacksonwald,PA,40.3279,-75.8414
Cold Spring,MN,45.457,-94.4297
Galeville,NY,43.0868,-76.1871
West Bay Shore,NY,40.6948,-73.2618
Bellville,TX,29.9472,-96.2598
Springville,NY,42.5084,-78.6696
Rising Sun-Lebanon,DE,39.1,-75.5047
Scott AFB,IL,38.5412,-89.853
Park Layne,OH,39.8881,-84.0394
Edinburgh,IN,39.3509,-85.9625
Malmstrom AFB,MT,47.5059,-111.1825
Kildeer,IL,42.183,-88.0488
Kutztown,PA,40.5212,-75.7772
Carlisle,IA,41.5118,-93.495
Danielson,CT,41.8086,-71.8854
Lisbon Falls,ME,44.0086,-70.0571
Harbour Heights,FL,26.9928,-82.0072
Madera Ranchos,CA,36.9279,-119.8773
Monte Vista,CO,37.5789,-106.1499
Fairway,KS,39.0245,-94.6287
Greendale,IN,39.1316,-84.851
Duncan,SC,34.9342,-82.1443
Trenton,TN,35.9689,-88.945
Swanton,OH,41.5839,-83.888
Dallastown,PA,39.8996,-76.641
Caseyville,IL,38.6302,-90.0339
Wingate,NC,34.9859,-80.448
Jourdanton,TX,28.9141,-98.5409
Pipestone,MN,43.9958,-96.3117
Shackle Island,TN,36.3775,-86.6168
Jefferson,IA,42.0173,-94.3799
Shrewsbury,NJ,40.3249,-74.06
Capitol View,SC,33.965,-80.9223
Sebring,OH,40.9207,-81.0231
Surf City,NC,34.4346,-77.5644
Amity Gardens,PA,40.2718,-75.7321
Montesano,WA,47.0102,-123.5857
Whitesboro,TX,33.6612,-96.9022
Gardnertown,NY,41.5328,-74.0595
Riverside,MO,39.1703,-94.6306
Waverly,OH,39.1256,-82.9836
Algonac,MI,42.6207,-82.5339
Jacksboro,TX,33.2256,-98.1594
Linden,MI,42.8194,-83.7811
Clay Center,KS,39.3812,-97.1276
Roosevelt Park,MI,43.1982,-86.2733
Georgetown,OH,38.8684,-83.8992
Dawsonville,GA,34.4362,-84.125
Rosemont,IL,41.989,-87.8718
Benson,NC,35.386,-78.5437
Lansford,PA,40.8331,-75.8848
Dimmitt,TX,34.5324,-102.3111
Southport,NC,33.9411,-78.0205
Coal Valley,IL,41.4416,-90.4462
Newport,SC,34.9833,-81.0992
Wonder Lake,IL,42.3794,-88.3493
Lambertville,NJ,40.3687,-74.943
Gibson,AR,34.8923,-92.2341
Akwesasne,NY,44.9647,-74.6664
Jena,LA,31.6914,-92.1298
Thorndale,PA,39.9991,-75.7517
Saxon,SC,34.9616,-81.9713
Lyncourt,NY,43.082,-76.1265
Church Point,LA,30.4037,-92.2145
Lowell,MI,42.9351,-85.3457
Akron,PA,40.158,-76.2031
Jersey Shore,PA,41.2012,-77.2666
Bowling Green,MO,39.3447,-91.2032
South Highpoint,FL,27.9086,-82.7162
Dakota Dunes,SD,42.492,-96.487
Grafton,ND,48.4142,-97.4056
Brookfield,MO,39.7853,-93.0772
Brittany Farms-The Highlands,PA,40.269,-75.214
Hawaiian Acres,HI,19.5324,-155.0498
Walhalla,SC,34.7705,-83.0615
McLendon-Chisholm,TX,32.8481,-96.391
Wellsville,UT,41.6223,-111.943
Rice Lake,MN,46.8977,-92.1137
Williamston,SC,34.6194,-82.4794
Friona,TX,34.6394,-102.723
North El Monte,CA,34.1029,-118.0239
Reiffton,PA,40.3126,-75.8663
Nashville,AR,33.9418,-93.8516
Monongahela,PA,40.1955,-79.9222
Simonton Lake,IN,41.7478,-85.9657
Burnt Mills,MD,39.034,-76.9983
Woodville,FL,30.312,-84.2611
Bystrom,CA,37.6198,-120.9813
Hunter,OH,39.494,-84.2852
University Center,VA,39.0599,-77.4443
Valley Grande,AL,32.4862,-87.0305
Goodview,MN,44.0692,-91.7166
Pinetop-Lakeside,AZ,34.1486,-109.9657
The College of New Jersey,NJ,40.2689,-74.7764
Falls City,NE,40.0623,-95.5989
North East,MD,39.6076,-75.9414
Gordon Heights,NY,40.8645,-72.9678
Forest Oaks,NC,35.9889,-79.7079
Fruit Hill,OH,39.0699,-84.367
Metamora,IL,40.7951,-89.3672
Jonesboro,LA,32.2348,-92.7098
Taylor,AZ,34.4393,-110.1018
North Muskegon,MI,43.2517,-86.2715
Fenton,MO,38.5279,-90.4488
Clayton,DE,39.2849,-75.6366
Trent Woods,NC,35.081,-77.0945
Green Oaks,IL,42.2954,-87.9115
Riverdale,NJ,40.9921,-74.3125
Armona,CA,36.3166,-119.7054
North Brooksville,FL,28.5731,-82.3744
Pascoag,RI,41.952,-71.7042
Bullard,TX,32.1451,-95.3196
Otsego,MI,42.4576,-85.698
Herricks,NY,40.7567,-73.6635
Garden City South,NY,40.712,-73.6607
Medina,TX,26.9289,-99.2614
Montauk,NY,41.0466,-71.9465
Hazlehurst,GA,31.8651,-82.5994
Marseilles,IL,41.3099,-88.685
Sparta,IL,38.1513,-89.7185
Mulberry,FL,27.9058,-81.9873
Leisure Village West,NJ,40.0104,-74.2806
Throop,PA,41.4382,-75.5927
Gentry,AR,36.2571,-94.4908
Hugoton,KS,37.1745,-101.3447
West Milwaukee,WI,43.0124,-87.971
Rock Valley,IA,43.2028,-96.2897
Brookdale,SC,33.5183,-80.8332
Cross Plains,WI,43.1145,-89.6479
Delmar,MD,38.445,-75.5662
Crittenden,KY,38.7755,-84.6137
Eastwood,LA,32.5607,-93.5625
Santa Rita Ranch,TX,30.6642,-97.8328
Monticello,IA,42.2298,-91.1861
Candelaria Arenas,PR,18.4175,-66.2203
Holloman AFB,NM,32.8483,-106.0998
Chester,NY,41.357,-74.2768
Tierra Verde,FL,27.6687,-82.7299
Lathrup Village,MI,42.4921,-83.2273
Marine City,MI,42.7137,-82.5012
Rosewood Heights,IL,38.8885,-90.0723
Greenfield,OH,39.3536,-83.3883
Quitman,GA,30.7849,-83.5603
Larch Way,WA,47.8429,-122.2528
Fleetwood,PA,40.4565,-75.8209
Weston Lakes,TX,29.6627,-95.9352
Laurel,DE,38.5691,-75.5689
Winnfield,LA,31.924,-92.6425
Bosque Farms,NM,34.8539,-106.7011
Comerio,PR,18.22,-66.2246
Amite City,LA,30.7323,-90.5133
Haskell,AR,34.5095,-92.6406
Enon,VA,37.3273,-77.3195
Silver Lake,NJ,40.7804,-74.1829
Mary Esther,FL,30.4127,-86.6588
Smithville,TX,30.0082,-97.152
Mount Repose,OH,39.1907,-84.2197
Loxley,AL,30.6812,-87.7416
Cedar Creek,TX,30.0811,-97.518
Elkin,NC,36.2621,-80.8443
Huntington,TX,31.2803,-94.577
Bardonia,NY,41.1128,-73.9822
South Eliot,ME,43.1287,-70.7952
St. Charles,MN,43.9687,-92.0593
Dillon,MT,45.218,-112.6345
Coquille,OR,43.1802,-124.1841
Cayuga Heights,NY,42.468,-76.4876
Camdenton,MO,38.0121,-92.7499
West Bradenton,FL,27.5016,-82.6146
Stanley,NC,35.3552,-81.0938
Capitol Heights,MD,38.8765,-76.9075
Warminster Heights,PA,40.1884,-75.0841
Millstadt,IL,38.4579,-90.0834
Mineral Ridge,OH,41.1385,-80.7672
Camden,DE,39.099,-75.5571
Point Pleasant,WV,38.853,-82.1303
Pinehurst,TX,30.1889,-95.7017
Westover,WV,39.6329,-79.9882
Taylor Creek,OH,39.2362,-84.6802
Marlboro Meadows,MD,38.8374,-76.7144
Cutler,CA,36.5247,-119.2889
Algood,TN,36.2,-85.4468
Collinsville,CT,41.8189,-72.922
St. Bernard,OH,39.1711,-84.4955
Brownsville,LA,32.4883,-92.1619
Trappe,PA,40.1991,-75.4754
Basalt,CO,39.3663,-107.0413
South Haven,MI,42.4011,-86.2677
Indian Head Park,IL,41.769,-87.8977
Ridgway,PA,41.427,-78.7297
San Miguel,CA,37.8867,-122.0368
Friendship Heights Village,MD,38.9633,-77.0898
Pittsboro,IN,39.8705,-86.4654
Esperance,WA,47.7937,-122.3469
Riverwoods,IL,42.1723,-87.8951
Singac,NJ,40.8849,-74.2431
Ladonia,AL,32.4609,-85.0877
Chilton,WI,44.0293,-88.1625
Marshall,IL,39.3986,-87.69
Hawkinsville,GA,32.2965,-83.4815
University Gardens,NY,40.7752,-73.7281
Southern Shops,SC,34.9846,-81.9934
Tierras Nuevas Poniente,PR,18.4614,-66.4891
Indian Head,MD,38.5987,-77.1555
Rossville,GA,34.9747,-85.2898
Saw Creek,PA,41.1197,-75.0465
Burnham,IL,41.6375,-87.5447
Penrose,CO,38.4213,-105.0004
Magee,MS,31.873,-89.734
Edgefield,SC,33.787,-81.9291
Metter,GA,32.3958,-82.0621
Jackson,LA,30.8346,-91.208
Colorado City,TX,32.3996,-100.8582
South Russell,OH,41.4318,-81.3352
Tangerine,FL,28.759,-81.6341
Heritage Hills,NY,41.3398,-73.7016
Three Rivers,OR,43.8366,-121.4646
Madill,OK,34.0872,-96.7744
Pecan Acres,TX,32.9704,-97.4725
Scandia,MN,45.254,-92.8278
Mullins,SC,34.204,-79.2536
Wallace,FL,30.6746,-87.1996
Horace,ND,46.7558,-96.9078
Palmer Heights,PA,40.6907,-75.2671
Carroll Valley,PA,39.7499,-77.3805
Belleville,MI,42.2022,-83.4839
Castle Hills,TX,29.5229,-98.5197
White Bluff,TN,36.1005,-87.2117
Pomona,NY,41.1891,-74.0543
Lancaster,KY,37.6148,-84.5815
Marlboro,NY,41.6047,-73.9772
Brookville,PA,41.1615,-79.0827
Meadow Lake,NM,34.8024,-106.5701
Grant,MN,45.0825,-92.909
Sagamore,MA,41.7842,-70.5332
Pennsburg,PA,40.3936,-75.4965
Battle Mountain,NV,40.6299,-116.9518
Livingston,TN,36.3875,-85.3265
Shenandoah Farms,VA,38.9752,-78.0482
Meiners Oaks,CA,34.4553,-119.2702
Boardman,OR,45.8378,-119.6937
Scott City,KS,38.4789,-100.9031
Pleasant Hills,MD,39.4861,-76.3908
Lincoln Village,CA,38.0054,-121.334
Golden Beach,MD,38.49,-76.7019
Nash,TX,33.4423,-94.1345
Dorr,MI,42.727,-85.719
Saint Davids,PA,40.0385,-75.3729
Turners Falls,MA,42.5975,-72.5573
Bayport,MN,45.0152,-92.7789
Schnecksville,PA,40.6699,-75.6115
Lawrenceville,NJ,40.3018,-74.7378
Dell Rapids,SD,43.8244,-96.7143
Cozad,NE,40.8613,-99.9863
Coleman,TX,31.8317,-99.4223
Spencer,OK,35.5108,-97.3715
Emigsville,PA,40.0077,-76.7303
Ely,NV,39.265,-114.8708
Mitchell,IN,38.7369,-86.4755
Highland Lakes,NJ,41.1716,-74.4643
Cherry Grove,OH,39.0802,-84.322
Vidalia,LA,31.5668,-91.4404
Madeira Beach,FL,27.7985,-82.7887
Santa Venetia,CA,38.0056,-122.5033
North Richmond,CA,37.9641,-122.3711
Woodson Terrace,MO,38.7286,-90.36
Upland,IN,40.4639,-85.5008
El Jebel,CO,39.405,-107.0921
Chandler,IN,38.0373,-87.3739
Pea Ridge,FL,30.603,-87.1022
Flagler Estates,FL,29.6441,-81.4571
Oaklyn,NJ,39.9023,-75.0813
South Chicago Heights,IL,41.4831,-87.6369
Bayou Vista,LA,29.6912,-91.2672
Colonial Beach,VA,38.2567,-76.9777
Williamstown,KY,38.6415,-84.5675
Pine Manor,FL,26.573,-81.8774
Bethlehem,NC,35.8162,-81.2962
Raymond,WI,42.8003,-88.0118
Cisco,TX,32.3848,-98.9805
Metzger,OR,45.4493,-122.7621
North Pembroke,MA,42.0989,-70.7823
Barrington Hills,IL,42.1399,-88.2034
St. James,MO,38.0013,-91.6154
Rockwell,AR,34.4636,-93.134
Del Mar,CA,32.9635,-117.2624
Sullivan City,TX,26.2752,-98.5644
Kiel,WI,43.9167,-88.0266
Citronelle,AL,31.0952,-88.2467
Brown Station,MD,38.8539,-76.7978
Lancaster,WI,42.8473,-90.7065
Montpelier,OH,41.5817,-84.5968
Emerald Isle,NC,34.6648,-77.0292
Centerville,MN,45.164,-93.054
Dupo,IL,38.5146,-90.2168
Valdez,AK,61.0963,-146.2596
Kittanning,PA,40.8279,-79.5233
Oronoque,CT,41.2527,-73.1089
Morongo Valley,CA,34.0724,-116.5627
Berne,IN,40.6572,-84.9555
Butte,AK,61.5539,-149.0035
Fairbury,NE,40.1448,-97.1764
Lockeford,CA,38.1508,-121.1554
Hudson Bend,TX,30.414,-97.928
Cresco,IA,43.3718,-92.1163
Windber,PA,40.2355,-78.8247
Campanilla,PR,18.4225,-66.2391
Ball,LA,31.4188,-92.4084
Hidden Meadows,CA,33.2237,-117.1198
Clyde,TX,32.4056,-99.5039
Great Notch,NJ,40.8705,-74.2084
Parkesburg,PA,39.9593,-75.9177
Carrollton,KY,38.6799,-85.1658
Pinch,WV,38.4062,-81.481
Pulaski,WI,44.6684,-88.2351
Swansboro,NC,34.6957,-77.1367
Woodlawn,OH,39.2556,-84.471
La Center,WA,45.8601,-122.6756
Weston,WV,39.0391,-80.4616
Loyola,CA,37.3503,-122.0979
South Blooming Grove,NY,41.3735,-74.179
Oak Lane,PA,40.0565,-75.1213
Goodland,KS,39.3489,-101.7143
Dumas,AR,33.8834,-91.4857
Northumberland,PA,40.8966,-76.7933
Lewisburg,WV,37.8096,-80.4327
Zelienople,PA,40.7886,-80.1428
Florence,CO,38.3836,-105.1114
Woodbridge,CA,38.1692,-121.3113
Waynesburg,PA,39.8983,-80.1855
Empire,CA,37.6432,-120.9073
Baden,PA,40.6396,-80.2228
Berwyn,PA,40.0396,-75.4439
Granite Hills,CA,32.8033,-116.9056
Shrewsbury,PA,39.7714,-76.6799
Norwood Young America,MN,44.7721,-93.9192
Alturas,FL,27.8417,-81.6952
Leland,MS,33.4051,-90.8909
Baxter Springs,KS,37.0195,-94.7351
Irwin,PA,40.325,-79.6996
Forestville,CA,38.4825,-122.8899
Auburn Lake Trails,CA,38.8916,-120.9849
Frackville,PA,40.7833,-76.2329
Ballville,OH,41.3224,-83.1341
York Harbor,ME,43.1435,-70.649
Bellaire,OH,40.0176,-80.7469
Farmersville,TX,33.1608,-96.3603
Mulberry,OH,39.1975,-84.2511
North Hudson,WI,44.9973,-92.7564
Wills Point,TX,32.7093,-96.0052
Northlake,SC,34.5691,-82.6838
McCall,ID,44.9076,-116.1124
Ravenswood,WV,38.9561,-81.7619
St. James City,FL,26.5506,-82.0979
Clifton,AZ,33.0249,-109.2883
Manning,SC,33.6933,-80.2167
Bella Vista,CA,40.6427,-122.246
Rocky Ford,CO,38.0499,-103.7225
Knox,IN,41.291,-86.6212
Zumbrota,MN,44.295,-92.6736
Montrose,MN,45.0669,-93.9203
Aguilita,PR,18.0284,-66.533
Richwood,LA,32.4485,-92.0773
Nichols Hills,OK,35.5468,-97.5445
Amberley,OH,39.2035,-84.4283
Wintersville,OH,40.3791,-80.7095
Deephaven,MN,44.9318,-93.5293
Juno Beach,FL,26.8754,-80.0589
Karns,TN,35.9778,-84.1091
Skippers Corner,NC,34.3292,-77.9141
Mountain View,HI,19.5366,-155.159
St. Joseph,IL,40.114,-88.0354
Fort McKinley,OH,39.8027,-84.246
Avenue B and C,AZ,32.7192,-114.6598
Freeland,PA,41.0212,-75.8963
Boyne City,MI,45.2136,-85.0132
Elim,PA,40.2989,-78.943
Hahnville,LA,29.9641,-90.4141
Genesee,CO,39.6872,-105.2718
Brookmont,MD,38.9546,-77.1292
Cascade Valley,WA,47.1417,-119.326
Vicksburg,MI,42.1185,-85.5413
Dana,NC,35.3239,-82.3722
Prestonsburg,KY,37.6819,-82.7661
Quinnipiac University,CT,41.4174,-72.8992
Portland,MI,42.8697,-84.8991
Oregon,IL,42.0132,-89.3354
Whitmore Village,HI,21.5119,-158.0274
Grayson,KY,38.3317,-82.9371
Malden,MO,36.585,-89.9808
St. Anthony,ID,43.9648,-111.6841
Nelsonville,OH,39.4561,-82.2211
Merchantville,NJ,39.9502,-75.0504
Unicoi,TN,36.2217,-82.3292
Booneville,AR,35.1392,-93.9178
Troutman,NC,35.6873,-80.883
Oakhurst,NJ,40.2607,-74.0263
Meridian,PA,40.8531,-79.9555
Hawaiian Ocean View,HI,19.0959,-155.775
Rockfish,NC,34.9902,-79.0694
Marshall,WI,43.1726,-89.0613
Austin,AR,35.0058,-91.9895
Fort Gibson,OK,35.7763,-95.2602
Harrington,DE,38.9243,-75.5707
Lake California,CA,40.3608,-122.2102
Lake Sarasota,FL,27.2948,-82.4323
Bunker Hill Village,TX,29.7647,-95.5317
Williamston,MI,42.6834,-84.2836
Pocono Woodland Lakes,PA,41.3225,-74.8902
Boonsboro,MD,39.5078,-77.6585
Bluffton,OH,40.8912,-83.8887
Horicon,WI,43.4454,-88.6403
Pixley,CA,35.9785,-119.3003
Waukon,IA,43.2686,-91.4785
West Liberty,IA,41.5727,-91.2623
San Diego,TX,27.7609,-98.2389
Paw Paw Lake,MI,42.2113,-86.2759
Dwight,IL,41.0983,-88.4249
Mission Hills,CA,34.6861,-120.4404
India Hook,SC,35.0142,-81.0378
Oneida,TN,36.5171,-84.5108
Umatilla,FL,28.9273,-81.665
Bishop,CA,37.3665,-118.3958
Harlem,GA,33.4275,-82.3131
Hohenwald,TN,35.5515,-87.5539
Wheatland,CA,39.0287,-121.39
Manhasset Hills,NY,40.7592,-73.6809
Georgetown,IN,38.2954,-85.964
Red Bud,IL,38.2096,-89.9989
Navy,VA,38.8882,-77.3907
Buckner,KY,38.3903,-85.4535
Rochester,IL,39.7488,-89.5436
Ajo,AZ,32.3923,-112.8839
Morrison,IL,41.8076,-89.9616
Rochester,WI,42.7338,-88.2489
La Cienega,NM,35.5794,-106.113
Hudson,NC,35.8478,-81.4867
Maiden,NC,35.5845,-81.224
Jamestown,CA,37.9574,-120.411
Glenwood Landing,NY,40.8295,-73.6378
Denver,PA,40.2326,-76.1392
Port Reading,NJ,40.5685,-74.2469
Stanley,WI,44.9597,-90.9423
Carter Lake,IA,41.2884,-95.9171
Niwot,CO,40.098,-105.1552
Lindsborg,KS,38.5774,-97.6738
Golf Manor,OH,39.1878,-84.4469
Walthourville,GA,31.7716,-81.6216
Lely,FL,26.1032,-81.7297
New Lebanon,OH,39.744,-84.3943
Thompsonville,PA,40.2802,-80.1205
Hardin,MT,45.7422,-107.6082
Hazel Green,AL,34.9236,-86.5671
Grand Bay,AL,30.4717,-88.345
Plainwell,MI,42.4457,-85.6435
Eldorado,IL,37.8114,-88.4415
Idyllwild-Pine Cove,CA,33.7443,-116.7258
Cedarville,OH,39.7471,-83.8109
Lincoln,ID,43.5183,-111.9692
White House Station,NJ,40.6216,-74.7737
Point Baker,FL,30.6855,-87.0522
Sloan,NY,42.8921,-78.7918
Houston,MS,33.8963,-89.0031
Old Stine,CA,35.3478,-119.047
Ridgeland,SC,32.4681,-80.9178
Brentwood,MD,38.9439,-76.9571
Aledo,IL,41.199,-90.7459
Edgecliff Village,TX,32.6561,-97.3406
Cambrian Park,CA,37.2563,-121.9287
Captain Cook,HI,19.4995,-155.8937
North Baltimore,OH,41.1803,-83.6695
Spurgeon,TN,36.443,-82.4621
Hesston,KS,38.1401,-97.427
McGehee,AR,33.6278,-91.3953
Esparto,CA,38.6934,-122.0241
East Village,CT,41.3612,-73.1845
Byron,IL,42.1223,-89.2665
Stilwell,OK,35.8145,-94.6317
South Glens Falls,NY,43.2951,-73.6351
Brenas,PR,18.4734,-66.3346
Mountain Green,UT,41.1476,-111.7901
Mogadore,OH,41.0523,-81.3994
Mount Pleasant,UT,39.5406,-111.456
Lowesville,NC,35.4193,-80.9998
Cockrell Hill,TX,32.7382,-96.8885
Sixteen Mile Stand,OH,39.2749,-84.3266
San Joaquin,CA,36.6057,-120.1897
Melwood,MD,38.8024,-76.8419
Honea Path,SC,34.4476,-82.395
Punta Santiago,PR,18.1619,-65.7584
Gooding,ID,42.9373,-114.7134
Elm Creek,TX,28.7783,-100.491
Baldwin,GA,34.486,-83.5497
Anthony,TX,31.9876,-106.5933
Landis,NC,35.5477,-80.6113
Balmville,NY,41.5281,-74.0234
Oglesby,IL,41.2932,-89.071
Rosemont,PA,40.0306,-75.327
Hill 'n Dale,FL,28.519,-82.2918
Felton,CA,37.0392,-122.0808
Angels,CA,38.0706,-120.5501
Kaunakakai,HI,21.0905,-156.9981
Kitty Hawk,NC,36.0717,-75.7184
Arcadia,WI,44.2486,-91.4916
Columbus,TX,29.7056,-96.5571
Bunk Foss,WA,47.9618,-122.0944
Dunean,SC,34.8203,-82.4225
Winchester,CA,33.7146,-117.0775
Forestdale,MA,41.6846,-70.5082
Greentown,OH,40.9266,-81.4015
Whiteman AFB,MO,38.7302,-93.5589
Plain City,OH,40.1066,-83.2686
Hebron,IN,41.3247,-87.2018
Lowell,NC,35.2688,-81.1013
Deer Park,IL,42.1655,-88.0864
Richfield,OH,41.2354,-81.6421
Grand Mound,WA,46.8018,-123.0118
Elkins,AR,36.0173,-94.0252
Watergate,FL,26.3359,-80.2125
Trevose,PA,40.1509,-74.982
Beechwood,MS,32.3303,-90.819
Mora,MN,45.8768,-93.2914
Lenwood,CA,34.8861,-117.1078
North Shore,VA,37.0783,-79.6525
Imlay City,MI,43.0171,-83.0771
West End-Cobb Town,AL,33.6526,-85.8741
Aurora,IN,39.0674,-84.9044
Westhampton,NY,40.8325,-72.6616
Montrose,NY,41.2425,-73.9424
Gamewell,NC,35.864,-81.5978
South Toms River,NJ,39.9418,-74.2087
Highland-on-the-Lake,NY,42.7012,-78.9819
Washington,GA,33.7355,-82.7426
Hoschton,GA,34.0853,-83.7594
Highland Falls,NY,41.3643,-73.9682
Russell,KY,38.5116,-82.6996
Mono Vista,CA,38.0123,-120.2697
Independence,MN,45.0219,-93.7076
Tabor City,NC,34.1538,-78.8737
Port Hadlock-Irondale,WA,48.0316,-122.789
Haviland,NY,41.765,-73.8977
Maple Heights-Lake Desire,WA,47.4441,-122.0972
Greenhills,OH,39.267,-84.5194
Pine Island,MN,44.1968,-92.6166
Penn Estates,PA,41.0346,-75.2417
Bloomer,WI,45.1033,-91.4915
Cotulla,TX,28.4364,-99.2367
Woodstown,NJ,39.6503,-75.3251
Florida,PR,18.3643,-66.5611
Barron,WI,45.4015,-91.8476
Albia,IA,41.0268,-92.8038
Vandenberg AFB,CA,34.7477,-120.519
Hephzibah,GA,33.2906,-82.0994
Setauket,NY,40.9484,-73.116
Tiptonville,TN,36.3871,-89.4712
Jamestown,NC,35.9984,-79.9348
East Dennis,MA,41.7392,-70.1577
Glen Raven,NC,36.1246,-79.4649
Long Prairie,MN,45.9775,-94.863
Fairbury,IL,40.746,-88.5158
Middlebury,IN,41.6696,-85.7075
Southgate,KY,39.0631,-84.4715
Landmark,AR,34.6076,-92.3186
Chipley,FL,30.7752,-85.5406
Taylor Lake Village,TX,29.5765,-95.0561
Montura,FL,26.6428,-81.0937
Heyburn,ID,42.5599,-113.7624
Delta,UT,39.3623,-112.5471
Harrisburg,OR,44.2719,-123.1656
Wynantskill,NY,42.6879,-73.6449
Manila,AR,35.8847,-90.1652
Sunnyslope,WA,47.4913,-120.3493
Putnam Lake,NY,41.4737,-73.5507
Carefree,AZ,33.8234,-111.9161
Bajadero,PR,18.4245,-66.6765
Hemlock Farms,PA,41.3157,-75.0515
Eastlawn Gardens,PA,40.748,-75.2913
Leo-Cedarville,IN,41.2199,-85.0193
Rutherfordton,NC,35.3642,-81.9613
Frontenac,MO,38.6301,-90.419
Nome,AK,64.5213,-165.4053
Thomasville,AL,31.911,-87.7419
Indian Rocks Beach,FL,27.8961,-82.8444
Rexland Acres,CA,35.3051,-118.997
Eastover,NC,35.0959,-78.7862
Camden,TN,36.0663,-88.1047
Centre,AL,34.1537,-85.6689
Wilkesboro,NC,36.1424,-81.174
Lake Holm,WA,47.2985,-122.1335
Stanford,KY,37.5331,-84.6602
Stonybrook,PA,39.9811,-76.6306
Cedar Springs,MI,43.2201,-85.5535
Highland Acres,DE,39.1163,-75.5216
Morton,MS,32.3455,-89.6572
Spencerport,NY,43.1882,-77.8067
Whitney,SC,34.9835,-81.926
Granger,WA,46.3454,-120.1925
Minoa,NY,43.0742,-76.0083
Forsyth,IL,39.9259,-88.9641
Yellow Springs,OH,39.7987,-83.8904
North River Shores,FL,27.2223,-80.2738
Romeo,MI,42.8049,-83.0041
Lake Isabella,CA,35.6378,-118.482
Northwoods,MO,38.7035,-90.2824
Priceville,AL,34.5246,-86.8856
Emmetsburg,IA,43.1145,-94.68
Moundville,AL,32.9968,-87.6272
Welcome,NC,35.9066,-80.2548
Moscow Mills,MO,38.94,-90.9254
Riverview Park,PA,40.3912,-75.9509
Waikapu,HI,20.8391,-156.5221
Burbank,WA,46.2016,-118.9891
Gatlinburg,TN,35.725,-83.4938
Whitesboro,NY,43.124,-75.2967
Crockett,CA,38.0519,-122.2201
Desert Edge,CA,33.9223,-116.4401
Port Vue,PA,40.337,-79.872
Salem Heights,OH,39.0658,-84.384
Omro,WI,44.0391,-88.7378
Howe,TX,33.5067,-96.6155
North Great River,NY,40.7599,-73.168
Tyro,NC,35.7997,-80.3765
Groesbeck,TX,31.5259,-96.5284
Combined Locks,WI,44.2642,-88.3064
Beaver,UT,38.2759,-112.6383
Eastland,TX,32.4024,-98.8176
West Columbia,TX,29.1422,-95.6491
Gravette,AR,36.4291,-94.3712
Johnson,AR,36.1328,-94.1757
Escatawpa,MS,30.4912,-88.5495
Rollingwood,CA,37.9654,-122.3306
Linwood,PA,39.8254,-75.4253
Upper Greenwood Lake,NJ,41.1856,-74.3787
Etowah,TN,35.3381,-84.5282
Palmyra,MO,39.7978,-91.5265
North Wildwood,NJ,39.0033,-74.8006
Norton,VA,36.9314,-82.6262
Key Center,WA,47.3376,-122.7506
High Point,FL,28.5475,-82.5206
Vine Hill,CA,38.007,-122.0873
Tuckerton,NJ,39.5973,-74.3306
Franklinton,LA,30.848,-90.1459
Fort Defiance,AZ,35.7477,-109.0674
East Basin,UT,40.7359,-111.4708
Lordship,CT,41.1533,-73.1197
Buies Creek,NC,35.4082,-78.7414
Jasper,TN,35.0663,-85.6227
Gibson City,IL,40.4665,-88.3788
Melrose,MN,45.6757,-94.8128
Delshire,OH,39.0884,-84.5949
Laguna Vista,TX,26.1097,-97.2968
Greensboro,GA,33.5687,-83.1872
Boiling Springs,PA,40.1592,-77.1391
North Lakeville,MA,41.862,-70.9411
Barnesville,OH,39.9888,-81.1728
Shavano Park,TX,29.5861,-98.5563
Clifton Knolls-Mill Creek,NY,42.8482,-73.8082
Ballinger,TX,31.7394,-99.9559
Two Harbors,MN,47.0302,-91.6752
Marin City,CA,37.871,-122.5137
Shenandoah,TX,30.184,-95.4557
East Sandwich,MA,41.7365,-70.4341
Walton Park,NY,41.3142,-74.2237
Sweeny,TX,29.0463,-95.6988
Brices Creek,NC,35.0505,-77.0844
Roebling,NJ,40.1167,-74.7775
Halfway House,PA,40.2796,-75.6405
Locust Valley,NY,40.8783,-73.5884
Piggott,AR,36.3858,-90.2016
Eagle Grove,IA,42.6662,-93.9024
Austin,IN,38.7417,-85.8117
New Hope,MS,33.4521,-88.3399
Manchester,GA,32.8565,-84.6329
Redwood,TX,29.81,-97.9103
Newcomerstown,OH,40.2762,-81.5949
High Bridge,NJ,40.6684,-74.894
Squaw Valley,CA,36.6997,-119.1995
Hanover,IN,38.7133,-85.4725
Wyboo,SC,33.5613,-80.2148
Islandia,NY,40.8069,-73.1711
Lake Land'Or,VA,38.017,-77.5593
Osage,IA,43.2827,-92.8113
Perham,MN,46.5999,-95.5771
North Cape May,NJ,38.9804,-74.9509
St. Augusta,MN,45.4498,-94.1995
Del Monte Forest,CA,36.5854,-121.9434
Silt,CO,39.5483,-107.6531
O'Neill,NE,42.461,-98.6465
Kane,PA,41.6631,-78.8094
Benton Heights,MI,42.1211,-86.4137
Wheatland,WY,42.0517,-104.9595
Ahtanum,WA,46.5573,-120.6138
Lloyd Harbor,NY,40.9138,-73.4616
Marietta-Alderwood,WA,48.7934,-122.5573
Hacienda San Jose,PR,18.2409,-66.0721
Bonanza,GA,33.4589,-84.3379
Oakland,FL,28.5535,-81.636
SUNY Oswego,NY,43.4515,-76.5439
Celada,PR,18.2667,-65.9621
Blackshear,GA,31.2954,-82.2453
Lyons,KS,38.3462,-98.2045
Compo,CT,41.1225,-73.3516
Palo Cedro,CA,40.5658,-122.2425
Kensington Park,FL,27.3578,-82.4942
Elgin,OK,34.7849,-98.301
Saylorville,IA,41.6809,-93.628
Benton City,WA,46.2622,-119.4812
Canyon Creek,WA,48.1157,-121.9832
Mission Hills,KS,39.0141,-94.6172
Ponderosa Park,CO,39.3987,-104.6355
Ozark,AR,35.4991,-93.8438
Mattawa,WA,46.737,-119.9043
Ketchum,ID,43.6867,-114.373
Stanhope,NJ,40.9141,-74.7027
Spring City,PA,40.1768,-75.5466
Manor,PA,40.3459,-79.6693
Broad Brook,CT,41.9097,-72.5426
Lake Clarke Shores,FL,26.6461,-80.0752
Fairview,NC,35.1545,-80.5345
Toledo,OR,44.6198,-123.9341
Hazlehurst,MS,31.8646,-90.3929
Mount Healthy Heights,OH,39.2702,-84.5693
Tolono,IL,39.9914,-88.2625
Carthage,NY,43.9837,-75.6021
El Dorado Springs,MO,37.8694,-94.0196
Carey,OH,40.9497,-83.3831
Aguas Buenas,PR,18.2573,-66.1061
Centerville,TN,35.8042,-87.4577
Netcong,NJ,40.8985,-74.7019
Pendleton,SC,34.6451,-82.7818
Waterloo,WI,43.1835,-88.9899
Mill Bay,AK,57.8185,-152.3657
Holt,AL,33.2302,-87.4827
Riverside,NY,40.9093,-72.6695
Gunnison,UT,39.1569,-111.8135
Chattahoochee Hills,GA,33.5694,-84.7441
Wadsworth,IL,42.4448,-87.9202
Hansville,WA,47.8979,-122.5579
Seymour,WI,44.5142,-88.3271
Manti,UT,39.2668,-111.6351
Los Prados,PR,18.233,-66.0621
Cleveland,GA,34.597,-83.7622
Roland,OK,35.4147,-94.5137
Oakwood,OH,41.3669,-81.5036
Beaver Dam,KY,37.4042,-86.8741
Northfield,OH,41.3427,-81.5285
Avondale Estates,GA,33.7699,-84.2648
Hainesville,IL,42.3415,-88.0686
Broken Bow,NE,41.4051,-99.6408
Planada,CA,37.2902,-120.3217
Nowata,OK,36.6985,-95.6372
Lake Delton,WI,43.5932,-89.7841
Mahanoy City,PA,40.8126,-76.1382
Geneva,FL,28.7377,-81.1143
Village Green,NY,43.1323,-76.3108
River Road,NC,35.5107,-76.9898
Mountain Home,NC,35.3708,-82.5021
Indianola,WA,47.7564,-122.5158
Northern Cambria,PA,40.6561,-78.7783
Westway,TX,31.9603,-106.576
Day Valley,CA,37.0255,-121.8559
Midway North,TX,26.1872,-98.0189
Black River Falls,WI,44.2981,-90.842
Milbank,SD,45.2195,-96.6338
Paulding,OH,41.1424,-84.5824
Smithton,IL,38.4159,-89.9902
Bunnell,FL,29.4193,-81.3231
Triana,AL,34.5888,-86.7489
Leesburg,GA,31.7324,-84.1688
Gloucester Courthouse,VA,37.4053,-76.526
Clearview,WA,47.8292,-122.1451
Elroy,NC,35.3308,-77.9226
Holden Lakes,FL,28.5013,-81.3878
Hot Springs,SD,43.4195,-103.4657
Buckhorn,CA,38.4548,-120.5323
Riverton,IL,39.8456,-89.5363
Laureles,TX,26.1168,-97.4875
Midway,FL,30.4995,-84.4582
Flat Rock,NC,35.2678,-82.4526
Marianna,AR,34.7736,-90.7674
Plainview,MN,44.1648,-92.1697
West Point,GA,32.8937,-85.1453
Sauk City,WI,43.2722,-89.7312
Port St. Joe,FL,29.8274,-85.3075
Frazer,PA,40.0374,-75.556
Muttontown,NY,40.8254,-73.5363
Wayne Heights,PA,39.7455,-77.5437
Myrtle Creek,OR,43.0227,-123.2812
Merton,WI,43.1416,-88.3082
Hanover,MN,45.1579,-93.6634
Pleasant Valley,WV,39.4504,-80.1552
Gibbstown,NJ,39.8233,-75.2782
Ainaloa,HI,19.5215,-154.9944
Springtown,TX,32.9693,-97.6804
New Baden,IL,38.5367,-89.7071
Lockland,OH,39.2279,-84.4565
Welch,WV,37.4455,-81.5721
Central Gardens,TX,29.9893,-94.0216
Hidden Springs,ID,43.7201,-116.2508
Wildwood Lake,TN,35.0893,-84.8512
Clifton,TX,31.7822,-97.5824
Pen Argyl,PA,40.8676,-75.2534
Stepney,CT,41.3256,-73.2674
Seacliff,CA,36.977,-121.9176
Alexander,AR,34.6185,-92.4512
Shingle Springs,CA,38.6665,-120.9371
Camuy,PR,18.4825,-66.8501
Durand,MI,42.9127,-83.989
Nicholls,GA,31.5186,-82.6396
Vineyards,FL,26.2279,-81.728
Hillsboro,MO,38.2331,-90.5671
Clifton Forge,VA,37.8232,-79.825
Kekaha,HI,21.9684,-159.7141
French Camp,CA,37.8803,-121.2803
Brownstown,PA,40.1267,-76.2184
Barceloneta,PR,18.453,-66.5381
Coleytown,CT,41.1742,-73.3461
Wrightsville,GA,32.727,-82.7191
West Point,NE,41.8379,-96.7057
La Blanca,TX,26.3048,-98.0286
San Antonio Heights,CA,34.1573,-117.6592
Oxford,MI,42.8218,-83.2563
Reno,TX,33.6659,-95.4768
Union City,IN,40.1995,-84.8206
Mariemont,OH,39.1429,-84.3783
Sage,CA,33.5983,-116.9154
Hauula,HI,21.6111,-157.9118
Bennett,CO,39.7366,-104.4286
Eveleth,MN,47.4637,-92.5444
Milton,DE,38.775,-75.3102
Auburn,NE,40.3894,-95.8436
Roebuck,SC,34.8789,-81.9646
Three Lakes,WA,47.942,-121.9924
Pelham,GA,31.1267,-84.1515
Eagle Lake,TX,29.5879,-96.3282
Mifflinburg,PA,40.9202,-77.0465
Lake Nacimiento,CA,35.7308,-120.8695
Heflin,AL,33.647,-85.5698
New Hampton,IA,43.0563,-92.3153
Princess Anne,MD,38.2054,-75.697
Frederick,OK,34.3708,-99.0008
Monte Sereno,CA,37.2405,-121.9881
Elba,AL,31.4172,-86.0759
Goldendale,WA,45.8192,-120.8233
Shadyside,OH,39.9716,-80.751
Fulton,IL,41.865,-90.1593
Pemberwick,CT,41.0225,-73.6564
Shady Spring,WV,37.7032,-81.0914
Macon,MS,33.1217,-88.5564
Tiger Point,FL,30.3757,-87.0573
Richwood,NJ,39.7139,-75.1731
Gray,GA,33.0021,-83.5374
West Sand Lake,NY,42.6402,-73.6033
Lisbon,ME,44.0289,-70.1076
Blanchard,LA,32.6027,-93.8832
Elma,WA,47.0055,-123.4112
Mount Olive,AL,33.6778,-86.8727
Benson,MN,45.3152,-95.6058
Orange,OH,41.4414,-81.4743
Goulding,FL,30.4396,-87.23
Wellsboro,PA,41.7458,-77.3031
Reamstown,PA,40.2113,-76.118
Rochester,PA,40.7025,-80.2838
Grangeville,ID,45.926,-116.1224
Teague,TX,31.6296,-96.2802
Crystal River,FL,28.8964,-82.5991
West Orange,TX,30.0791,-93.7598
Westville,IL,40.0439,-87.6389
Moreland Hills,OH,41.4422,-81.4293
Kenedy,TX,28.8176,-97.8518
Evergreen,AL,31.4342,-86.9723
Alma,GA,31.5432,-82.4745
Shannondale,WV,39.2123,-77.8105
Fetters Hot Springs-Agua Caliente,CA,38.3274,-122.4871
South Berwick,ME,43.2321,-70.7963
Dennis Port,MA,41.6677,-70.1358
Somerville,TN,35.2352,-89.3869
West Point,VA,37.5519,-76.8017
Wallace,NC,34.738,-77.9908
Sleepy Eye,MN,44.299,-94.7234
West Nyack,NY,41.0907,-73.9714
Gothenburg,NE,40.9242,-100.154
Tashua,CT,41.2761,-73.2536
Melody Hill,IN,38.024,-87.512
Slippery Rock,PA,41.0695,-80.058
Wellford,SC,34.962,-82.0937
Grasonville,MD,38.9559,-76.1947
Malvern,PA,40.0329,-75.5146
Yuma,CO,40.1235,-102.7161
Madison,OH,41.7722,-81.0529
Dandridge,TN,36.0284,-83.4308
Loyalhanna,PA,40.3144,-79.356
Germantown Hills,IL,40.7711,-89.4669
Lake Providence,LA,32.8132,-91.1825
Abingdon,IL,40.8038,-90.4009
Coplay,PA,40.671,-75.4961
Marysville,KS,39.8432,-96.6387
Rural Hall,NC,36.2251,-80.2973
Hubbard,OR,45.1819,-122.8072
Humboldt Hill,CA,40.7219,-124.1987
North Wales,PA,40.2111,-75.2745
Kirtland AFB,NM,35.0497,-106.5599
Alexandria,AL,33.7675,-85.8792
Windsor,NC,35.9928,-76.9401
Dahlgren,VA,38.3443,-77.0624
Tomahawk,WI,45.4746,-89.7228
Lewes,DE,38.7776,-75.145
Forks,WA,47.9527,-124.3903
Jewett City,CT,41.607,-71.9806
Ringgold,GA,34.9136,-85.1215
Fort Branch,IN,38.2461,-87.5734
Hartford,SD,43.621,-96.9424
Llano,TX,30.7509,-98.6763
St. Johns,AZ,34.5018,-109.3784
Four Bridges,OH,39.3828,-84.3542
Mount Angel,OR,45.0695,-122.7972
Loxahatchee Groves,FL,26.7106,-80.2763
Peshtigo,WI,45.056,-87.7471
Hahira,GA,30.9941,-83.3786
Lake Lakengren,OH,39.6894,-84.69
Dublin,TX,32.0875,-98.3392
Washoe Valley,NV,39.2923,-119.7767
Port Ewen,NY,41.9042,-73.9778
Summersville,WV,38.2864,-80.8409
Moulton,AL,34.4844,-87.2833
Chandler,TX,32.3065,-95.4781
Yountville,CA,38.3963,-122.3671
Wilder,VT,43.6804,-72.3168
North Plains,OR,45.5974,-122.9948
Ponce Inlet,FL,29.0927,-80.9472
Enochville,NC,35.5205,-80.6644
Nokomis,FL,27.1241,-82.4354
New Haven,MO,38.6048,-91.2179
Desert View Highlands,CA,34.5903,-118.1535
Dewey,OK,36.7913,-95.9328
Emerald Mountain,AL,32.4396,-86.0857
Winnsboro,TX,32.9557,-95.2909
Pickens,SC,34.8856,-82.7104
Peralta,NM,34.8283,-106.6859
Oliver Springs,TN,36.0399,-84.3285
Holton,KS,39.4699,-95.7319
Etna,PA,40.4975,-79.9475
Mingo Junction,OH,40.3244,-80.6173
Eagle Lake,FL,27.976,-81.7573
West Menlo Park,CA,37.4339,-122.2034
Ebensburg,PA,40.4884,-78.7264
Frontenac,KS,37.4581,-94.7012
Water Valley,MS,34.1622,-89.63
Parker,AZ,34.0286,-114.2224
Hobart,OK,35.0246,-99.0875
Cleves,OH,39.1635,-84.7468
Rainbow Lakes Estates,FL,29.158,-82.5099
North Shore,CA,33.5157,-115.9092
Avalon,CA,33.3342,-118.3315
Red Oak,NC,36.0415,-77.9064
Rio Dell,CA,40.5023,-124.1105
Newburgh,IN,37.9494,-87.4053
Waldron,AR,34.9022,-94.0953
Breckenridge,MN,46.2662,-96.585
Meadowbrook,CA,33.7253,-117.2851
Johnson Creek,WI,43.0812,-88.7702
Level Park-Oak Park,MI,42.3642,-85.2664
Montgomery,MN,44.445,-93.5797
Annandale,MN,45.2599,-94.1205
Lake Park,NC,35.0849,-80.6349
Fox Island,WA,47.2477,-122.6256
Story City,IA,42.1866,-93.5863
Beaver Dam Lake,NY,41.4429,-74.1216
Village Shires,PA,40.2016,-74.9706
Buffalo,MO,37.6444,-93.097
Lake Cherokee,TX,32.3569,-94.6513
Saddle River,NJ,41.0273,-74.0956
Wyncote,PA,40.0915,-75.1463
Cornville,AZ,34.7389,-111.9086
Altavista,VA,37.1235,-79.2856
Springdale,PA,40.5409,-79.7819
Hartville,OH,40.9618,-81.3348
Sheridan,IN,40.132,-86.2198
Dillonvale,OH,39.2173,-84.4031
Gallipolis,OH,38.8186,-82.1934
Johnston City,IL,37.8214,-88.929
Woodbourne,PA,40.2017,-74.8873
South Hempstead,NY,40.6814,-73.6233
Robins,IA,42.08,-91.6763
Newcastle,WY,43.851,-104.2123
Williamsburg,IA,41.6683,-92.0103
Mount Oliver,PA,40.4113,-79.9856
Jefferson,OH,41.7384,-80.7689
Petersburg,AK,56.7566,-132.8727
Nesquehoning,PA,40.866,-75.8322
Essexville,MI,43.6123,-83.8423
Meadow Vista,CA,39.0029,-121.0303
Ossian,IN,40.877,-85.1683
Blackstone,VA,37.0822,-78.003
Clare,MI,43.8259,-84.763
Pine City,MN,45.8368,-92.9682
Morada,CA,38.0386,-121.2456
Liberty,SC,34.7904,-82.6961
Lake Cassidy,WA,48.0639,-122.092
Hannahs Mill,GA,32.9369,-84.3406
Carrollton,MO,39.3636,-93.4955
Ingram,PA,40.4447,-80.0685
Millvale,PA,40.4818,-79.9736
Warm Beach,WA,48.1665,-122.3448
Big Coppitt Key,FL,24.5914,-81.6574
Winnsboro,SC,34.3718,-81.0907
Farmerville,LA,32.7752,-92.4013
Mayfield,OH,41.5502,-81.4369
Wrightstown,WI,44.3263,-88.1756
Lordstown,OH,41.1684,-80.859
Woodlawn Beach,FL,30.3865,-86.9944
Larned,KS,38.1833,-99.1012
East Brewton,AL,31.0906,-87.0556
Ellsworth,WI,44.7364,-92.4806
Weaver,AL,33.7601,-85.8117
Welsh,LA,30.2355,-92.8135
Bandon,OR,43.1141,-124.4158
Williams,AZ,35.2476,-112.1834
Ohioville,PA,40.6872,-80.4783
Haworth,NJ,40.9622,-73.9976
Circle D-KC Estates,TX,30.1611,-97.235
Fordyce,AR,33.8182,-92.4174
Jefferson,OR,44.7171,-123.0068
West Lake Hills,TX,30.292,-97.8083
Milford,IA,43.3336,-95.1478
Newbern,TN,36.1169,-89.2713
Dilley,TX,28.6675,-99.1765
East Richmond Heights,CA,37.945,-122.314
Pine Grove,CA,38.403,-120.6571
Minden,NV,38.9632,-119.7683
Feather Sound,FL,27.9061,-82.6813
Keowee Key,SC,34.8257,-82.9158
Brillion,WI,44.1758,-88.0707
Berwyn Heights,MD,38.9928,-76.9132
Claryville,KY,38.914,-84.4095
Spencer,NC,35.6986,-80.4254
Crane,TX,31.3918,-102.3503
Tusculum,TN,36.175,-82.7454
Blanding,UT,37.6213,-109.5073
Niantic,CT,41.3258,-72.1952
Blountville,TN,36.533,-82.329
Chincoteague,VA,37.9593,-75.3495
Hominy,OK,36.4219,-96.393
Bunkie,LA,30.954,-92.1884
Jackson,MN,43.6265,-94.9891
Moose Lake,MN,46.4442,-92.7654
Rayville,LA,32.4707,-91.7576
Elizabethtown,NC,34.6219,-78.6074
Erda,UT,40.6028,-112.3214
Hamburg,NJ,41.1485,-74.5736
Muldrow,OK,35.404,-94.5976
St. Paul,MO,38.8486,-90.7406
Big Lake,AK,61.526,-149.9721
Frostproof,FL,27.7494,-81.5252
State Line,PA,39.7329,-77.7247
Ridgecrest,FL,27.8923,-82.8074
Paris,AR,35.2894,-93.7252
Union Springs,AL,32.1395,-85.7141
Rio Grande,NJ,39.0193,-74.8787
Port Monmouth,NJ,40.4338,-74.1009
Union,NJ,40.6966,-74.2693
Lanai City,HI,20.8279,-156.9147
Barton Creek,TX,30.2818,-97.8681
West Liberty,KY,37.9161,-83.2668
Alva,FL,26.7188,-81.6269
West DeLand,FL,29.0162,-81.3343
Mannford,OK,36.1306,-96.334
Southpointe,PA,40.2898,-80.1758
Thiensville,WI,43.2361,-87.9785
Paw Paw,MI,42.2148,-85.8919
Vassar College,NY,41.686,-73.8931
Minerva,OH,40.7306,-81.1023
Paoli,IN,38.5572,-86.4698
Lake Arrowhead,ME,43.6634,-70.7382
South Duxbury,MA,42.0203,-70.6913
Newmanstown,PA,40.3515,-76.2117
San Manuel,AZ,32.6091,-110.6415
Eagle Lake,MN,44.1636,-93.8823
Cherry Valley,IL,42.2223,-88.9715
Park City,TN,35.0782,-86.5834
Pottsgrove,PA,40.2644,-75.6093
Monte Grande,PR,18.0894,-67.1201
Magnolia,MS,31.1619,-90.467
Plymouth,NC,35.8588,-76.7487
Sierra Ridge,CO,39.5286,-104.8172
West Wyomissing,PA,40.3222,-75.995
Cashmere,WA,47.5175,-120.467
Boscobel,WI,43.1437,-90.6948
Hodgenville,KY,37.5668,-85.7354
Rush City,MN,45.6875,-92.9655
Meadow Oaks,FL,28.3465,-82.6025
Sugar Creek,MO,39.1433,-94.3994
Penbrook,PA,40.2781,-76.8483
Vandalia,MO,39.308,-91.4892
Athens,PA,41.9515,-76.5187
Hideaway,TX,32.489,-95.4578
Sherwood,OH,39.0853,-84.3608
Ravena,NY,42.4755,-73.8112
South Jacksonville,IL,39.7025,-90.2292
Hanceville,AL,34.0632,-86.7645
Lake Wilderness,VA,38.3036,-77.7277
Hartsdale,NY,41.0154,-73.8036
Orofino,ID,46.4866,-116.2572
Paloma Creek,TX,33.2253,-96.9371
Loudonville,OH,40.6342,-82.2328
Burgaw,NC,34.5509,-77.9224
Strasburg,CO,39.7181,-104.3195
Trafford,PA,40.3846,-79.7576
Lake Erie Beach,NY,42.6242,-79.0786
Macungie,PA,40.5165,-75.5545
Iowa,LA,30.2393,-93.013
Venice Gardens,FL,27.0739,-82.4125
Vinton,LA,30.1957,-93.5818
Calcium,NY,44.0401,-75.8468
Howards Grove,WI,43.8261,-87.8232
Strathmore,CA,36.1461,-119.0644
Mineral Springs,NC,34.9412,-80.6847
Leisuretowne,NJ,39.8987,-74.7059
Putney,GA,31.4755,-84.101
Hogansville,GA,33.1674,-84.9027
Livingston,AL,32.5982,-88.1891
Red Rock,AZ,32.561,-111.3745
Zephyrhills North,FL,28.252,-82.1654
Weimar,TX,29.7,-96.7773
Centerville,PA,40.03,-79.9633
Ely,MN,47.9054,-91.8517
Algona,WA,47.282,-122.2504
Masontown,PA,39.8486,-79.9085
Goldstream,AK,64.9339,-148.0083
Yorkville,WI,42.7155,-88.0097
Melbourne Beach,FL,28.0668,-80.561
Willcox,AZ,32.2515,-109.8359
Mount Penn,PA,40.3287,-75.8897
Blissfield,MI,41.8311,-83.8635
Red Oaks Mill,NY,41.6517,-73.8748
Tallapoosa,GA,33.7335,-85.2859
Ocilla,GA,31.5987,-83.2498
Syracuse,IN,41.4226,-85.7492
Louisiana,MO,39.4413,-91.0626
Roselawn,IN,41.1535,-87.2881
Sherwood,WI,44.1763,-88.2756
Magnolia,TX,30.2115,-95.742
Perkins,OK,35.9785,-97.0301
Kalaeloa,HI,21.3136,-158.065
Blennerhassett,WV,39.2562,-81.6316
Port Richey,FL,28.2759,-82.7254
Hicksville,OH,41.2944,-84.7648
Smithville-Sanders,IN,39.0597,-86.5108
South Point,OH,38.4214,-82.5784
Lake of the Woods,AZ,34.1547,-109.9936
Crestview Hills,KY,39.0249,-84.5695
Presidio,TX,29.5603,-104.3653
Hardwick,GA,33.0523,-83.244
Las Lomas,CA,36.8688,-121.7317
Hiawatha,KS,39.8519,-95.538
Attica,IN,40.2874,-87.2452
North Lakeport,CA,39.0883,-122.9053
Nyssa,OR,43.8779,-116.9956
Grantville,GA,33.2371,-84.8293
Drum Point,MD,38.3324,-76.4307
Algoma,WI,44.6058,-87.4465
Long Lake,IL,42.3758,-88.1276
Cordes Lakes,AZ,34.3103,-112.1073
Moosup,CT,41.7173,-71.8757
Naples,UT,40.4317,-109.4913
North Hartsville,SC,34.401,-80.071
Heber-Overgaard,AZ,34.4141,-110.5696
Dundee,OR,45.2759,-123.007
Cutten,CA,40.7657,-124.1445
Beach City,TX,29.7269,-94.8549
Pistakee Highlands,IL,42.4023,-88.2115
Minster,OH,40.3947,-84.3789
Marshall,VA,38.8661,-77.8453
Williston Highlands,FL,29.3336,-82.5357
Red Bay,AL,34.4357,-88.1361
Kachina Village,AZ,35.0947,-111.6928
Konterra,MD,39.0774,-76.9023
Stanton,KY,37.8465,-83.8564
Blairsville,PA,40.4326,-79.2599
Country Squire Lakes,IN,39.038,-85.6849
Freedom,CA,36.9403,-121.7953
Arbuckle,CA,39.0141,-122.061
Morganfield,KY,37.6869,-87.8878
Cleveland,OK,36.3008,-96.4635
Cassville,MO,36.6786,-93.8682
Mount Shasta,CA,41.3206,-122.315
Lodi,WI,43.3154,-89.5367
Caban,PR,18.445,-67.1363
Helemano,HI,21.5362,-158.0194
Brodhead,WI,42.6168,-89.3756
Warrior,AL,33.8149,-86.8157
Brackenridge,PA,40.6079,-79.7411
Central Park,WA,46.9705,-123.7018
Lesslie,SC,34.8856,-80.9541
Wind Gap,PA,40.8484,-75.2917
Pottsville,AR,35.2312,-93.0654
Monmouth Beach,NJ,40.3364,-73.9863
Garnett,KS,38.2845,-95.2408
Pine Hills,CA,40.7313,-124.1551
Weaverville,CA,40.7407,-122.929
Hayfork,CA,40.561,-123.1298
Mountain Home AFB,ID,43.0496,-115.8655
Oakridge,OR,43.7451,-122.4638
Val Verde Park,TX,29.3746,-100.8306
Scissors,TX,26.1333,-98.0475
Salmon,ID,45.1743,-113.8947
Sewaren,NJ,40.5519,-74.2581
Glasgow,MT,48.199,-106.6321
Orchard City,CO,38.8144,-107.9705
South Dennis,MA,41.7051,-70.1537
Old Mystic,CT,41.3852,-71.9851
Wesleyville,PA,42.1369,-80.0123
Hoosick Falls,NY,42.9009,-73.35
Rockwood,MI,42.0705,-83.243
Washington Heights,NY,41.4692,-74.4177
Comunas,PR,18.0846,-65.8435
Carmel-by-the-Sea,CA,36.5528,-121.9222
Six Mile Run,NJ,40.473,-74.5334
Brightwaters,NY,40.7193,-73.2642
Vado,NM,32.1278,-106.6571
West Burlington,IA,40.8215,-91.1755
Belville,NC,34.219,-77.9976
Aguada,PR,18.3803,-67.1884
Barbourville,KY,36.8667,-83.885
Orchidlands Estates,HI,19.557,-155.0142
Hortonville,WI,44.3368,-88.6361
Lake Wynonah,PA,40.5879,-76.181
Dogtown,CA,38.2096,-121.1551
Green Level,NC,36.1233,-79.3463
Le Roy,IL,40.3395,-88.7628
East Rockingham,NC,34.9116,-79.7661
Havana,IL,40.295,-90.0566
Petersburg,WV,38.9958,-79.1277
Cuba,MO,38.0671,-91.4057
Annetta,TX,32.6938,-97.6581
Country Club,MO,39.8388,-94.8205
Blue Earth,MN,43.6409,-94.1005
Millersburg,OH,40.5533,-81.9171
Tilton Northfield,NH,43.4444,-71.5924
East Gaffney,SC,35.0846,-81.6218
Corning,AR,36.4134,-90.5839
Byrnes Mill,MO,38.4395,-90.5741
Nevada City,CA,39.2607,-121.0231
Bermuda Run,NC,36.0041,-80.4306
Grand Saline,TX,32.6776,-95.7114
Daleville,VA,37.415,-79.9132
Virden,IL,39.506,-89.7711
Sleepy Hollow,IL,42.0912,-88.3138
Corydon,IN,38.213,-86.1257
Burlington,CO,39.3042,-102.2712
Experiment,GA,33.279,-84.276
Bethany,MO,40.2684,-94.0282
Nags Head,NC,35.9473,-75.6273
Zillah,WA,46.4084,-120.2727
Monroe City,MO,39.6542,-91.7327
Holiday Shores,IL,38.9222,-89.936
Kingstree,SC,33.6665,-79.8292
Raymond,WA,46.6839,-123.738
Early,TX,31.7421,-98.9366
San Castle,FL,26.5652,-80.0611
Port Washington North,NY,40.8434,-73.7014
Culloden,WV,38.4154,-82.0705
Dover,FL,27.9927,-82.2198
Combes,TX,26.2448,-97.7257
Lucerne,CA,39.0698,-122.7746
Sabana Hoyos,PR,18.4213,-66.6084
East Dundee,IL,42.0972,-88.2545
Park Hills,KY,39.0692,-84.5313
Mountain View Acres,CA,34.4976,-117.3472
East Greenville,PA,40.4057,-75.5059
Pleasant Gap,PA,40.8673,-77.7439
Oracle,AZ,32.6085,-110.7826
Lakewood,SC,33.8428,-80.3492
El Verano,CA,38.2975,-122.4915
Luis Llorens Torres,PR,18.0565,-66.5267
Ladysmith,WI,45.4606,-91.0973
Newton,MS,32.3296,-89.1534
Watkinsville,GA,33.861,-83.4072
McDonald,OH,41.1636,-80.7233
Soda Springs,ID,42.659,-111.5878
Redwood,OR,42.4219,-123.3915
Wolfdale,PA,40.1979,-80.3001
Wilder,KY,39.0401,-84.4816
Bushnell,FL,28.686,-82.1165
High Bridge,WA,47.7968,-122.0281
Maybrook,NY,41.4881,-74.213
Sharpsburg,PA,40.494,-79.9249
Carrabelle,FL,29.8555,-84.6685
Brimfield,OH,41.0941,-81.3482
Henrietta,TX,33.8146,-98.1924
Port Aransas,TX,27.8102,-97.0875
Beloit,KS,39.4645,-98.1082
Denmark,SC,33.3152,-81.1364
Yerington,NV,38.9554,-119.1101
Knoxville,IL,40.907,-90.2857
Cherryvale,SC,33.9543,-80.4609
Rossmoor,NJ,40.3349,-74.4708
Carlyle,IL,38.6217,-89.3734
Lebanon,VA,36.8991,-82.0784
Onalaska,TX,30.8209,-95.1111
Bishop,TX,27.5852,-97.7975
Eielson AFB,AK,64.6741,-147.0605
Juniper Canyon,OR,44.2027,-120.755
Chenango Bridge,NY,42.1716,-75.8586
Shenandoah,VA,38.4875,-78.6171
West Fork,AR,35.9355,-94.18
Gleed,WA,46.6594,-120.6025
Mount Morris,MI,43.1176,-83.6987
Shelby,MT,48.5031,-111.8614
Louisburg,NC,36.0986,-78.3009
Summit Hill,PA,40.8249,-75.8464
Ferriday,LA,31.6343,-91.5562
Northwest Harwinton,CT,41.7769,-73.0794
One Loudoun,VA,39.0505,-77.456
Tarpey Village,CA,36.7941,-119.7012
San Saba,TX,31.1975,-98.7194
Lincoln Heights,OH,39.2434,-84.457
Lawnside,NJ,39.8673,-75.0289
Clearwater,SC,33.5038,-81.91
Greenwood,LA,32.4359,-93.9643
Cold Spring Harbor,NY,40.8621,-73.4506
Valley Green,PA,40.1567,-76.7947
Tybee Island,GA,32.0095,-80.8531
Choccolocco,AL,33.6683,-85.7128
La Salle,CO,40.3484,-104.7062
Southern Shores,NC,36.1205,-75.7328
Hollywood Park,TX,29.5994,-98.4841
Iuka,MS,34.8077,-88.1978
Gillespie,IL,39.1258,-89.8174
Woodbury Heights,NJ,39.816,-75.1511
South Alamo,TX,26.1517,-98.1079
Valley,NE,41.3148,-96.3566
Bethel Acres,OK,35.3048,-97.037
The Homesteads,TX,32.4755,-97.1663
North Barrington,IL,42.2065,-88.1316
Covington,IN,40.1408,-87.3917
Wewoka,OK,35.1441,-96.4968
Blue Ridge,VA,37.3783,-79.8206
Tipton,IA,41.7701,-91.1283
Lakeshore,LA,32.535,-92.0328
Wyoming,PA,41.3058,-75.8418
Santa Rosa,TX,26.2561,-97.8252
Norwood,NC,35.2337,-80.1147
Alamo,GA,32.1469,-82.7798
Holden Heights,FL,28.5013,-81.3878
Abernathy,TX,33.842,-101.8162
Red Springs,NC,34.8046,-79.1822
Turner,OR,44.8489,-122.9518
Moonachie,NJ,40.8408,-74.059
Commercial Point,OH,39.7809,-83.0387
Marienville,PA,41.4687,-79.1181
Georgetown,IL,39.9774,-87.6354
Wallburg,NC,36.0088,-80.1453
Clyde Hill,WA,47.6304,-122.218
New Holstein,WI,43.9491,-88.0942
Myerstown,PA,40.3722,-76.3055
Kilauea,HI,22.2108,-159.3965
Lake Wissota,WI,44.922,-91.3013
Proctor,MN,46.7407,-92.2282
Churchill,PA,40.4389,-79.8416
Cottonwood,CA,35.3464,-118.9851
Karnes City,TX,28.8858,-97.9002
Greenville,DE,39.778,-75.6046
Ocean Grove,MA,41.7281,-71.2098
Ellsworth,KS,38.7327,-98.2285
Anahola,HI,22.1455,-159.3151
Tishomingo,OK,34.2388,-96.683
Millersburg,OR,44.6779,-123.0691
Wellsville,OH,40.6042,-80.655
Cloverdale,VA,37.3566,-79.9055
Parowan,UT,37.8326,-112.8296
Saluda,SC,34.0009,-81.7713
Bon Secour,AL,30.3222,-87.7271
Wildwood Crest,NJ,38.9718,-74.8377
McSherrystown,PA,39.8036,-77.0199
El Cerro,NM,34.7807,-106.6955
Fairport Harbor,OH,41.7475,-81.2731
Park Hill,OK,35.8417,-94.9734
Big Lake,TX,31.1941,-101.4534
Solon,IA,41.8055,-91.4961
Elma Center,NY,42.8282,-78.6342
Brighton,AL,33.4396,-86.9454
Saugatuck,CT,41.1143,-73.3717
Guayanilla,PR,18.0222,-66.7898
Piney Point Village,TX,29.7588,-95.5156
Burnettown,SC,33.5186,-81.8635
Jayuya,PR,18.2199,-66.5984
Edgewood,PA,40.4313,-79.8839
Lochsloy,WA,48.0598,-122.0411
Inverness,CO,39.5758,-104.8653
Calais,ME,45.134,-67.224
DeCordova,TX,32.428,-97.6911
Huntsville,AR,36.0985,-93.7363
Mount Pocono,PA,41.1225,-75.3582
Inman,SC,35.0463,-82.0897
Somerset,WI,45.1257,-92.6731
Golden Grove,SC,34.7324,-82.4407
Tuxedo,NY,41.2324,-74.1774
Sandia Heights,NM,35.1747,-106.4884
Shady Cove,OR,42.6117,-122.8179
Ashland,NE,41.0396,-96.3723
Mount Hope,NJ,40.9182,-74.5508
North Middletown,NJ,40.4395,-74.1179
South Beach,FL,27.5883,-80.3435
Gladwin,MI,43.9837,-84.4876
Harvey,MI,46.4832,-87.3569
Narragansett Pier,RI,41.4281,-71.4668
Tama,IA,41.9648,-92.5743
Stepping Stone,CO,39.514,-104.8217
Walsenburg,CO,37.6307,-104.7818
Old Hill,CT,41.1491,-73.3764
Oostburg,WI,43.6237,-87.7888
Blountstown,FL,30.443,-85.0455
Cordaville,MA,42.2727,-71.5221
Momence,IL,41.164,-87.663
Needville,TX,29.3957,-95.8386
Andrews AFB,MD,38.8054,-76.8744
Val Verde,CA,34.4504,-118.6717
Nocona,TX,33.7835,-97.7302
Carrollton,OH,40.5787,-81.0907
Pleasant Hill,PA,40.3369,-76.448
Green Forest,AR,36.3347,-93.431
Wanakah,NY,42.7435,-78.9027
Turnersville,NJ,39.7666,-75.0613
Crown Heights,NY,41.6416,-73.9287
Smithsburg,MD,39.6559,-77.575
Mountain View,NC,35.6828,-81.3683
George West,TX,28.33,-98.1183
Monument Beach,MA,41.7192,-70.606
Salunga,PA,40.0929,-76.4279
Ripley,WV,38.8201,-81.7091
Potterville,MI,42.6299,-84.7433
Pitcairn,PA,40.4079,-79.7765
Vails Gate,NY,41.4588,-74.0533
Sewell,NJ,39.7696,-75.1443
Cactus,TX,36.0444,-102.008
Prescott,AR,33.8056,-93.3909
Arthurtown,SC,33.9644,-81.0023
Garner,IA,43.1,-93.6031
Waller,TX,30.0665,-95.9278
Double Oak,TX,33.0633,-97.1117
Canton,SD,43.3032,-96.5848
Beulah,ND,47.2665,-101.7734
Okemah,OK,35.4292,-96.2998
Wormleysburg,PA,40.2604,-76.9094
Hilltop,SC,34.9755,-81.9586
Toa Alta,PR,18.3879,-66.2508
Maugansville,MD,39.6937,-77.7472
Checotah,OK,35.482,-95.5224
Unadilla,GA,32.2583,-83.7356
Lakeview Estates,GA,33.7047,-84.0367
Biscayne Park,FL,25.8818,-80.1814
Upland,PA,39.8562,-75.3796
Williston,FL,29.374,-82.4579
Corunna,MI,42.9837,-84.1162
Villalba,PR,18.1278,-66.4819
Doylestown,OH,40.97,-81.6954
Lutcher,LA,30.0646,-90.7124
Ridgemark,CA,36.8082,-121.3623
Harlem,FL,26.7324,-80.9519
Dade City North,FL,28.3839,-82.1943
Keokea,HI,20.7211,-156.3625
Underwood-Petersville,AL,34.877,-87.6975
Wilkshire Hills,OH,40.636,-81.4313
South Vacherie,LA,29.9406,-90.6893
Snowmass Village,CO,39.2212,-106.9392
Cornwall-on-Hudson,NY,41.4369,-74.0145
Kotzebue,AK,66.8766,-162.5231
Cache,OK,34.6294,-98.6184
Cuthbert,GA,31.7713,-84.794
Cliffwood Beach,NJ,40.4427,-74.2179
National Park,NJ,39.8676,-75.1852
Lakeview,OR,42.1919,-120.3527
Auberry,CA,37.0853,-119.4495
Holmes Beach,FL,27.5108,-82.7152
Sherrill,NY,43.0704,-75.5993
North Sarasota,FL,27.3592,-82.5213
Rutgers University-Livingston Campus,NJ,40.5198,-74.4403
Cut Bank,MT,48.6344,-112.3304
Little Flock,AR,36.3853,-94.1363
South Pittsburg,TN,35.0111,-85.7183
Chappaqua,NY,41.1575,-73.766
Chaffee,MO,37.1812,-89.6615
Central City,NE,41.1134,-98.0008
East Syracuse,NY,43.0638,-76.0698
Crosby,TX,29.9146,-95.0591
Haskell,TX,33.1597,-99.732
Windsor,MO,38.5319,-93.5227
Hokendauqua,PA,40.6585,-75.4952
Bamberg,SC,33.2995,-81.0323
Deer Lodge,MT,46.398,-112.7334
Port Angeles East,WA,48.1041,-123.3694
Shark River Hills,NJ,40.1923,-74.0463
Crest,CA,32.8,-116.8671
Windermere,FL,28.5028,-81.5377
Dadeville,AL,32.8326,-85.7675
Indialantic,FL,28.0871,-80.57
Milaca,MN,45.7574,-93.6513
St. Maries,ID,47.3146,-116.5723
Shorewood Forest,IN,41.4598,-87.1497
Sloatsburg,NY,41.162,-74.1902
Walbridge,OH,41.5864,-83.493
New Palestine,IN,39.7256,-85.896
Castroville,TX,29.3513,-98.8711
Sunset,LA,30.4083,-92.0644
Dover Base Housing,DE,39.1178,-75.4837
Victor,ID,43.6014,-111.1108
Rosita,TX,28.6244,-100.4287
Greens Farms,CT,41.1264,-73.322
Greenwood Lake,NY,41.2214,-74.2892
Bal Harbour,FL,25.8935,-80.1258
Minden,NE,40.4981,-98.9672
Vivian,LA,32.8711,-93.9862
Brownstown,IN,38.879,-86.0478
Harbor Bluffs,FL,27.9081,-82.827
Oak Ridge North,TX,30.157,-95.4421
Tonkawa,OK,36.6769,-97.3235
Sisters,OR,44.2923,-121.5531
North Sioux City,SD,42.535,-96.4998
Malabar,FL,27.9884,-80.5781
Greenwood,PA,40.5376,-78.3542
El Lago,TX,29.5731,-95.044
Chico,WA,47.6226,-122.7193
Moss Beach,CA,37.5184,-122.5036
Fairchild AFB,WA,47.6187,-117.6484
Granite Quarry,NC,35.6131,-80.4489
Cadiz,OH,40.2644,-80.998
Waialua,HI,21.566,-158.1199
Mansfield,PA,41.8062,-77.0787
David City,NE,41.2578,-97.1282
Olney,TX,33.3644,-98.7585
Kelly Ridge,CA,39.5289,-121.4662
Bad Axe,MI,43.8043,-82.9985
Iron River,MI,46.0966,-88.6396
Dry Ridge,OH,39.2589,-84.6342
Groveville,NJ,40.1679,-74.6523
Homedale,ID,43.6154,-116.9379
Simpsonville,KY,38.2167,-85.3515
Mountville,PA,40.0402,-76.4339
Reliez Valley,CA,37.9399,-122.1027
Baldwyn,MS,34.5071,-88.6416
Selbyville,DE,38.4629,-75.2117
Lake Delta,NY,43.2893,-75.4672
Orwigsburg,PA,40.6541,-76.104
Kingman,KS,37.648,-98.1167
Millington,NJ,40.6763,-74.5159
Montezuma,GA,32.2997,-84.0246
Elm Springs,AR,36.2068,-94.2382
Sewanee,TN,35.1975,-85.9213
Sacaton,AZ,33.0793,-111.7683
Chickamauga,GA,34.8753,-85.2885
Heavener,OK,34.8919,-94.6075
Timberville,VA,38.6335,-78.7731
Avery Creek,NC,35.4651,-82.5719
Lead,SD,44.3528,-103.7671
Ridgewood,IL,41.534,-88.0436
Kalama,WA,46.0164,-122.8402
Agua Dulce,TX,31.6549,-106.1369
Bolivar Peninsula,TX,29.486,-94.5666
Villa Ridge,MO,38.4676,-90.8854
Marion,AL,32.6318,-87.3172
Hilliard,FL,30.6866,-81.9212
Hamburg,AR,33.2248,-91.7972
Barranquitas,PR,18.1848,-66.3102
Jacksonville,OR,42.3127,-122.9692
Nashville,IL,38.3541,-89.377
DeQuincy,LA,30.449,-93.4456
Bean Station,TN,36.3323,-83.2852
Arlington Heights,WA,48.2119,-122.063
Pines Lake,NJ,40.9983,-74.2643
Everson,WA,48.9125,-122.3507
Eunice,NM,32.4461,-103.1986
Tipton,CA,36.0572,-119.3135
New York Mills,NY,43.1007,-75.2932
Kenhorst,PA,40.3069,-75.9438
Hopelawn,NJ,40.5286,-74.2936
Yadkinville,NC,36.1315,-80.6592
Pawhuska,OK,36.6687,-96.3313
Albany,IN,40.3056,-85.2331
Quail Ridge,FL,28.3451,-82.5535
Bloomingdale,GA,32.1249,-81.3077
Mauriceville,TX,30.2187,-93.8758
Dakota City,NE,42.4184,-96.4201
Parksdale,CA,36.9465,-120.0212
Kingwood,WV,39.4719,-79.6822
Bar Nunn,WY,42.922,-106.3475
DeWitt,AR,34.2874,-91.3383
Williamson,WV,37.6741,-82.2709
Girard,PA,42.0042,-80.3192
Oconto Falls,WI,44.8738,-88.1444
Port Ludlow,WA,47.9101,-122.7006
Summerset,SD,44.1912,-103.3394
Valhalla,NY,41.0773,-73.7778
Ava,MO,36.9547,-92.6662
Williamstown,WV,39.3987,-81.4549
Kenova,WV,38.4026,-82.5822
Clever,MO,37.0333,-93.4729
Jones,OK,35.5662,-97.2901
Lakewood,NY,42.0992,-79.3201
Eglin AFB,FL,30.4592,-86.5499
Whitehall,MI,43.4003,-86.3405
Dresden,TN,36.279,-88.694
Elkton,VA,38.4106,-78.6161
Richmond,UT,41.9231,-111.8076
Richville,OH,40.7529,-81.4684
Baltimore,OH,39.846,-82.6046
Ingalls Park,IL,41.5204,-88.0345
Bowmansville,PA,40.2029,-76.0211
Great Neck Estates,NY,40.7857,-73.7396
North Catasauqua,PA,40.664,-75.4741
Williams Bay,WI,42.5788,-88.5457
Genoa City,WI,42.5065,-88.3192
Flemingsburg,KY,38.4236,-83.7373
Piedra Aguza,PR,18.0338,-66.4955
Buena Vista,CO,38.8319,-106.1387
Green Island,NY,42.7474,-73.6926
Paddock Lake,WI,42.5707,-88.1044
Chattahoochee,FL,30.6977,-84.8341
Egypt,PA,40.6856,-75.5335
Canterwood,WA,47.3765,-122.6021
Valley View,PA,39.9497,-76.701
Dixon Lane-Meadow Creek,CA,37.3864,-118.4153
Dixmoor,IL,41.633,-87.6673
Madison,FL,30.4716,-83.413
Lake Royale,NC,35.9666,-78.196
Amery,WI,45.3045,-92.3635
Millen,GA,32.8071,-81.9423
Bishopville,SC,34.2202,-80.2483
Roslyn,NY,40.7991,-73.6491
Bridgetown,MS,34.8907,-89.9069
Merrimac,VA,37.1902,-80.4243
Desert Aire,WA,46.6873,-119.931
Menlo Park Terrace,NJ,40.5534,-74.3243
Oaklawn-Sunview,KS,37.6084,-97.2984
Moorefield,WV,39.0675,-78.9623
Gibsonia,PA,40.6322,-79.9684
Sublimity,OR,44.8294,-122.7923
Bushland,TX,35.1992,-102.0633
Fowlerville,MI,42.6596,-84.0743
Noroton Heights,CT,41.0741,-73.4972
Calera,OK,33.9303,-96.4293
Ferrysburg,MI,43.085,-86.2221
Dalzell,SC,34.0189,-80.4297
Naranjito,PR,18.3029,-66.2498
Libby,MT,48.387,-115.5559
Sharpes,FL,28.4381,-80.7552
Meadowdale,WA,47.8583,-122.316
Plumsteadville,PA,40.3863,-75.1428
Bonny Doon,CA,37.0436,-122.137
Whitesboro,NJ,39.0419,-74.8677
Eddyville,KY,37.0759,-88.077
Lucedale,MS,30.9312,-88.5959
Brookville,NY,40.8123,-73.5696
Huguley,AL,32.8431,-85.2396
Afton,MN,44.9041,-92.8174
Lakeland,GA,31.0409,-83.0748
Wilton,IA,41.5898,-91.0272
Sisco Heights,WA,48.118,-122.1112
Buzzards Bay,MA,41.755,-70.6128
Wendell,ID,42.7745,-114.7026
Farm Loop,AK,61.6343,-149.1614
Wise,VA,36.9767,-82.5809
Lake Point,UT,40.6815,-112.2632
Barrett,TX,29.8671,-95.0537
Bath,MI,42.8199,-84.4544
Youngwood,PA,40.2443,-79.5811
Channel Islands Beach,CA,34.1625,-119.2241
Kechi,KS,37.8234,-97.2891
Shallowater,TX,33.6901,-101.9893
Versailles,OH,40.222,-84.4831
Ferris,TX,32.5369,-96.6738
Verona Walk,FL,26.086,-81.6798
La Villa,TX,26.2964,-97.9269
East Prairie,MO,36.7789,-89.3837
Eagle Point,AL,33.3937,-86.6779
Gowanda,NY,42.4612,-78.9339
Sorgho,KY,37.7518,-87.219
Mobridge,SD,45.5409,-100.4349
Kurtistown,HI,19.586,-155.0713
Hackberry,TX,33.1501,-96.9184
Grottoes,VA,38.2691,-78.8251
Monrovia,MD,39.357,-77.2747
Crownpoint,NM,35.7173,-108.1432
Platteville,CO,40.222,-104.834
Mohnton,PA,40.2872,-75.987
Chester Heights,PA,39.8927,-75.4698
Burney,CA,40.8846,-121.6691
Philippi,WV,39.1488,-80.0417
Atoka,OK,34.386,-96.1317
Buckner,MO,39.1335,-94.1929
Lakemore,OH,41.0215,-81.4263
Taylor,AL,31.1658,-85.4697
Ocean Grove,NJ,40.2119,-74.0083
Florida,NY,41.3312,-74.3533
Wales,WI,43.0042,-88.374
North Fork,CA,37.2306,-119.5199
Delphi,IN,40.5834,-86.6668
Heritage Lake,IN,39.7288,-86.7122
Oxoboxo River,CT,41.4441,-72.1249
Lake City,GA,33.6065,-84.3411
Union City,PA,41.897,-79.8437
Cedar Grove,FL,30.1812,-85.6268
Pima,AZ,32.8886,-109.8437
Arkwright,SC,34.9131,-81.9395
Desert Hills,AZ,34.5506,-114.3754
Mount Gilead,OH,40.5532,-82.828
Lake Shastina,CA,41.5213,-122.3756
Marion,KY,37.3321,-88.0795
Brandenburg,KY,37.9956,-86.1773
Troy,NC,35.365,-79.8918
Amesti,CA,36.9583,-121.7805
Hamilton,TX,31.6997,-98.1208
Akron,NY,43.018,-78.4978
Mascot,TN,36.0673,-83.7649
North Seekonk,MA,41.8883,-71.3297
Lula,GA,34.3955,-83.6659
Lake Junaluska,NC,35.5305,-82.9749
Cutchogue,NY,41.0168,-72.4871
Statham,GA,33.9647,-83.6018
Stamford,TX,33.0156,-99.6716
Goldsby,OK,35.1308,-97.4783
Columbus,KS,37.1716,-94.844
Soperton,GA,32.3782,-82.5945
Lake City,PA,42.018,-80.3465
Diamond,IL,41.2852,-88.2507
Winner,SD,43.3776,-99.8552
Oak Trail Shores,TX,32.4885,-97.8357
Fairfield,TX,31.7183,-96.1697
Wynnewood,PA,40.0029,-75.2707
Woodlynne,NJ,39.9167,-75.0957
Galena,IL,42.4218,-90.4293
Montana City,MT,46.5257,-111.9401
Fairfield Harbour,NC,35.0706,-76.9571
Greenfield,MN,45.0997,-93.6884
Montara,CA,37.5483,-122.4923
River Bend,NC,35.0717,-77.1504
Winnebago,IL,42.2671,-89.234
McChord AFB,WA,47.133,-122.4923
New Hope,AL,34.537,-86.4128
North Browning,MT,48.5706,-113.0267
Chandler,OK,35.7224,-96.8925
Jefferson,MD,39.3653,-77.5406
Mountain View,AR,35.8635,-92.1041
Eagle Crest,OR,44.2614,-121.2995
Rothsville,PA,40.1532,-76.2473
Medina,WA,47.6273,-122.2427
Seven Fields,PA,40.6868,-80.0638
Swift Trail Junction,AZ,32.7305,-109.7148
Turley,OK,36.2472,-95.9655
Pleasureville,PA,40.0012,-76.7059
Homestead,PA,40.4073,-79.9097
Williston,SC,33.4018,-81.422
Emajagua,PR,18.0016,-65.8829
San Andreas,CA,38.1911,-120.6763
Woodville,TX,30.774,-94.4234
Mamou,LA,30.6349,-92.4179
Polk City,FL,28.1805,-81.8296
Iona,ID,43.5271,-111.931
Grissom AFB,IN,40.6585,-86.1481
Womelsdorf,PA,40.3655,-76.1864
Capitanejo,PR,18.0132,-66.5358
Vienna,GA,32.0926,-83.7868
Bicknell,IN,38.7743,-87.3078
West Simsbury,CT,41.8757,-72.845
White River Junction,VT,43.6499,-72.329
Atkins,AR,35.2414,-92.9465
Lake Helen,FL,28.983,-81.2309
Olga,FL,26.7114,-81.695
Poteet,TX,29.0373,-98.5728
Hawthorne,NV,38.5253,-118.626
Westlake,FL,26.7549,-80.2984
Cannon AFB,NM,34.3885,-103.3185
Gramercy,LA,30.061,-90.6929
Kincheloe,MI,46.2688,-84.4568
Springfield,GA,32.3636,-81.303
Lockport,LA,29.6443,-90.5324
Wimberley,TX,29.9848,-98.0906
Rogers City,MI,45.415,-83.8186
Lake Orion,MI,42.7827,-83.2453
Springfield,KY,37.6922,-85.2193
El Paso,IL,40.7405,-89.0183
Freemansburg,PA,40.628,-75.3401
Bayshore,NC,34.2893,-77.8025
Indian Hills,KY,38.2809,-85.6617
Portageville,MO,36.4295,-89.6993
Hillsville,VA,36.7613,-80.7371
Rineyville,KY,37.7501,-85.9703
Stirling,NJ,40.6782,-74.4936
Arcola,IL,39.6833,-88.3013
Hurlburt Field,FL,30.4289,-86.6989
Aspinwall,PA,40.4929,-79.9037
Fairfax,IA,41.9283,-91.7791
Brighton,TN,35.4813,-89.7353
Frisco,CO,39.5791,-106.0915
Mountain Iron,MN,47.5474,-92.6255
Clarksville,TX,33.611,-95.0563
Eutaw,AL,32.8436,-87.8986
Dodge Center,MN,44.0284,-92.8518
Pearisburg,VA,37.3289,-80.7275
Tazewell,TN,36.4625,-83.5669
Fayetteville,WV,38.0622,-81.1083
Patillas,PR,18.0069,-66.0134
Westport Village,CT,41.1428,-73.3609
Gambrills,MD,39.0927,-76.6511
Lincoln,AR,35.949,-94.4174
Bayfield,CO,37.234,-107.5952
Brent,AL,32.9421,-87.1753
Onawa,IA,42.0265,-96.0909
Wilburton,OK,34.9182,-95.3049
Providence,KY,37.3993,-87.7509
Park View,IA,41.6953,-90.5394
Shady Shores,TX,33.1632,-97.0401
Ruleville,MS,33.7245,-90.55
Brazoria,TX,29.0454,-95.567
Midway South,TX,26.1569,-98.0213
Norco,LA,29.9986,-90.4036
Arcola,VA,38.9447,-77.5307
Piedmont,MO,37.1491,-90.697
Alderton,WA,47.1728,-122.2209
Emmitsburg,MD,39.7051,-77.3217
Newton,IL,38.9872,-88.1643
Lindsay,OK,34.8393,-97.6105
South Padre Island,TX,26.1218,-97.1703
Savanna,IL,42.0904,-90.1395
Bellows Falls,VT,43.1344,-72.455
Weatogue,CT,41.8459,-72.8294
Cottondale,AL,33.1923,-87.4543
Arcanum,OH,39.9923,-84.5543
York,AL,32.4998,-88.2938
Taft,TX,27.98,-97.3928
Gray Summit,MO,38.4949,-90.8163
Loogootee,IN,38.6756,-86.914
Quarryville,PA,39.8957,-76.1617
Aromas,CA,36.8771,-121.6404
Vamo,FL,27.2219,-82.4988
Manistique,MI,45.9591,-86.2507
Eatonville,WA,46.8682,-122.2697
Harriman,NY,41.3088,-74.1445
Mondovi,WI,44.5712,-91.6668
Sabina,OH,39.4903,-83.6345
Agua Fria,NM,35.6615,-106.0149
Seagraves,TX,32.942,-102.5657
East Douglas,MA,42.0779,-71.7121
St. Helen,MI,44.3592,-84.4117
Whetstone,AZ,31.7258,-110.2746
Carthage,NC,35.3224,-79.4114
Madison,WV,38.0631,-81.8046
Emerald Lakes,PA,41.0845,-75.4154
St. Hedwig,TX,29.4197,-98.2047
Graymoor-Devondale,KY,38.2733,-85.6177
Littleton Common,MA,42.5352,-71.4727
Osage City,KS,38.6337,-95.8218
Filer,ID,42.5679,-114.6115
Marietta,OK,33.936,-97.1248
Natalbany,LA,30.5486,-90.4848
North Zanesville,OH,39.9905,-81.9982
La Paloma,TX,26.0518,-97.6552
Longtown,OK,35.2408,-95.5176
Gosnell,AR,35.9644,-89.9721
Norway,MI,45.7997,-87.914
Lima,PA,39.9194,-75.4416
Rancho Viejo,TX,26.0358,-97.5568
Hickman,NE,40.6248,-96.6307
Ford City,PA,40.7693,-79.5327
West Union,OH,38.7917,-83.5441
Roman Forest,TX,30.1811,-95.1551
Ithaca,MI,43.2911,-84.5956
Almont,MI,42.9206,-83.0434
Bath,PA,40.7279,-75.3919
Voorheesville,NY,42.6517,-73.9347
Marietta,PA,40.0574,-76.5515
Lakeside Park,KY,39.0339,-84.5673
Liberty City,TX,32.4502,-94.9439
South Hutchinson,KS,38.0278,-97.9429
Caledonia,MN,43.6344,-91.5009
Holualoa,HI,19.6548,-155.9207
Kewaunee,WI,44.4607,-87.5132
Knob Noster,MO,38.7674,-93.5617
Belle Meade,TN,36.0994,-86.8562
Marengo,IA,41.7961,-92.0675
Donalsonville,GA,31.0404,-84.8792
East Sonora,CA,37.9774,-120.3409
Pembroke,NC,34.6766,-79.1935
Santa Claus,IN,38.1168,-86.9293
Holly Lake Ranch,TX,32.7125,-95.2003
Sibley,IA,43.4015,-95.743
Federalsburg,MD,38.6929,-75.7727
Heyworth,IL,40.3138,-88.9928
Osceola,WI,45.3193,-92.6936
Lake Success,NY,40.768,-73.7089
Licking,MO,37.4993,-91.8618
Decherd,TN,35.2156,-86.0757
Murfreesboro,NC,36.4419,-77.0968
Poplarville,MS,30.8391,-89.5306
St. Henry,OH,40.421,-84.6324
Irvine,KY,37.6964,-83.9678
South Oroville,CA,39.4767,-121.5439
Cumberland Center,ME,43.7982,-70.2541
Westminster,LA,30.408,-91.0906
Montgomery City,MO,38.9737,-91.5024
Spearman,TX,36.1982,-101.1943
Rafael Gonzalez,PR,18.4264,-66.7872
South Bloomfield,OH,39.7168,-82.993
Windsor,VA,36.8095,-76.7406
Glenrock,WY,42.8565,-105.8625
Moline Acres,MO,38.7456,-90.243
Garrettsville,OH,41.2844,-81.0932
West Portsmouth,OH,38.7622,-83.0417
Davis,OK,34.4575,-97.1566
Blackhawk,SD,44.1514,-103.334
Madrid,IA,41.8757,-93.8205
Riverdale,CA,36.4304,-119.8671
Mar-Mac,NC,35.3345,-78.0545
Mayflower,AR,34.9688,-92.4224
Stockton University,NJ,39.4889,-74.5417
Fayette,MO,39.147,-92.6857
Albany,MN,45.6284,-94.5675
Skidway Lake,MI,44.1918,-84.0467
Harveys Lake,PA,41.3623,-76.0385
Kingston Springs,TN,36.0842,-87.1039
Palmas del Mar,PR,18.0922,-65.8005
Pennington,NJ,40.3262,-74.7908
Owensville,MO,38.3491,-91.4974
Watertown,FL,30.1856,-82.6026
Blaine,TN,36.1478,-83.6939
Hewitt,NJ,41.1601,-74.3311
Towanda,PA,41.7706,-76.4472
St. Marys,KS,39.1942,-96.0643
Clinton,MI,42.0699,-83.9687
Crewe,VA,37.1812,-78.1307
Munsey Park,NY,40.799,-73.6799
Grundy Center,IA,42.3637,-92.774
Fairbanks Ranch,CA,32.9919,-117.1859
Keasbey,NJ,40.5143,-74.3078
Castle Point,MO,38.7568,-90.2485
Townsend,DE,39.3968,-75.6943
Acushnet Center,MA,41.685,-70.9064
West Grove,PA,39.8206,-75.8284
Gluckstadt,MS,32.5322,-90.1034
K. I. Sawyer,MI,46.3299,-87.3673
Follansbee,WV,40.3385,-80.5975
Cape May,NJ,38.9409,-74.9042
Manchester,PA,40.0613,-76.7195
Kemmerer,WY,41.7761,-110.5555
Madison,IL,38.7024,-90.1501
Winnie,TX,29.8167,-94.3807
Postville,IA,43.0842,-91.5676
Walworth,WI,42.5305,-88.5939
Colfax,WA,46.9029,-117.34
Inverness Highlands North,FL,28.8637,-82.3766
Ester,AK,64.8646,-148.0916
De Leon Springs,FL,29.1172,-81.3517
Colonial Heights,TN,36.4853,-82.5069
Eufaula,OK,35.2923,-95.5863
Bonifay,FL,30.7786,-85.6862
Dulce,NM,36.9399,-107.0049
Jonesville,NC,36.2336,-80.8351
Verona,MS,34.1907,-88.7204
Coalfield,TN,36.0219,-84.4414
Spring Lake,NJ,40.1539,-74.0273
Coronita,CA,33.876,-117.6109
Borrego Springs,CA,33.241,-116.3571
Combine,TX,32.5914,-96.5188
Jacksboro,TN,36.3351,-84.1928
Bakerstown,PA,40.6538,-79.9394
Cokato,MN,45.077,-94.1877
New Tazewell,TN,36.4381,-83.6053
Indian Hills,TX,26.2124,-97.9165
Honeoye Falls,NY,42.9557,-77.5902
Lena,IL,42.3786,-89.8218
Ciales,PR,18.3357,-66.4723
Lexington Hills,CA,37.1617,-121.9879
West Wareham,MA,41.79,-70.755
Clarion,IA,42.732,-93.7298
Sale Creek,TN,35.3894,-85.0874
Lawai,HI,21.9204,-159.5006
Angwin,CA,38.5776,-122.4513
Milton,WV,38.433,-82.1303
Hallam,PA,40.0024,-76.6041
Pepperdine University,CA,34.0422,-118.7091
Homestead Valley,CA,34.273,-116.4146
Sunray,TX,36.0184,-101.8245
Stroud,OK,35.7686,-96.6467
Riverton,NJ,40.0115,-75.0148
Glen Rose,TX,32.2461,-97.7442
Lagrange,IN,41.6481,-85.418
Shrub Oak,NY,41.3257,-73.8296
North Beach,MD,38.708,-76.5346
Agua Dulce,CA,34.5044,-118.316
Meridian Village,CO,39.528,-104.8258
Morton,PA,39.9115,-75.3267
Wernersville,PA,40.3302,-76.0818
Evansville,WY,42.868,-106.2524
Beechwood Trails,OH,40.0251,-82.6463
Weed,CA,41.4127,-122.3816
Callender,CA,35.048,-120.576
Bushnell,IL,40.5518,-90.5046
Wisconsin Dells,WI,43.6336,-89.7752
Fennimore,WI,42.9794,-90.6491
Ocean View,DE,38.5355,-75.0984
Bartonsville,MD,39.3901,-77.3513
Mangum,OK,34.8787,-99.5038
Polkton,NC,35.0031,-80.1963
West Lafayette,OH,40.276,-81.7518
Pine Mountain Lake,CA,37.8599,-120.1844
Centreville,AL,32.9598,-87.1334
Barnesville,MN,46.6501,-96.4164
Lodi,OH,41.0348,-82.0124
Carrizales,PR,18.4811,-66.7879
Emma,NC,35.6019,-82.5958
Bagdad,AZ,34.5771,-113.1771
Rising Sun,MD,39.7003,-76.0587
Abbeville,GA,31.9925,-83.3068
Pine Ridge at Crestwood,NJ,39.9586,-74.3169
Russell Springs,KY,37.051,-85.0774
St. Clair,PA,40.7211,-76.1903
Philipsburg,PA,40.8952,-78.2146
Tainter Lake,WI,44.9882,-91.8437
West Monroe,MI,41.9143,-83.4317
Galena,KS,37.0751,-94.6354
Meadowood,PA,40.8443,-79.8939
Vinton,TX,31.9596,-106.5935
Cecil-Bishop,PA,40.3185,-80.1919
Van,TX,32.5242,-95.6373
Pine Ridge,PA,41.1355,-74.9923
Monterey,TN,36.1447,-85.2643
McLeansboro,IL,38.0902,-88.5388
New Richmond,OH,38.962,-84.2779
Middlefield,OH,41.46,-81.071
Forsyth,MO,36.686,-93.1015
Ashville,AL,33.8331,-86.2698
Centerville,IN,39.8321,-84.9922
Woodbury,TN,35.8247,-86.0723
Keego Harbor,MI,42.6088,-83.3442
Sonora,TX,30.5707,-100.6423
Hypoluxo,FL,26.5634,-80.0531
Hallettsville,TX,29.4431,-96.9435
Pleasant Valley,MO,39.2171,-94.4811
New Cordell,OK,35.2968,-98.9838
Lawson,MO,39.4361,-94.2152
New London,OH,41.0796,-82.4066
Canton,MO,40.1295,-91.5266
Citrus City,TX,26.3281,-98.3923
Campo,CA,32.6394,-116.4744
Gillette,NJ,40.6921,-74.4629
Hamilton,IL,40.39,-91.3623
Mars Hill,NC,35.8283,-82.549
Pine Lawn,MO,38.6953,-90.2757
Wareham Center,MA,41.7498,-70.7207
Lake Heritage,PA,39.8098,-77.1854
Beechwood,MI,42.7982,-86.1227
LaGrange,OH,41.2404,-82.1175
Burns,OR,43.5883,-119.0612
Potala Pastillo,PR,17.9921,-66.4966
Westmoreland,TN,36.562,-86.246
Kulpmont,PA,40.7954,-76.4721
Seward,AK,60.1124,-149.3925
Warren AFB,WY,41.1488,-104.8618
Thomaston,NY,40.7875,-73.7153
Chesterfield,IN,40.113,-85.5943
North Kingsville,OH,41.9188,-80.6723
Lakeside,MT,48.0181,-114.2274
Refugio,TX,28.3074,-97.275
Edcouch,TX,26.2937,-97.9631
Highspire,PA,40.2085,-76.7851
Morgantown,KY,37.2174,-86.7001
Delta,OH,41.5754,-84.0091
Jemison,AL,32.9696,-86.7339
Warsaw,NC,34.9994,-78.0928
Roseau,MN,48.8445,-95.7625
Delavan Lake,WI,42.5992,-88.6176
Talty,TX,32.6944,-96.4009
Dermott,AR,33.5271,-91.4323
Springdale,SC,33.9616,-81.1119
Salem,AR,34.6308,-92.5605
Chimayo,NM,35.9981,-105.9413
New Town,ND,47.989,-102.4882
Leisure Knoll,NJ,40.0186,-74.2909
Sands Point,NY,40.8528,-73.7044
Concordia,NJ,40.3125,-74.4461
Arcadia,SC,34.9609,-81.9929
Balcones Heights,TX,29.4899,-98.5503
Jay,OK,36.4271,-94.7956
Slippery Rock University,PA,41.0647,-80.0419
Island Walk,FL,26.251,-81.711
Waynesville,OH,39.5329,-84.0904
Bloomfield,IA,40.7487,-92.4174
Santa Rosa Valley,CA,34.2459,-118.9018
Essex Village,CT,41.3559,-72.3919
Lake Wazeecha,WI,44.3696,-89.7549
Luxemburg,WI,44.5447,-87.7065
Gold Key Lake,PA,41.3145,-74.9434
New Madrid,MO,36.5878,-89.5505
Swedesboro,NJ,39.7459,-75.3117
Luyando,PR,18.3575,-67.1553
Thermopolis,WY,43.6479,-108.2139
Hillsboro,KS,38.3527,-97.1992
Vernonia,OR,45.8611,-123.1834
Ross,OH,39.3146,-84.6599
Oakbrook Terrace,IL,41.8538,-87.9691
Bel-Ridge,MO,38.7129,-90.3285
West Ishpeming,MI,46.4884,-87.717
Luverne,AL,31.7186,-86.2687
East Dublin,GA,32.5468,-82.8675
La Dolores,PR,18.3725,-65.8546
Brogden,NC,35.2961,-78.025
Edgewood,FL,28.4879,-81.3771
Eminence,KY,38.3637,-85.1779
Haslet,TX,32.9609,-97.3387
Acres Green,CO,39.5557,-104.8958
Pine Ridge,SC,33.9082,-81.0977
Bayview,CA,40.7654,-124.1787
Lake Caroline,VA,37.9856,-77.5244
Girard,KS,37.5094,-94.8456
Sissonville,WV,38.5042,-81.6398
Batavia,OH,39.0815,-84.1716
Pawnee,IL,39.5937,-89.5846
Norton,KS,39.8362,-99.8916
Venetian Village,IL,42.4012,-88.0468
Vassar,MI,43.3719,-83.577
Gastonville,PA,40.2669,-80.0095
Alturas,CA,41.4898,-120.5516
East Norwich,NY,40.8495,-73.5288
Schulenburg,TX,29.682,-96.9075
Stigler,OK,35.257,-95.1181
Marionville,MO,37.002,-93.6362
Canadian Lakes,MI,43.5815,-85.2986
Bay Pines,FL,27.8139,-82.7748
La Luisa,PR,18.4488,-66.5078
Cohasset,MN,47.2389,-93.6396
East Lansdowne,PA,39.944,-75.2608
Fairview,OK,36.2705,-98.4769
University Park,NM,32.2767,-106.7462
Edneyville,NC,35.4025,-82.3372
Lovettsville,VA,39.2731,-77.64
Kennedy,CA,37.929,-121.2456
West Bishop,CA,37.3571,-118.4542
Cajah's Mountain,NC,35.8508,-81.5361
Dayton,WA,46.3168,-117.9767
Homer,LA,32.793,-93.0582
Chatfield,MN,43.8445,-92.1829
Sandusky,MI,43.4212,-82.8333
La Grange,NC,35.3064,-77.789
Evansburg,PA,40.1898,-75.434
Hampton,SC,32.8676,-81.1093
Cleveland,FL,26.9529,-81.9925
Pioneer Village,KY,38.0599,-85.68
Myrtle Point,OR,43.0617,-124.1327
Rockwell,NC,35.5538,-80.407
Brinckerhoff,NY,41.5515,-73.8654
Green Park,MO,38.5243,-90.3366
Riverview,MO,38.7442,-90.211
Sutter Creek,CA,38.3827,-120.8106
Muse,PA,40.2924,-80.2055
Haverhill,FL,26.691,-80.1217
Muncy,PA,41.2021,-76.7854
Baiting Hollow,NY,40.9582,-72.7395
East Tawas,MI,44.2884,-83.4849
Friday Harbor,WA,48.5324,-123.0657
Foley,MN,45.6636,-93.9096
Missouri Valley,IA,41.5592,-95.9028
Oronogo,MO,37.1917,-94.464
Summit,MS,31.2808,-90.467
Colwyn,PA,39.9119,-75.253
Fobes Hill,WA,47.9392,-122.1341
Plainsboro Center,NJ,40.3311,-74.5925
Arcadia,LA,32.5506,-92.9218
West Belmar,NJ,40.1707,-74.0376
Lomira,WI,43.5946,-88.4421
McCormick,SC,33.9128,-82.2876
Montpelier,ID,42.326,-111.2988
Helper,UT,39.6898,-110.8596
Tipton,MO,38.6549,-92.7803
Clayton,NM,36.4426,-103.1574
Albion,IN,41.3966,-85.4187
Mount Morris,IL,42.0484,-89.4294
Wrightsville Beach,NC,34.213,-77.798
Kalona,IA,41.4874,-91.7018
Owens Cross Roads,AL,34.5845,-86.4574
Seaville,NJ,39.2093,-74.7136
Liberty,NC,35.8555,-79.5682
Belmond,IA,42.8464,-93.6084
White Mountain Lake,AZ,34.3441,-109.9878
Central Heights-Midland City,AZ,33.4,-110.8153
Newtown,OH,39.1243,-84.3517
Hartford,AL,31.1055,-85.6916
Leavenworth,WA,47.5952,-120.6628
Woodside,PA,40.2305,-74.8606
Thruston,KY,37.7903,-87.0265
Hawarden,IA,43.0015,-96.4828
Trenton,IL,38.6083,-89.6852
Vineyard Haven,MA,41.4572,-70.607
Tompkinsville,KY,36.7012,-85.6927
Reed Creek,GA,34.4395,-82.9103
Brisas del Campanero,PR,18.4316,-66.2261
Sutter,CA,39.1556,-121.7493
Dublin,VA,37.0987,-80.6831
Wentworth,NC,36.3914,-79.751
Abita Springs,LA,30.4761,-90.0293
Dayton,OR,45.2198,-123.0781
Rushville,IL,40.1199,-90.5666
Monticello,GA,33.2955,-83.686
Sully Square,VA,38.9183,-77.4248
Marysville,PA,40.3377,-76.9337
Palermo,NJ,39.2333,-74.6859
Croswell,MI,43.2736,-82.6177
Lakehurst,NJ,40.0133,-74.3201
Odell,OR,45.6354,-121.5522
La Fayette,AL,32.8997,-85.4007
Ball Ground,GA,34.3426,-84.3637
North Pole,AK,64.7529,-147.3599
Glenville,CT,41.0351,-73.6657
Grifton,NC,35.3795,-77.4281
Weedpatch,CA,35.2369,-118.9123
Bridgeville,DE,38.7251,-75.6029
Peaceful Valley,WA,48.9507,-122.1484
Pine Mountain Club,CA,34.8446,-119.1669
Verona,PA,40.505,-79.8419
Paramount-Long Meadow,MD,39.6798,-77.6921
Hoisington,KS,38.5181,-98.7774
Strasburg,OH,40.6004,-81.5293
Stanton,TX,32.1317,-101.7927
Lincoln Beach,OR,44.8746,-124.031
Davis Junction,IL,42.1146,-89.0903
Evendale,OH,39.2509,-84.4268
Milford,NE,40.7722,-97.0535
Allyn,WA,47.3863,-122.8386
Driggs,ID,43.7299,-111.1043
Pikeville,TN,35.6027,-85.1984
Rock Rapids,IA,43.4273,-96.1662
Shawneeland,VA,39.1968,-78.3465
West Wyoming,PA,41.3216,-75.8578
Hartford,KY,37.4507,-86.893
East Bernard,TX,29.5241,-96.0622
Wilson's Mills,NC,35.5864,-78.3643
Anahuac,TX,29.7649,-94.6787
Holly Hills,CO,39.6678,-104.9216
Brinkley,AR,34.89,-91.1902
New Bremen,OH,40.4355,-84.3778
Cadiz,KY,36.8695,-87.8048
Shadybrook,TX,32.1108,-95.4212
Hyde Park,PA,40.3755,-75.924
Mountain View,MO,36.9936,-91.7019
Big Lake,WA,48.389,-122.2435
Belgium,WI,43.5018,-87.8476
Glenwood,MN,45.6521,-95.3649
Breezy Point,MN,46.6081,-94.218
White Sulphur Springs,WV,37.7981,-80.3005
Lathrop,MO,39.5567,-94.3077
Louisa,KY,38.1081,-82.6132
Columbia,CA,38.0333,-120.4096
Sleepy Hollow,CA,38.0121,-122.5878
Pemberton Heights,NJ,39.9563,-74.6768
Casselton,ND,46.8973,-97.2128
Brookville,IN,39.4231,-85.0105
Casa Conejo,CA,34.1848,-118.9445
Silver Springs,FL,29.2191,-82.0558
Bethel,OH,38.9627,-84.0846
Dillsburg,PA,40.1103,-77.0335
Yorkville,NY,43.1124,-75.2739
Indian Springs Village,AL,33.359,-86.7492
Avilla,IN,41.3637,-85.2317
Deep River Center,CT,41.3789,-72.4411
Lineville,AL,33.3129,-85.7508
University Park,MD,38.9719,-76.9445
Healdton,OK,34.2335,-97.4867
Palmer Lake,CO,39.1153,-104.906
Carleton,MI,42.0572,-83.3899
Oakland City,IN,38.3378,-87.3493
Bawcomville,LA,32.4702,-92.1736
Ninety Six,SC,34.1696,-82.0239
Lido Beach,NY,40.5911,-73.6128
Leadville,CO,39.2473,-106.2934
Huntingtown,MD,38.6117,-76.6187
Fredericktown,OH,40.4784,-82.5485
Masonville,KY,37.6718,-87.0511
Fillmore,UT,38.9642,-112.3386
Watonga,OK,35.8691,-98.4166
Overton,TX,32.2759,-94.9726
Valentine,NE,42.8758,-100.5466
Butler,IN,41.4274,-84.8721
Clifton,TN,35.3792,-87.9927
Tobaccoville,NC,36.2257,-80.359
Briarcliff,TX,30.4088,-98.0452
Montague,MI,43.4128,-86.3636
Merkel,TX,32.4698,-100.0111
West Newton,PA,40.2094,-79.7699
Ruidoso Downs,NM,33.3311,-105.5969
Paia,HI,20.9062,-156.3677
Jarrettsville,MD,39.6031,-76.4752
Waverly,VA,37.034,-77.0956
Angola,NY,42.6379,-79.0295
Belleville,WI,42.8643,-89.5402
Pembroke,GA,32.1455,-81.6185
Troy,TX,31.2,-97.3019
St. Pauls,NC,34.8086,-78.9751
East Williston,NY,40.7608,-73.6336
Boron,CA,35.0161,-117.6661
Monticello,FL,30.5423,-83.8722
Ross,CA,37.9638,-122.5615
Pottsboro,TX,33.7708,-96.6714
Belmont,PA,40.283,-78.8907
Hopewell,TN,35.2388,-84.9139
Varnell,GA,34.9015,-84.9645
Ball Pond,CT,41.4618,-73.5268
New Hope,PA,40.3615,-74.9574
New Concord,OH,39.9937,-81.7381
Hoxie,AR,36.036,-90.9736
Okolona,MS,34.0053,-88.7479
Reynoldsville,PA,41.0944,-78.8876
Eldora,IA,42.3605,-93.1013
Chamberlain,SD,43.7956,-99.3263
Leith-Hatfield,PA,39.8772,-79.7314
Adamsville,TN,35.2564,-88.3862
Sylvania,GA,32.7466,-81.6409
Forest Heights,MD,38.8052,-77.0055
Silver Creek,NY,42.5427,-79.1678
Floydada,TX,33.9835,-101.3368
Westworth Village,TX,32.7599,-97.4239
Deatsville,AL,32.5864,-86.3917
McAdoo,PA,40.9009,-75.9924
Dora,AL,33.7288,-87.0842
Richwood,WV,38.2221,-80.5363
Devola,OH,39.4738,-81.468
Derry,PA,40.3335,-79.3011
Lexington,MN,45.1381,-93.1714
Burlington,KS,38.1931,-95.7452
Mattawan,MI,42.2165,-85.7858
Berkeley Lake,GA,33.9805,-84.1839
Bonners Ferry,ID,48.6928,-116.3184
Hide-A-Way Lake,MS,30.574,-89.6418
Hudson,IA,42.4321,-92.4522
West Brattleboro,VT,42.8559,-72.6018
Pearl River,LA,30.3688,-89.7495
Lithonia,GA,33.7129,-84.106
Sugarcreek,OH,40.5076,-81.6409
Panhandle,TX,35.3461,-101.3804
Marquette Heights,IL,40.6184,-89.6048
Granite Falls,MN,44.8107,-95.5376
Charleston,AR,35.2948,-94.0484
Sheridan,IL,41.5293,-88.6804
Franklin,MI,42.5187,-83.303
Silver Lake,FL,28.8426,-81.8009
Strafford,MO,37.2689,-93.1183
Garland,UT,41.7362,-112.1627
Rockledge,PA,40.0822,-75.0898
Graceville,FL,30.9609,-85.5123
Maine,WI,45.0497,-89.6817
Seymour,TX,33.5958,-99.258
Pleasant Ridge,MI,42.4715,-83.1445
Braddock Heights,MD,39.4117,-77.4991
Stapleton,AL,30.7395,-87.7943
Inwood,WV,39.3538,-78.0552
Delmont,PA,40.4145,-79.5728
New Ellenton,SC,33.4199,-81.6826
Liverpool,NY,43.1065,-76.2095
Wolf Point,MT,48.0933,-105.6414
Piketon,OH,39.0649,-82.9986
Hennessey,OK,36.1056,-97.8989
Eastpoint,FL,29.7543,-84.8695
Osseo,MN,45.1179,-93.3991
Thorsby,AL,32.9169,-86.7203
Graysville,AL,33.6567,-86.9665
Grand Point,LA,30.0451,-90.7488
Sylva,NC,35.3754,-83.2185
Horseheads North,NY,42.1928,-76.8078
Juneau,WI,43.4053,-88.7041
Lake Arthur,LA,30.0795,-92.6773
Ashley,PA,41.2128,-75.8993
Rockdale,IL,41.5048,-88.1248
Colorado City,AZ,36.9773,-112.9869
Williamsburg,OH,39.0555,-84.0478
Cape Carteret,NC,34.6973,-77.0573
Jesup,IA,42.4746,-92.0657
Yardley,PA,40.2408,-74.8386
Allendale,SC,33.008,-81.3092
Palmhurst,TX,26.2583,-98.2953
Holley,FL,30.454,-86.9036
Telluride,CO,37.9364,-107.827
Ravenel,SC,32.778,-80.2281
Loiza,PR,18.4309,-65.8801
Sisseton,SD,45.6625,-97.0454
Delhi,LA,32.4529,-91.49
Clarkson Valley,MO,38.6255,-90.5945
Brusly,LA,30.3943,-91.2517
Henderson,GA,32.0102,-81.2655
Petersburg,IL,40.0143,-89.8452
Lovell,WY,44.8357,-108.3919
North Boston,NY,42.6773,-78.7793
Caddo Mills,TX,33.0504,-96.2279
Pelican Rapids,MN,46.57,-96.0861
Jarrell,TX,30.8103,-97.6144
Gervais,OR,45.1081,-122.8964
Marthasville,MO,38.6309,-91.0572
Lennox,SD,43.3495,-96.8937
Marshville,NC,34.9865,-80.3685
Alburtis,PA,40.509,-75.6001
West Dennis,MA,41.6666,-70.1656
Round Lake Heights,IL,42.3855,-88.1038
Hampton Beach,NH,42.914,-70.8127
Mohave Valley,AZ,34.9008,-114.5732
Kingston,WA,47.7927,-122.5078
The Plains,OH,39.3655,-82.1343
Tularosa,NM,33.0753,-106.0175
Poynette,WI,43.3922,-89.4059
North Crossett,AR,33.1707,-91.9367
Osceola,IN,41.6647,-86.0787
Eatonville,FL,28.6167,-81.3906
Holcomb,KS,37.9859,-100.9936
Haw River,NC,36.0926,-79.3615
Youngsville,NC,36.0242,-78.4816
Palisade,CO,39.1084,-108.3573
Versailles,MO,38.4333,-92.8453
Wild Peach Village,TX,29.081,-95.6372
Georgetown,CA,38.9112,-120.8356
The Hills,TX,30.3465,-97.9864
Parsons,TN,35.6513,-88.1231
Cape Neddick,ME,43.1706,-70.622
Falmouth,KY,38.6708,-84.3311
Bono,AR,35.9111,-90.8009
Center Point,IA,42.1848,-91.7798
Fairmount,IN,40.4173,-85.6477
Mineral Point,WI,42.8632,-90.1814
Erwinville,LA,30.541,-91.3885
Northeast Ithaca,NY,42.4703,-76.4623
Guyton,GA,32.341,-81.4224
Harrisburg,AR,35.5637,-90.7216
St. Paul,NE,41.2138,-98.4596
Rancho Santa Fe,CA,33.024,-117.1992
Covington,OH,40.1174,-84.3509
Mattapoisett Center,MA,41.6666,-70.8056
Rangely,CO,40.0861,-108.7795
Keeseville,NY,44.5035,-73.4812
Vergennes,VT,44.1664,-73.2557
Shelby,MI,43.6114,-86.3648
West,TX,31.8032,-97.0941
Bellevue,ID,43.4684,-114.2551
Hallowell,ME,44.2905,-69.814
South Paris,ME,44.219,-70.5113
Monroe,UT,38.623,-112.1196
Rising Sun,IN,38.9531,-84.8544
Loris,SC,34.0578,-78.8876
Wabasha,MN,44.3706,-92.042
Lapel,IN,40.0334,-85.8406
England,AR,34.5454,-91.9675
Bethlehem,WV,40.0451,-80.6898
Oak Hills,PA,40.8262,-79.9152
Lisbon,OH,40.7752,-80.7628
Tropical Park,FL,28.3805,-80.7075
Ravensworth,VA,38.8033,-77.2222
Edwards AFB,CA,34.9045,-117.9294
Roosevelt Gardens,FL,26.1406,-80.181
Cascade,IA,42.3018,-91.0048
Alamo,TN,35.783,-89.1168
Des Allemands,LA,29.8162,-90.4746
Landrum,SC,35.1747,-82.1848
Fiskdale,MA,42.1229,-72.1089
Escobares,TX,26.4119,-98.96
Brush Prairie,WA,45.725,-122.5483
Coqui,PR,17.9793,-66.2255
Gibsonburg,OH,41.3875,-83.3216
Greensboro,MD,38.9764,-75.808
Franklinton,NC,36.1012,-78.4551
Shawnee Hills,OH,39.6515,-83.7822
Sun Valley,PA,40.9801,-75.4688
Kimberling City,MO,36.6441,-93.4239
Andrews,SC,33.4494,-79.566
North Falmouth,MA,41.6394,-70.6251
Mitchellville,IA,41.6685,-93.3661
White Pine,TN,36.1087,-83.297
Sneads Ferry,NC,34.5564,-77.3824
Day Heights,OH,39.1755,-84.2275
Weatherly,PA,40.942,-75.821
Rugby,ND,48.3654,-99.9903
Oak Harbor,OH,41.5121,-83.1424
Fairlawn,VA,37.1476,-80.5567
Henagar,AL,34.6306,-85.7413
Honaunau-Napoopoo,HI,19.4538,-155.8588
Conrad,MT,48.1741,-111.9467
Carson,WA,45.7354,-121.8219
Butler,AL,32.0965,-88.2108
Chewelah,WA,48.293,-117.7336
Lawson Heights,PA,40.2938,-79.3873
Thunderbolt,GA,32.0339,-81.0479
Clarence Center,NY,43.0085,-78.6309
Rockville,IN,39.7666,-87.2295
Hermann,MO,38.6983,-91.4342
Hayward,WI,46.0094,-91.4826
New Lisbon,WI,43.8781,-90.1624
Pagedale,MO,38.6802,-90.3081
Ingenio,PR,18.4453,-66.2239
Morris,AL,33.7464,-86.8042
Bald Knob,AR,35.3123,-91.5709
Dupont,PA,41.3238,-75.7419
Cave City,KY,37.14,-85.9646
Snow Hill,MD,38.1729,-75.3903
Park Center,CO,38.4835,-105.224
Wailua,HI,22.0551,-159.3401
Fritch,TX,35.6431,-101.5964
Curwensville,PA,40.9735,-78.519
Coto Laurel,PR,18.0491,-66.5517
Kenilworth,IL,42.0888,-87.7144
Galva,IL,41.1689,-90.0375
Potosi,MO,37.9337,-90.775
Good Hope,AL,34.1102,-86.8662
Navy Yard City,WA,47.5508,-122.6655
Astatula,FL,28.7065,-81.7346
Ranger,TX,32.4693,-98.6751
Reidsville,GA,32.0871,-82.1244
Red Hill,PA,40.3771,-75.4838
Kent Acres,DE,39.1324,-75.516
Valley Hill,NC,35.2958,-82.4913
Brownsville,PA,40.0188,-79.8912
Belmont,MS,34.5046,-88.208
Pine Canyon,CA,36.1757,-121.1498
New Stanton,PA,40.2237,-79.6086
Sandstone,MN,46.1292,-92.8646
Millersburg,PA,40.5422,-76.9554
Winfield,WV,38.5292,-81.8857
Tilton,IL,40.0951,-87.6424
Clearwater,KS,37.5096,-97.4975
Brighton,IL,39.0406,-90.1408
Highlands,CA,37.5201,-122.3459
Fearrington Village,NC,35.7996,-79.0818
Meadow Glade,WA,45.7524,-122.5615
Blasdell,NY,42.7964,-78.8324
South Taft,CA,35.1293,-119.4575
Fort Pierre,SD,44.368,-100.3831
White Salmon,WA,45.7283,-121.4853
West Berlin,NJ,39.8104,-74.9407
Trinity,AL,34.6011,-87.0816
Lake Belvedere Estates,FL,26.6888,-80.1326
Chauvin,LA,29.4455,-90.5939
Bells,TN,35.7203,-89.0859
La Mesilla,NM,35.9461,-106.0719
Warden,WA,46.9672,-119.0523
Strawberry Plains,TN,36.0632,-83.6594
Lake Crystal,MN,44.1053,-94.2188
Spring Lake,MI,43.0733,-86.1944
Richmond,IL,42.4639,-88.3093
Chase City,VA,36.7998,-78.461
Sterling Ranch,CO,39.4932,-105.0475
Rock Hill,NY,41.6191,-74.5902
East Newark,NJ,40.751,-74.1623
Westbrook Center,CT,41.2811,-72.4424
Paden City,WV,39.6034,-80.9351
Meeker,CO,40.0499,-107.8947
Carrollton,IL,39.2948,-90.4062
Morrisville,VT,44.5583,-72.5933
Morrow,OH,39.35,-84.123
Dalton Gardens,ID,47.7329,-116.7696
West Branch,IA,41.6661,-91.3441
Belvidere,NJ,40.8295,-75.0728
Norton Center,MA,41.9725,-71.1854
Rheems,PA,40.1254,-76.5697
Sardis,MS,34.4355,-89.9114
Seneca,IL,41.3209,-88.5888
Weldon,CA,35.6431,-118.3102
Panorama Village,TX,30.3806,-95.4944
Ponder,TX,33.1781,-97.291
Freer,TX,27.8823,-98.6178
China Lake Acres,CA,35.6387,-117.7668
Mount Vernon,TX,33.176,-95.2253
Nicholson,MS,30.4866,-89.6997
Avoca,PA,41.3382,-75.7422
St. Leo,FL,28.3363,-82.2588
Calvert City,KY,37.0294,-88.3602
South Rosemary,NC,36.4463,-77.7065
Arlington,NY,41.6965,-73.8989
Rockville,MN,45.4654,-94.3218
Salina,UT,38.9387,-111.8652
Rouses Point,NY,44.9933,-73.3633
La Selva Beach,CA,36.9275,-121.8444
West Hammond,NM,36.6807,-108.0433
Winneconne,WI,44.1111,-88.7116
Wakarusa,IN,41.5336,-86.0137
Goose Creek Village,VA,39.0432,-77.5254
Croom,MD,38.7458,-76.7555
Johnston,SC,33.8328,-81.8051
Hernando Beach,FL,28.4753,-82.6612
Burlington,OH,38.4099,-82.5283
Nice,CA,39.1266,-122.8525
Star Valley,AZ,34.2611,-111.2197
Cayucos,CA,35.4375,-120.8846
Whittingham,NJ,40.3268,-74.4458
Burley,WA,47.4166,-122.6377
Fairfield University,CT,41.159,-73.2571
North Prairie,WI,42.9357,-88.4037
Silver Lake,OH,41.1594,-81.4606
Le Center,MN,44.3866,-93.7311
Laurel Lake,NJ,39.3265,-75.0305
Pelican Marsh,FL,26.2545,-81.7861
Buckeye Lake,OH,39.9355,-82.4825
Geistown,PA,40.2935,-78.8726
Cricket,NC,36.1688,-81.1933
De Leon,TX,32.1114,-98.5352
Nicoma Park,OK,35.4913,-97.3254
La Pine,OR,43.6869,-121.4853
Brewster,NY,41.397,-73.6151
Garden View,PA,41.2567,-77.0492
Hazen,ND,47.299,-101.6259
Woodland Beach,MI,41.9419,-83.314
Lavonia,GA,34.4341,-83.1079
Carthage,IL,40.4142,-91.1276
Herald Harbor,MD,39.0516,-76.5746
Penndel,PA,40.1551,-74.9147
Sumiton,AL,33.7502,-87.0483
Clinton,AR,35.5798,-92.4543
Munsons Corners,NY,42.5761,-76.2053
Reed City,MI,43.8725,-85.5068
Pymatuning Central,PA,41.5855,-80.4795
Enon,OH,39.8649,-83.9331
North York,PA,39.978,-76.7308
North Yelm,WA,46.9648,-122.6027
Maynardville,TN,36.247,-83.8057
Mayer,MN,44.8868,-93.8904
Altamont,IL,39.0566,-88.7477
Mosheim,TN,36.1955,-82.9655
Rainier,WA,46.8917,-122.6866
Effort,PA,40.9436,-75.439
Lake Kiowa,TX,33.5703,-97.0129
Polo,IL,41.9847,-89.5791
Ashland,PA,40.7811,-76.3451
Berkshire Lakes,FL,26.1602,-81.7274
Kings Beach,CA,39.245,-120.0203
Daingerfield,TX,33.0306,-94.725
Creola,AL,30.8906,-88.0132
Deerfield,WI,43.0491,-89.0762
Mineralwells,WV,39.1807,-81.513
Beverly,NJ,40.0652,-74.9221
Brookwood,AL,33.2398,-87.3277
Goshen,AR,36.1044,-94.0033
Council Grove,KS,38.6617,-96.4909
Newaygo,MI,43.4162,-85.8031
Ozona,TX,30.7074,-101.206
Rose Hills,CA,34.0089,-118.0419
Hudson Oaks,TX,32.7509,-97.7001
Lytle,TX,29.2342,-98.795
Zellwood,FL,28.7294,-81.5895
Waynesboro,TN,35.3235,-87.7593
Denver,NC,35.5344,-81.034
Mabton,WA,46.2116,-119.9938
Las Animas,CO,38.0695,-103.2236
Pajaro,CA,36.9017,-121.7417
Walnut Hill,TN,36.5679,-82.2655
Pine Ridge,SD,43.027,-102.5524
Landisville,PA,40.0902,-76.4064
Henry,IL,41.1172,-89.3569
Cudjoe Key,FL,24.6745,-81.4986
Piney Mountain,VA,38.1591,-78.4156
Johnsonburg,PA,41.4913,-78.6791
Portage,PA,40.3868,-78.6746
Okanogan,WA,48.3673,-119.578
Pageland,SC,34.772,-80.3897
Westhampton Beach,NY,40.8081,-72.6457
Carnation,WA,47.6443,-121.904
Paynesville,MN,45.3785,-94.7216
Owings,MD,38.7117,-76.6055
Hebron,OH,39.9644,-82.4898
Darlington,WI,42.6765,-90.1201
Milan,NM,35.1949,-107.8946
Denmark,WI,44.3493,-87.8313
Wellton,AZ,32.6401,-114.2152
Superior,AZ,33.2851,-111.1109
Abbeville,AL,31.5664,-85.2528
Ixonia,WI,43.1396,-88.5963
Guin,AL,33.9832,-87.9023
St. Croix Falls,WI,45.41,-92.6266
McQueeney,TX,29.6,-98.0439
Leonard,TX,33.3829,-96.2467
Crisfield,MD,37.984,-75.8512
Pantego,TX,32.7149,-97.1538
Lavaca,AR,35.3342,-94.1798
Tokeneke,CT,41.0619,-73.4643
Weatherby Lake,MO,39.2366,-94.6958
Hayti,PA,39.9873,-75.8454
Myersville,MD,39.5062,-77.569
Portola,CA,39.8241,-120.4733
Chilhowie,VA,36.8009,-81.6832
Jonestown,TX,30.4755,-97.9296
Cabool,MO,37.1262,-92.1032
Italy,TX,32.1857,-96.8867
Terre du Lac,MO,37.9042,-90.6168
Horseshoe Bend,AR,36.2218,-91.7396
Emsworth,PA,40.5112,-80.0966
Piperton,TN,35.0512,-89.6091
Tahoka,TX,33.164,-101.7949
Gold Beach,OR,42.3974,-124.4171
Kennesaw State University,GA,34.0379,-84.5826
Stormstown,PA,40.7889,-78.0192
Oakwood Hills,IL,42.2478,-88.2401
Kiln,MS,30.4171,-89.4322
Baldwinville,MA,42.6048,-72.0771
Ingalls,IN,39.9748,-85.8157
McColl,SC,34.6665,-79.5447
Rural Hill,TN,36.1157,-86.5145
Oakboro,NC,35.2283,-80.3339
Swepsonville,NC,36.0285,-79.3549
Lake City,AR,35.8203,-90.4547
McKinley,PA,40.0839,-75.1106
Oak Grove,VA,38.9845,-77.4174
Aviston,IL,38.6162,-89.6087
Lake Ozark,MO,38.2035,-92.6258
Sag Harbor,NY,40.9971,-72.2892
Palmer,TX,32.4258,-96.6724
Rockwell City,IA,42.3981,-94.6289
Janesville,MN,44.1198,-93.7096
Sheldon,TX,29.8596,-95.134
Louisville,GA,32.9955,-82.4001
Matoaca,VA,37.2313,-77.4679
Matamoras,PA,41.3666,-74.6997
Janesville,CA,40.2993,-120.5024
Santa Rosa,NM,34.9361,-104.6769
Warm Springs,OR,44.7669,-121.2898
Texanna,OK,35.3572,-95.5047
Mayodan,NC,36.421,-79.9675
Winamac,IN,41.0535,-86.6037
Grandy,NC,36.2341,-75.8785
Malad City,ID,42.1899,-112.2497
Junction City,KY,37.5853,-84.7903
Bloomfield,IN,39.0261,-86.9374
Lafourche Crossing,LA,29.7675,-90.7697
Claxton,GA,32.1613,-81.9094
Hughesville,PA,41.239,-76.7254
Nekoosa,WI,44.3134,-89.9073
Junction,TX,30.4906,-99.7726
Lake Placid,FL,27.3037,-81.371
Ashford,AL,31.1858,-85.2359
Plattsburg,MO,39.5644,-94.4615
Beresford,SD,43.0797,-96.7803
Sky Valley,CA,33.8913,-116.3551
East Berwick,PA,41.0657,-76.2208
Halstead,KS,37.9999,-97.5102
Dunnellon,FL,29.0572,-82.4289
Lewiston,CA,40.6969,-122.8225
Piermont,NY,41.0423,-73.9148
Midland,PA,40.6374,-80.4565
Varnville,SC,32.8521,-81.0802
Fritz Creek,AK,59.747,-151.2885
Fayetteville,PA,39.9114,-77.5652
Romoland,CA,33.7648,-117.1572
Port Allegany,PA,41.8148,-78.2769
Cedar Grove,WI,43.5682,-87.8243
Plum Grove,TX,30.2007,-95.0956
Scottsville,NY,43.0221,-77.7555
Kahuku,HI,21.6793,-157.9473
Premont,TX,27.3585,-98.1244
Garfield,TX,30.1961,-97.5514
Anchorage,KY,38.2689,-85.5364
Clayton,GA,34.8775,-83.4027
Charlevoix,MI,45.3137,-85.2558
Thorofare,NJ,39.8515,-75.1988
Vista Santa Rosa,CA,33.6226,-116.2126
Gloverville,SC,33.5274,-81.8144
Aberdeen,ID,42.9441,-112.8384
Kiefer,OK,35.9442,-96.0529
Bennington,NE,41.3682,-96.1616
Fruitland,NC,35.3928,-82.4119
Belvedere,CA,37.8735,-122.4662
Woodsfield,OH,39.7631,-81.1169
Poland,OH,41.022,-80.6156
Anderson,MO,36.6532,-94.4441
New Orleans Station,LA,29.8314,-90.0211
Hinton,WV,37.6652,-80.8828
Christopher,IL,37.9707,-89.0531
Riverview,DE,39.0293,-75.5202
Belle Plaine,IA,41.8954,-92.2751
Chesaning,MI,43.1851,-84.12
Brooklyn,IN,39.5461,-86.3703
Elysburg,PA,40.868,-76.5492
Coudersport,PA,41.7758,-78.016
Fairmont,IL,41.5614,-88.0587
St. Ignace,MI,45.8694,-84.7258
Benton,LA,32.6907,-93.7401
Houston,MO,37.3212,-91.961
Moriches,NY,40.807,-72.8235
Lipscomb,AL,33.426,-86.9261
Lincoln Park,NY,41.9566,-74.0018
Neuse Forest,NC,34.966,-76.94
Easton,CA,36.6524,-119.7908
Cordova,AK,60.5347,-145.6087
Holiday Island,AR,36.4762,-93.7343
Pretty Bayou,FL,30.1976,-85.6974
Hardinsburg,KY,37.7755,-86.4537
Prince Frederick,MD,38.544,-76.5879
New London,IA,40.9231,-91.4012
Union,OR,45.2089,-117.8679
Delcambre,LA,29.9516,-91.9916
Tool,TX,32.2803,-96.1725
Red Lodge,MT,45.1933,-109.2501
Flora,MS,32.5433,-90.3141
Lake Meade,PA,39.9835,-77.0422
Maxton,NC,34.7365,-79.3527
Jamestown West,NY,42.0885,-79.281
Mendenhall,MS,31.9609,-89.8692
Calabash,NC,33.8957,-78.5514
Amboy,IL,41.7287,-89.3685
Sterling,KS,38.2094,-98.2064
Gold Bar,WA,47.8563,-121.6921
Poydras,LA,29.8626,-89.8877
Cedaredge,CO,38.8941,-107.9255
Belleair Bluffs,FL,27.9198,-82.8191
Stonewall,LA,32.2716,-93.8099
Kings Bay Base,GA,30.7985,-81.5628
West Union,IA,42.9589,-91.813
Phoenix,NY,43.2316,-76.2961
New Boston,OH,38.7516,-82.9351
Elk Point,SD,42.6812,-96.6805
Laurel Park,NC,35.3118,-82.5039
Ben Bolt,TX,27.6659,-98.0967
Greensboro,AL,32.7014,-87.595
Idalou,TX,33.6624,-101.6838
Cumberland,WI,45.5358,-92.0291
Big Sky,MT,45.2592,-111.3426
Adamstown,PA,40.2417,-76.0608
Richlands,NC,34.9003,-77.5427
Taylorsville,NC,35.9175,-81.1754
Delmar,DE,38.4651,-75.5553
Bourg,LA,29.557,-90.6064
Cheney,KS,37.6353,-97.7797
Lauderdale,MN,44.9942,-93.2026
Spring Arbor,MI,42.2055,-84.5551
Hudson,MI,41.8569,-84.3451
Falling Waters,WV,39.5637,-77.8875
Coopersburg,PA,40.5102,-75.3915
Window Rock,AZ,35.6705,-109.0639
Bridgman,MI,41.9396,-86.5652
Fredonia,WI,43.4715,-87.949
Gunter,TX,33.4647,-96.7646
Maurice,LA,30.1042,-92.1211
Adamstown,MD,39.307,-77.4692
Spruce Pine,NC,35.9104,-82.0731
Madelia,MN,44.0482,-94.4199
Westby,WI,43.653,-90.8584
Holyoke,CO,40.582,-102.2975
Carlton,OR,45.2945,-123.1753
Sparta,MO,37.0019,-93.0843
Pine Beach,NJ,39.9359,-74.17
Lake Lotawana,MO,38.902,-94.2626
Bridgeport,AL,34.9496,-85.7243
Valle Vista,AZ,35.4109,-113.8627
Yanceyville,NC,36.4101,-79.3356
Andalusia,PA,40.0696,-74.9713
Woodcreek,TX,30.0266,-98.1115
Manchester,MI,42.1483,-84.0346
Bryant,WA,48.24,-122.1638
Villa Grove,IL,39.8645,-88.16
Pocasset,MA,41.6877,-70.6195
Twain Harte,CA,38.0384,-120.234
Four Oaks,NC,35.4449,-78.4159
Blue Mound,TX,32.8543,-97.3383
Lewisville,WA,45.8128,-122.5143
Long Neck,DE,38.6205,-75.1529
East Ithaca,NY,42.4276,-76.4612
Loma Rica,CA,39.3204,-121.4038
Middlebranch,OH,40.8967,-81.3322
Bayard,NM,32.7579,-108.1337
Kalkaska,MI,44.7318,-85.1834
Carthage,TN,36.2566,-85.943
Bay,AR,35.7456,-90.5546
Remlap,AL,33.8049,-86.597
Quitman,TX,32.7954,-95.4436
Elmwood Place,OH,39.1855,-84.4891
Como,WI,42.6126,-88.4858
Edgemont Park,MI,42.7468,-84.5926
Prairie Creek,AR,36.3412,-94.0602
Tullytown,PA,40.1401,-74.8107
Marlborough,MO,38.5683,-90.3392
Perezville,TX,26.2456,-98.4024
Center Point,NM,36.872,-107.9551
Perryman,MD,39.4632,-76.212
Wellsburg,WV,40.281,-80.6102
Nixon,TX,29.2698,-97.7658
Kinder,LA,30.4835,-92.8508
Staples,MN,46.369,-94.8019
Excelsior,MN,44.9025,-93.5663
Manahawkin,NJ,39.6931,-74.2495
Coventry Lake,CT,41.7732,-72.3299
Argentine,MI,42.7905,-83.8356
Cambridge Springs,PA,41.802,-80.0598
Spring Valley,MN,43.6888,-92.3897
South Greensburg,PA,40.2783,-79.5473
Kualapuu,HI,21.1564,-157.0591
Coal Creek,CO,39.9071,-105.3799
Dennison,OH,40.3973,-81.3274
Carlisle,KY,38.3163,-84.0333
Roaring Spring,PA,40.3348,-78.3958
Fairmont City,IL,38.6504,-90.1024
White Hall,IL,39.4388,-90.402
Coaldale,PA,40.8197,-75.9161
Honokaa,HI,20.0776,-155.4644
Woodworth,LA,31.1656,-92.5098
Kenly,NC,35.5885,-78.137
Mount Union,PA,40.3846,-77.8822
Siena College,NY,42.719,-73.75
Horse Cave,KY,37.1738,-85.9146
Halesite,NY,40.8863,-73.4138
Centreville,MS,31.087,-91.0655
New Chicago,IN,41.5587,-87.2718
Toftrees,PA,40.8249,-77.885
Ranchos de Taos,NM,36.3619,-105.6016
Ocala Estates,FL,29.2018,-82.3098
Atkins,IA,41.9943,-91.8585
Colonial Pine Hills,SD,44.0141,-103.3146
Ferdinand,IN,38.227,-86.8631
Wesson,MS,31.6999,-90.3961
East Oakdale,CA,37.7855,-120.8009
Loop,PA,40.4229,-78.3649
Granby,MO,36.918,-94.2607
Fulton,KY,36.5145,-88.882
West Hill,OH,41.2299,-80.5269
Alta,IA,42.6717,-95.3045
Lithopolis,OH,39.8112,-82.8155
Lakeland,NY,43.0909,-76.2427
Elk Creek,KY,38.117,-85.3722
Greenbriar,FL,28.0111,-82.7523
King Arthur Park,MT,45.6663,-111.1268
Conesus Lake,NY,42.7756,-77.7135
Aberdeen Proving Ground,MD,39.4672,-76.1308
Cumings,TX,29.5836,-95.7966
Bentleyville,PA,40.1178,-80.0044
Fort Hall,ID,43.0144,-112.4572
Connelly Springs,NC,35.755,-81.4971
Leonardo,NJ,40.419,-74.0599
Penn Farms,PA,40.416,-78.4134
Antlers,OK,34.2329,-95.6229
Grenelefe,FL,28.0579,-81.5538
Deenwood,GA,31.2477,-82.3677
Havana,FL,30.6298,-84.4135
The Hideout,PA,41.4398,-75.3478
Eleele,HI,21.9087,-159.5802
Stephens City,VA,39.0902,-78.223
North Rock Springs,WY,41.6698,-109.2714
Cetronia,PA,40.5856,-75.5438
Aliceville,AL,33.1237,-88.1593
Gibbsboro,NJ,39.8333,-74.9657
Blanco,TX,30.0987,-98.4169
Demorest,GA,34.5648,-83.5424
Royston,GA,34.2861,-83.1106
Aristocrat Ranchettes,CO,40.1096,-104.7549
Temple,PA,40.4084,-75.9225
Ben Avon,SC,34.9328,-81.8763
Dyer,TN,36.071,-88.9921
Willow Grove,TX,31.5591,-97.296
Pierre Part,LA,29.9555,-91.2073
Mount Holly Springs,PA,40.1126,-77.1854
Point of Rocks,MD,39.2782,-77.5291
Clifton Gardens,NY,42.8474,-73.7838
Campo Rico,PR,18.3391,-65.8943
El Cenizo,TX,27.3318,-99.5028
Encantada-Ranchito-El Calaboz,TX,26.0338,-97.6337
Koloa,HI,21.9031,-159.4611
Fairmont,NC,34.4947,-79.1136
Sabetha,KS,39.913,-95.7913
Elmendorf,TX,29.258,-98.3218
Timberline-Fernwood,AZ,35.3168,-111.5507
Warsaw,VA,37.9603,-76.761
Kure Beach,NC,34.0004,-77.9076
Lake Mary Jane,FL,28.3854,-81.1709
Chinchilla,PA,41.4846,-75.666
Frazier Park,CA,34.8118,-118.9549
Dudley,NC,35.2661,-78.0382
Essex Fells,NJ,40.8271,-74.2798
Dunkirk,MD,38.7156,-76.673
Preston Heights,IL,41.4951,-88.0809
Helmetta,NJ,40.3777,-74.4238
Wells,MN,43.7427,-93.7281
Lynnwood-Pricedale,PA,40.1304,-79.8514
Drumright,OK,35.9905,-96.5977
Neillsville,WI,44.5605,-90.5906
Canadian,TX,35.9096,-100.3838
Glen Rock,PA,39.7935,-76.7307
Warson Woods,MO,38.6068,-90.3912
Center,CO,37.7512,-106.1105
Hartford,MI,42.2047,-86.1661
Neodesha,KS,37.4241,-95.6848
Maggie Valley,NC,35.5241,-83.0636
Old River-Winfree,TX,29.8745,-94.8268
Seneca Knolls,NY,43.1201,-76.2873
Spencer,IN,39.2862,-86.7725
Whitney,TX,31.952,-97.3192
Monroe Manor,NJ,40.2591,-74.4743
Park Falls,WI,45.9348,-90.4464
Bridgeport,WA,48.0069,-119.6726
Three Rivers,CA,36.4334,-118.8885
Virginia Gardens,FL,25.8095,-80.2974
Topton,PA,40.5031,-75.7023
Macopin,NJ,41.0336,-74.3828
Wray,CO,40.0802,-102.2284
Aragon,GA,34.0458,-85.057
Apalachicola,FL,29.7283,-84.994
Hooks,TX,33.4707,-94.2842
Fox Lake Hills,IL,42.4127,-88.127
Parkside,PA,39.8674,-75.378
Harlan,KY,36.8433,-83.3184
Gumlog,GA,34.495,-83.0975
New Llano,LA,31.097,-93.2767
East Bronson,FL,29.4593,-82.5905
Richwood,OH,40.4274,-83.2951
Feasterville,PA,40.154,-74.9915
Chester,WV,40.6129,-80.5628
Liberty,PA,40.3243,-79.859
Imperial,PA,40.4536,-80.2499
Cosmopolis,WA,46.954,-123.7726
Charleston,MS,34.0075,-90.0552
Palmview South,TX,26.2083,-98.3779
Cibecue,AZ,34.0332,-110.4854
Tremont,IL,40.5253,-89.4888
Marist College,NY,41.7222,-73.9333
Linden,AZ,34.2625,-110.1424
Spring City,TN,35.6881,-84.8622
Westover,AL,33.3684,-86.5346
Castle Rock,WA,46.2708,-122.905
Arlington,MN,44.6083,-94.0768
Gap,PA,39.9888,-76.0212
Black Canyon City,AZ,34.071,-112.122
Crossville,AL,34.2852,-85.9996
Buchanan,NY,41.2642,-73.9468
Mission Canyon,CA,34.4549,-119.7121
Hamilton City,CA,39.7427,-122.011
Brooklet,GA,32.3897,-81.6668
Privateer,SC,33.8169,-80.3946
Pleasantdale,NJ,40.8061,-74.2713
Port Barre,LA,30.5565,-91.9565
Spring Mount,PA,40.2757,-75.4646
Salado,TX,30.947,-97.529
Masury,OH,41.2083,-80.5378
New Wilmington,PA,41.1174,-80.3322
Trinity,TX,30.9445,-95.3736
Anchor Point,AK,59.7703,-151.7052
Flandreau,SD,44.0465,-96.5983
Icard,NC,35.7253,-81.4581
Cedar Crest,MA,42.0764,-70.6613
Union,MS,32.5711,-89.1152
Ten Mile Run,NJ,40.4218,-74.589
Thayer,MO,36.5223,-91.5408
Hanapepe,HI,21.9141,-159.5874
Maunawili,HI,21.3667,-157.7713
Sand Hill,PA,40.3614,-76.4217
Estill,SC,32.7538,-81.2412
Hinckley,IL,41.7714,-88.6397
Fowler,IN,40.617,-87.3185
North Conway,NH,44.0415,-71.1224
Mount Zion,GA,33.6408,-85.1803
Lake Katrine,NY,41.9862,-73.9893
Shiner,TX,29.4332,-97.1734
Crooksville,OH,39.769,-82.0956
Bowdon,GA,33.5378,-85.254
Trucksville,PA,41.31,-75.9281
Wayne,IL,41.9494,-88.2584
Whidbey Island Station,WA,48.3387,-122.6616
Piru,CA,34.4064,-118.8019
Bowling Green,FL,27.638,-81.8244
Bedford Hills,NY,41.2361,-73.6964
Boutte,LA,29.8825,-90.3935
Terrace Park,OH,39.1584,-84.3112
North Beach Haven,NJ,39.6008,-74.2123
Haynesville,LA,32.9667,-93.1376
Bluewell,WV,37.3144,-81.258
Lake Village,AR,33.3287,-91.2847
Hughesville,MD,38.5376,-76.7748
New Miami,OH,39.4319,-84.5399
Inez,TX,28.8718,-96.7959
Jaguas,PR,18.3074,-66.4777
Howey-in-the-Hills,FL,28.7098,-81.7798
White Castle,LA,30.1611,-91.1495
McDonald,PA,40.3701,-80.2324
Arnold,CA,38.2465,-120.3479
New Glarus,WI,42.8132,-89.6337
Plainview,TN,36.1807,-83.7933
Harrison,MI,44.0168,-84.808
English Creek,NJ,39.3795,-74.6481
Glasco,NY,42.0454,-73.9477
Mountain City,TN,36.4696,-81.8049
Malone,FL,30.9589,-85.1622
Bethlehem Village,CT,41.6401,-73.2031
Pojoaque,NM,35.8962,-106.0105
Fort Plain,NY,42.9316,-74.6278
Hoopa,CA,41.0803,-123.6972
Messiah College,PA,40.1576,-76.9839
Stonewood,WV,39.2502,-80.3054
Melrose Park,PA,40.0618,-75.1318
Jemez Pueblo,NM,35.6066,-106.7333
Guilford Center,CT,41.2818,-72.6763
Montgomery,TX,30.3921,-95.6958
Clayton,AL,31.8823,-85.4605
Trowbridge Park,MI,46.5565,-87.4417
Rio Verde,AZ,33.7278,-111.674
Pelican Bay,TX,32.9227,-97.5189
Huntington,UT,39.3302,-110.9628
Eureka,KS,37.8261,-96.289
Mangonia Park,FL,26.7586,-80.0761
Ault,CO,40.5893,-104.7392
Newport,WA,48.1781,-117.0546
Marceline,MO,39.7167,-92.9473
Jasonville,IN,39.1622,-87.1998
Eureka Springs,AR,36.4105,-93.745
Bluff City,TN,36.4589,-82.2768
Brownville,NJ,40.4014,-74.2959
Lake Mack-Forest Hills,FL,29.0007,-81.424
Mullens,WV,37.5812,-81.3855
Walla Walla East,WA,46.046,-118.3033
Gladeville,TN,36.1158,-86.4316
Oakwood,PA,41.0111,-80.3792
McCleary,WA,47.0584,-123.2723
Lisbon,ND,46.4385,-97.6841
Kouts,IN,41.3172,-87.0266
Pendergrass,GA,34.1646,-83.6827
Edisto,SC,33.4777,-80.8999
Cross City,FL,29.6386,-83.1248
Plainfield Village,CT,41.6766,-71.925
Monte Alto,TX,26.3744,-97.9727
Vale,OR,43.984,-117.2418
Mount Vernon,KY,37.3654,-84.3401
Biscoe,NC,35.3585,-79.7816
Electra,TX,34.0325,-98.92
Commerce,OK,36.9349,-94.8615
Eastport,NY,40.8402,-72.7285
Hollandale,MS,33.1761,-90.8529
Rivanna,VA,37.9945,-78.3788
Casey,IL,39.3031,-87.9897
Elgin,SC,34.6724,-80.7215
Jonesville,MI,41.9785,-84.6656
Shadeland,IN,40.3509,-86.9622
Copper Canyon,TX,33.0962,-97.0976
Richland,MO,37.861,-92.3993
Bellevue,IA,42.2624,-90.4318
Elmwood,IL,40.7804,-89.9662
Biggs,CA,39.4102,-121.7134
Coaling,AL,33.1641,-87.3534
Crosby,MN,46.4892,-93.9573
Saugerties South,NY,42.0606,-73.9522
Manatee Road,FL,29.5145,-82.9192
Dry Ridge,KY,38.6838,-84.6005
Watts Mills,SC,34.5164,-81.9856
Louisa,VA,38.0212,-77.9986
Alpha,NJ,40.6598,-75.1571
Carbon Cliff,IL,41.4981,-90.3917
Wenonah,NJ,39.7913,-75.1486
Kensington,MD,39.0269,-77.0736
Hull,IA,43.1894,-96.1342
Riverside,AL,33.6171,-86.2042
Fairfield Bay,AR,35.605,-92.2659
Campbell,FL,28.2603,-81.4525
Surgoinsville,TN,36.4745,-82.8593
Boronda,CA,36.6947,-121.6745
Creston,OH,40.9768,-81.8999
Volga,SD,44.3219,-96.9219
Brooks,KY,38.0656,-85.7177
Winterville,GA,33.9666,-83.2815
Kearny,AZ,33.0564,-110.9074
Blackwater,AZ,33.0396,-111.5798
Westminster,SC,34.6656,-83.0911
Homerville,GA,31.0385,-82.742
Olivia,MN,44.777,-94.9971
Weyers Cave,VA,38.2844,-78.9125
Regency at Monroe,NJ,40.3208,-74.3862
Jamestown,OH,39.6599,-83.7424
Lake Summerset,IL,42.4519,-89.3986
Santo Domingo,PR,18.0719,-66.7459
St. Paris,OH,40.127,-83.9644
Marcus Hook,PA,39.8131,-75.4165
Pequot Lakes,MN,46.5875,-94.2983
Marked Tree,AR,35.5251,-90.4252
Vista Center,NJ,40.1585,-74.3227
Star City,AR,33.9408,-91.8399
Newtown,PA,40.2289,-74.9323
Cumberland,KY,36.9824,-82.992
Camanche Village,CA,38.2662,-120.9866
Kellogg,ID,47.5371,-116.142
Townsend,MT,46.3192,-111.5197
Memphis,TX,34.7268,-100.5416
Ogdensburg,NJ,41.0769,-74.5973
Detroit Beach,MI,41.9314,-83.3294
Redfield,SD,44.8725,-98.5187
Salmon Brook,CT,41.9575,-72.7919
Kamas,UT,40.6499,-111.2723
Sumner,IL,38.7196,-87.872
Olmos Park,TX,29.4749,-98.4866
Anthony,KS,37.1588,-98.0418
Malakoff,TX,32.1727,-96.0163
Melbourne,AR,36.0638,-91.882
Reinholds,PA,40.2697,-76.1218
Lewiston,UT,41.9619,-111.8799
Sparks,GA,31.1693,-83.4405
Newton,TX,30.8503,-93.7536
Glade Spring,VA,36.7899,-81.7726
Southern Gateway,VA,38.3489,-77.5036
Jean Lafitte,LA,29.7495,-90.1036
Godley,TX,32.455,-97.5302
Sharon,MS,31.7922,-89.0983
Shadow Lake,WA,47.4017,-122.0763
Heidelberg,TX,26.1831,-97.885
Doniphan,MO,36.6234,-90.8219
Kershaw,SC,34.5462,-80.5873
Byesville,OH,39.9733,-81.5459
Heceta Beach,OR,44.0248,-124.1208
Cloverdale,IN,39.5211,-86.7995
Valencia,NM,34.8053,-106.6868
Susquehanna Trails,PA,39.7584,-76.3684
Corrigan,TX,30.9988,-94.8274
Water Mill,NY,40.9222,-72.3533
Greensburg,KY,37.2599,-85.4962
Aitkin,MN,46.5262,-93.7056
Denver,IA,42.6683,-92.335
Willamina,OR,45.0784,-123.4848
Pegram,TN,36.1037,-87.0565
Gassville,AR,36.2849,-92.4869
Duquesne,MO,37.0709,-94.4567
Garyville,LA,30.0688,-90.6285
Massanutten,VA,38.4115,-78.727
Trion,GA,34.548,-85.3114
Stallion Springs,CA,35.0922,-118.6586
Flora Vista,NM,36.804,-108.0876
Riverview,SC,35.0119,-80.9828
Pink,OK,35.2327,-97.1
Pine Grove,PA,40.5535,-76.386
Geneva,NE,40.5308,-97.5974
Nokomis,IL,39.3002,-89.2851
Eddystone,PA,39.8566,-75.3342
Culver,OR,44.5234,-121.211
Brewster Hill,NY,41.4229,-73.6069
Raoul,GA,34.4548,-83.5996
Piedra Gorda,PR,18.4342,-66.8861
Indian River,MI,45.4235,-84.6236
Springfield,MN,44.2372,-94.9819
Elberta,AL,30.3855,-87.5888
Wofford Heights,CA,35.7127,-118.4731
Jacobus,PA,39.8825,-76.7121
Leesport,PA,40.4451,-75.9684
New Union,TN,35.534,-86.0832
Ware Shoals,SC,34.3894,-82.239
East Cleveland,TN,35.1524,-84.8541
Tioga Terrace,NY,42.0508,-76.1198
Spiro,OK,35.241,-94.6237
Hurlock,MD,38.6268,-75.864
San Antonio,PR,18.4391,-66.9321
Spooner,WI,45.8271,-91.886
Merriam Woods,MO,36.7179,-93.1715
Pulaski,NY,43.5653,-76.1268
Winters,TX,31.9564,-99.9292
Many,LA,31.566,-93.4773
Judson,SC,34.8335,-82.4272
Burnt Store Marina,FL,26.7645,-82.0507
North Spearfish,SD,44.5107,-103.9045
Lebanon Junction,KY,37.8357,-85.7243
Sells,AZ,31.9202,-111.8775
Oak Grove,MS,31.2867,-89.4145
Geneva,WA,48.7446,-122.4043
Uhland,TX,29.9627,-97.7952
Beaver Lake,NE,40.923,-95.885
Clatskanie,OR,46.1047,-123.2045
Perry,MI,42.8195,-84.232
Madison,NC,36.3868,-79.975
Oliver,PA,39.9153,-79.7212
Ridgetop,TN,36.4044,-86.7681
Shinnston,WV,39.3923,-80.2989
East Quincy,CA,39.9165,-120.9189
Fort Montgomery,NY,41.3415,-73.9846
Burns Harbor,IN,41.6187,-87.1257
Bertsch-Oceanview,CA,41.7524,-124.1594
Bayou L'Ourse,LA,29.7174,-91.0607
Constantine,MI,41.8378,-85.665
Kiawah Island,SC,32.6157,-80.0613
Wheeler AFB,HI,21.4756,-158.0352
Llano Grande,TX,26.1309,-97.9687
Granby,CO,40.0647,-105.9194
San Jose,PR,18.4029,-66.2492
Desoto Lakes,FL,27.3781,-82.4951
Horse Pasture,VA,36.6313,-79.9515
Parcelas de Navarro,PR,18.2301,-66.0043
Gates Mills,OH,41.5316,-81.41
Montz,LA,30.0168,-90.4634
Orleans,IN,38.6615,-86.4517
Bodfish,CA,35.5765,-118.4764
Cowarts,AL,31.2034,-85.3057
Cass City,MI,43.6007,-83.1767
Windy Hills,KY,38.2702,-85.6378
Wrightsville,PA,40.0239,-76.5312
Shingletown,CA,40.5035,-121.86
Gordon,GA,32.8866,-83.3349
Drew,MS,33.8101,-90.5304
Ord,NE,41.5993,-98.9166
La Plata,NM,36.8952,-108.2003
Cambridge,IL,41.2984,-90.1907
Concordia,MO,38.9878,-93.5683
Bronson,MI,41.8727,-85.1915
Imperial,NE,40.5145,-101.6374
Bladenboro,NC,34.5407,-78.795
East Uniontown,PA,39.896,-79.6976
Collins,MS,31.6469,-89.5669
Bellerose Terrace,NY,40.7221,-73.7252
Solomons,MD,38.337,-76.4604
Utica,OH,40.2335,-82.441
South Roxana,IL,38.812,-90.0612
Waterloo,IN,41.4327,-85.0347
Tavernier,FL,25.0188,-80.5132
River Heights,UT,41.7221,-111.8193
Chuluota,FL,28.638,-81.1159
San Ysidro,NM,32.3568,-106.8129
Marfa,TX,30.3107,-104.0255
Wilber,NE,40.481,-96.9645
Hamlin,TX,32.8898,-100.1329
St. Marys,WV,39.4023,-81.1951
Pecatonica,IL,42.3086,-89.3577
Lakeview,CA,33.8285,-117.1233
West Branch,MI,44.2737,-84.2362
Fremont,IN,41.728,-84.9396
Montclair State University,NJ,40.866,-74.1984
Graniteville,SC,33.5646,-81.8078
Carlisle,AR,34.7947,-91.7361
Kinsey,AL,31.2926,-85.3353
Prestbury,IL,41.7848,-88.4225
Lake Odessa,MI,42.7824,-85.1374
Guntown,MS,34.4447,-88.6641
Ridgeway,AK,60.5305,-151.0301
Clearlake Oaks,CA,39.0218,-122.6593
Raceland,KY,38.5376,-82.7344
Barnum Island,NY,40.605,-73.6437
Pine Crest,TN,36.2965,-82.3106
Midway,GA,31.8003,-81.419
Zion,PA,40.9167,-77.6908
Walters,OK,34.3612,-98.3568
Stevensville,MT,46.5111,-114.0788
Carrington,ND,47.452,-99.1307
Greenport West,NY,41.0989,-72.3734
Brundidge,AL,31.7182,-85.8178
La Porte City,IA,42.3137,-92.1913
Moore Haven,FL,26.8338,-81.0984
Northwood,IA,43.4441,-93.216
Trexlertown,PA,40.5523,-75.6039
Edmonton,KY,36.9854,-85.6192
Uvalde Estates,TX,29.1695,-99.8329
Leslie,MI,42.4508,-84.4334
Splendora,TX,30.2324,-95.1616
Monserrate,PR,18.4367,-66.3579
Clio,MI,43.1773,-83.7355
Kingsbury,NV,38.9909,-119.8837
Pacolet,SC,34.9102,-81.7662
Carlin,NV,40.719,-116.1081
Westport,WA,46.8917,-124.1118
Ramapo College of New Jersey,NJ,41.0814,-74.175
Liborio Negron Torres,PR,18.0431,-66.9426
Middletown,IN,40.0595,-85.5423
Badin,NC,35.4071,-80.1184
Sour Lake,TX,30.1378,-94.4046
Aguas Claras,PR,18.2447,-65.6662
Santo Domingo Pueblo,NM,35.5175,-106.367
Catlin,IL,40.0677,-87.708
Lusby,MD,38.362,-76.4372
Amelia,LA,29.6645,-91.1072
Seminole Manor,FL,26.5836,-80.1014
New Market,VA,38.6459,-78.6709
Sumner,IA,42.8498,-92.097
Lake Placid,NY,44.2838,-73.9853
Blacksburg,SC,35.122,-81.5182
Bellevue,IL,40.6877,-89.6731
Elkton,KY,36.8134,-87.161
McConnelsville,OH,39.6568,-81.8467
Yale,MI,43.1277,-82.7972
Colstrip,MT,45.8943,-106.628
Hooverson Heights,WV,40.3189,-80.5825
Jamestown,TN,36.4319,-84.9341
Mont Clare,PA,40.1378,-75.4983
Knightstown,IN,39.7959,-85.5312
Harbor,OR,42.0385,-124.2516
Tchula,MS,33.1831,-90.2232
Kimball,NE,41.2335,-103.6513
Lyford,TX,26.4145,-97.7894
Timmonsville,SC,34.1334,-79.9408
South Pottstown,PA,40.2367,-75.6599
Crooked Lake Park,FL,27.8293,-81.5897
Riverbend,WA,47.4653,-121.7493
Everett,PA,40.0132,-78.3666
Shavertown,PA,41.3188,-75.9404
North Newton,KS,38.0766,-97.3475
Morenci,MI,41.7226,-84.2169
Manhattan,MT,45.8622,-111.3344
Navassa,NC,34.2831,-78.0291
Custer,SD,43.7668,-103.6006
New Eagle,PA,40.2063,-79.9532
Governors Village,NC,35.8519,-79.0258
Falmouth Foreside,ME,43.7348,-70.2152
Washington Mills,NY,43.0478,-75.2809
Hope Valley,RI,41.5151,-71.7201
Oak Hill,FL,28.878,-80.8347
Maineville,OH,39.3126,-84.1986
Oriole Beach,FL,30.367,-87.0955
Corazon,PR,17.994,-66.0833
Athens,IL,39.9618,-89.7217
Cologne,MN,44.7696,-93.7931
Mulino,OR,45.2234,-122.5617
South Gull Lake,MI,42.3901,-85.4008
Houserville,PA,40.8266,-77.8226
Hayti,MO,36.2323,-89.7475
Enterprise,OR,45.4258,-117.2789
Choctaw Lake,OH,39.9609,-83.4874
Ellis,KS,38.9346,-99.5568
Bethel Island,CA,38.0289,-121.6404
Adams,WI,43.9554,-89.8169
Slater,MO,39.2227,-93.065
Merrionette Park,IL,41.6812,-87.7012
Coal Grove,OH,38.4977,-82.6423
Crompond,NY,41.2907,-73.8357
Burnsville,NC,35.9163,-82.2977
Caruthers,CA,36.5399,-119.845
Pleak,TX,29.4842,-95.8119
Petersburg,IN,38.4919,-87.281
Elwood,IL,41.4118,-88.1345
Calwa,CA,36.7137,-119.7607
La Fermina,PR,18.1744,-65.8526
San Augustine,TX,31.5296,-94.1108
Lordsburg,NM,32.3438,-108.7021
Seneca,KS,39.838,-96.0696
Bohners Lake,WI,42.6241,-88.2879
South Zanesville,OH,39.9036,-82.0179
Spencer,WV,38.8024,-81.3531
Smackover,AR,33.3636,-92.7314
Green Meadows,OH,39.8672,-83.9454
Sorrento,LA,30.1828,-90.8674
Kohler,WI,43.7364,-87.7795
Central Square,NY,43.286,-76.1419
Richgrove,CA,35.7966,-119.1069
Bokeelia,FL,26.68,-82.1409
Enetai,WA,47.5885,-122.6054
Mulberry,NC,36.2257,-81.1653
Williamsport,MD,39.5973,-77.818
Navajo,NM,35.9024,-109.0321
Phillipsburg,KS,39.7512,-99.321
Fern Prairie,WA,45.637,-122.3963
Bressler,PA,40.2319,-76.819
Columbus Junction,IA,41.2792,-91.364
Jackson,KY,37.5589,-83.3783
Odem,TX,27.9462,-97.5875
Southmont,PA,40.3108,-78.9327
Sullivan's Island,SC,32.7684,-79.8355
Putnamville,IN,39.5742,-86.8653
Cherryvale,KS,37.269,-95.5536
Los Llanos,PR,18.0579,-66.4092
Clifton Springs,NY,42.9609,-77.135
Shepherd,TX,30.491,-95.0021
Amherst,VA,37.5816,-79.0509
Laporte,CO,40.6385,-105.1445
Penngrove,CA,38.3006,-122.6707
Milton,LA,30.1123,-92.071
Danville,AR,35.0529,-93.3902
Galesburg,MI,42.2911,-85.4182
Lamoni,IA,40.6201,-93.9308
Selmont-West Selmont,AL,32.3784,-87.0074
Marshfield Hills,MA,42.1487,-70.7315
Davisboro,GA,32.9826,-82.6032
Spencerville,OH,40.7079,-84.3526
San Juan Bautista,CA,36.845,-121.5371
Colby,WI,44.9107,-90.3159
Holiday Heights,NJ,39.9396,-74.2572
Redwood Valley,CA,39.2689,-123.2023
Ellinwood,KS,38.3574,-98.5837
Toquerville,UT,37.2666,-113.2951
Seville,OH,41.0207,-81.8671
Vienna,IL,37.4143,-88.8871
Middleport,OH,38.9948,-82.0643
Meadowlakes,TX,30.5639,-98.2955
Bangor,MI,42.312,-86.1135
Dublin,PA,40.373,-75.2041
Cooperstown,NY,42.6996,-74.93
Fredonia,KS,37.5327,-95.822
Lookout Mountain,TN,34.9944,-85.3516
Brewster,OH,40.7135,-81.5993
Questa,NM,36.7114,-105.5935
Sumrall,MS,31.4172,-89.5423
Jefferson,TX,32.7634,-94.3512
Weston,NJ,40.5224,-74.5765
Crow Agency,MT,45.6026,-107.4591
New Carlisle,IN,41.7018,-86.4916
Southworth,WA,47.5125,-122.5298
Shelbina,MO,39.693,-92.0396
Arroyo Seco,NM,36.5215,-105.5861
Albion,IL,38.3766,-88.058
Seabrook Island,SC,32.5823,-80.1738
Star Valley Ranch,WY,42.9798,-110.9617
Long Valley,NJ,40.7826,-74.7776
Collierville,CA,38.2141,-121.2675
Wrangell,AK,56.3317,-132.0223
South Fulton,TN,36.4931,-88.8835
Herington,KS,38.6862,-96.8669
Eagleview,PA,40.0598,-75.679
Martorell,PR,18.073,-65.8977
Maple Lake,MN,45.2334,-94.0063
Falconer,NY,42.1191,-79.1969
Tangelo Park,FL,28.456,-81.4465
Snow Hill,NC,35.4506,-77.6769
Pennville,PA,39.7869,-76.9921
Minneapolis,KS,39.1243,-97.6997
Edgewood,IN,40.1032,-85.7375
Bells,TX,33.6167,-96.4126
Quanah,TX,34.2954,-99.7428
Lebanon South,PA,40.328,-76.4066
Spring Grove,PA,39.8808,-76.8641
Abbotsford,WI,44.9435,-90.3174
Peebles,OH,38.9463,-83.4094
Flora,IN,40.5455,-86.5225
Lemont,PA,40.8121,-77.816
Whitesboro,AL,34.1682,-86.0572
Wilsonville,AL,33.2346,-86.4884
Basile,LA,30.4855,-92.6009
Cabin John,MD,38.9742,-77.1632
Jones Creek,TX,28.9752,-95.4714
Minerva Park,OH,40.077,-82.9407
Parkwood,CA,36.9293,-120.0482
Colfax,CA,39.0938,-120.9532
Cuba City,WI,42.6036,-90.4318
Mason City,IL,40.2022,-89.6974
North Judson,IN,41.2161,-86.7769
Lampeter,PA,39.9908,-76.242
Patrick Springs,VA,36.6343,-80.1985
Forsgate,NJ,40.3487,-74.4637
Moweaqua,IL,39.6265,-89.0187
Ingram,TX,30.0771,-99.2374
Judsonia,AR,35.277,-91.6411
North Corbin,KY,36.9649,-84.0973
Rogue River,OR,42.4354,-123.1681
Banks,OR,45.615,-123.1071
Bear Creek,FL,27.7542,-82.7285
Cross Roads,TX,33.2291,-96.9985
Eyota,MN,43.9883,-92.2321
Falling Water,TN,35.1959,-85.2594
Monrovia,IN,39.584,-86.4793
Soulsbyville,CA,37.9917,-120.2617
Slayton,MN,43.9901,-95.7576
Stanley,ND,48.3137,-102.3974
Colfax,IA,41.6802,-93.2385
Rockport,IN,37.8895,-87.0542
Scotland Neck,NC,36.1308,-77.4214
Vevay,IN,38.7427,-85.0783
Nedrow,NY,42.978,-76.1417
Hawley,MN,46.877,-96.318
Appomattox,VA,37.3592,-78.8276
Colquitt,GA,31.1741,-84.7319
Greenfield,TN,36.16,-88.8036
Trenton,FL,29.6092,-82.8147
Dillingham,AK,59.055,-158.5378
Columbine Valley,CO,39.5993,-105.0352
Walton Hills,OH,41.3662,-81.5554
Kahoka,MO,40.4237,-91.7187
Woodbine,NJ,39.2283,-74.8096
Frewsburg,NY,42.0576,-79.1483
Robesonia,PA,40.3495,-76.1391
Gregory,TX,27.9231,-97.2908
Seymour,MO,37.1473,-92.7689
Montalvin Manor,CA,37.9977,-122.33
Mount Vernon,GA,32.1834,-82.5959
Dover,TN,36.4818,-87.8438
Roseland,FL,27.836,-80.4885
Yeguada,PR,18.4842,-66.8802
Toledo,IA,41.9902,-92.5803
Hemby Bridge,NC,35.1055,-80.6258
Sea Isle City,NJ,39.1523,-74.6976
Caryville,TN,36.3252,-84.2199
Hidden Hills,CA,34.1637,-118.6612
Chiefland,FL,29.4923,-82.8682
Cle Elum,WA,47.1943,-120.9539
Village of Four Seasons,MO,38.1974,-92.7179
Apalachin,NY,42.0639,-76.1567
Englishtown,NJ,40.2971,-74.3607
Hoyt Lakes,MN,47.5601,-92.1163
Monroe,IA,41.5189,-93.1038
Lexington,IL,40.647,-88.7841
Gaylord,MN,44.5559,-94.2133
Moriarty,NM,35.0034,-106.0444
North Warren,PA,41.8833,-79.1672
Madison,NE,41.8283,-97.4568
Springfield,SD,42.8624,-97.8964
West Terre Haute,IN,39.4638,-87.4506
Alianza,PR,18.4533,-66.8556
Pine Level,NC,35.5029,-78.2492
Conway,PA,40.6674,-80.2411
Grand Forks AFB,ND,47.9557,-97.3913
Homosassa,FL,28.7849,-82.6079
East Missoula,MT,46.8801,-113.9401
Upper Nyack,NY,41.1143,-73.9058
Sebree,KY,37.604,-87.5187
Hammond,WI,44.969,-92.4381
Rainbow Park,FL,29.1654,-82.364
Lakin,KS,37.94,-101.2585
Audubon,IA,41.718,-94.9284
Monroe North,WA,47.8828,-121.9886
Jal,NM,32.1148,-103.19
Warroad,MN,48.9168,-95.3271
Oyster Bay Cove,NY,40.8569,-73.5037
Shorewood Hills,WI,43.0789,-89.4468
Veedersburg,IN,40.1137,-87.2566
Queensland,MD,38.8019,-76.7855
Prince George,VA,37.2209,-77.2683
Centerville,CA,40.543,-122.4638
Warsaw,MO,38.2475,-93.3708
Narrows,VA,37.3316,-80.8082
Gambier,OH,40.3764,-82.3949
Upper Brookville,NY,40.8475,-73.5628
Deltana,AK,63.8723,-145.2158
Esko,MN,46.71,-92.3721
Bottineau,ND,48.8248,-100.4426
Mount Cobb,PA,41.4215,-75.5005
Old Saybrook Center,CT,41.2918,-72.3682
East McKeesport,PA,40.3848,-79.8073
McCrory,AR,35.2573,-91.1972
Manitou Beach-Devils Lake,MI,41.9786,-84.2857
Ramseur,NC,35.7371,-79.6543
Dalworthington Gardens,TX,32.6937,-97.1567
Greybull,WY,44.4887,-108.0592
Trenton,GA,34.8741,-85.5096
Evans City,PA,40.7685,-80.0583
Cleary,MS,32.1635,-90.1819
Mason Neck,VA,38.6556,-77.1819
Lake Holiday,VA,39.3092,-78.3245
Blue Jay,OH,39.2308,-84.7441
Millville,DE,38.5356,-75.1284
Priest River,ID,48.1782,-116.8838
Meyersdale,PA,39.8133,-79.0277
Dallas Center,IA,41.6854,-93.9816
Kentwood,LA,30.9339,-90.5153
West Tawakoni,TX,32.8976,-96.0218
Montrose,MI,43.1765,-83.8932
Redington Shores,FL,27.8293,-82.8277
Lawton,MI,42.1678,-85.8461
Saltville,VA,36.8751,-81.7642
Vieques,PR,18.1462,-65.4429
Camden,AL,32.0007,-87.2967
Lake Mills,IA,43.4169,-93.5315
Campbellsport,WI,43.5975,-88.2814
Lewisport,KY,37.9309,-86.9027
Leechburg,PA,40.6302,-79.6022
McArthur,OH,39.2468,-82.4786
Mooreville,MS,34.2649,-88.5768
Walkerton,IN,41.4656,-86.4825
Claremont,NC,35.7104,-81.1532
Arcola,TX,29.5032,-95.4693
Mayville,ND,47.4982,-97.3264
Oakley,KS,39.1233,-100.8449
Grove City,FL,26.9071,-82.3259
Tutwiler,MS,34.0172,-90.4333
Hallsville,MO,39.1194,-92.2268
South Carthage,TN,36.2414,-85.9575
Wrens,GA,33.207,-82.3878
Hudson,IL,40.6054,-88.9891
Mount Jackson,VA,38.739,-78.651
Somerset,TX,29.2285,-98.6567
Linden,CA,38.0186,-121.0994
Walnut Cove,NC,36.2938,-80.1408
Tyler Run,PA,39.9305,-76.7011
Oakes,ND,46.1397,-98.0871
Ganado,TX,29.0413,-96.511
Plantsville,CT,41.5832,-72.8919
Cooper,TX,33.3716,-95.6912
Sterlington,LA,32.6888,-92.0603
Auburn,MI,43.6021,-84.0756
Independence,LA,30.6361,-90.5056
Nambe,NM,35.8984,-105.9667
Little River-Academy,TX,30.9876,-97.3531
Farmington,MS,34.9224,-88.4432
Harmony Grove,CA,33.1007,-117.1381
Brockway,PA,41.2472,-78.793
Oakland,MD,39.4165,-79.4022
Berrien Springs,MI,41.9474,-86.3403
Dousman,WI,43.0092,-88.4771
Palmyra,WI,42.8811,-88.6
Grill,PA,40.3,-75.9344
Lyman,MS,30.5044,-89.1348
Manchester,KY,37.1464,-83.7635
Duluth,WA,45.7838,-122.647
Las Carolinas,PR,18.2539,-66.0658
Belford,NJ,40.4261,-74.0802
Erma,NJ,38.9953,-74.8932
Poplar-Cotton Center,CA,36.0577,-119.1502
Yorktown Heights,NY,41.2697,-73.7755
Charlestown,MD,39.5783,-75.9812
Fairfax,SC,32.9594,-81.2363
Bellville,OH,40.6297,-82.5244
Brownlee Park,MI,42.3257,-85.1357
Pine Air,FL,26.6586,-80.1075
Eupora,MS,33.5435,-89.2765
Belleville,KS,39.8245,-97.6337
Southport,IN,39.66,-86.1171
Salem,NC,35.6997,-81.7003
Fort Polk North,LA,31.1031,-93.1793
Clinton,WI,42.5574,-88.868
Three Forks,MT,45.8899,-111.5525
Pittsville,MD,38.3937,-75.4073
Hickman,KY,36.565,-89.1836
Mountain Lake Park,MD,39.4004,-79.3812
Marion,MS,32.4303,-88.646
Ely,IA,41.8762,-91.5856
Cheltenham Village,PA,40.0632,-75.0934
Towamensing Trails,PA,40.995,-75.5826
Cowpens,SC,35.0186,-81.8041
Krebs,OK,34.9301,-95.7189
Buna,TX,30.4458,-93.9625
Hedwig Village,TX,29.7799,-95.5193
Coats,NC,35.407,-78.6684
Kapaau,HI,20.234,-155.8028
Kirbyville,TX,30.6578,-93.9001
Kensett,AR,35.2354,-91.6708
Lakesite,TN,35.2027,-85.1413
Jermyn,PA,41.5273,-75.5454
Lopezville,TX,26.2453,-98.1537
Gaston,SC,33.818,-81.0997
Laurel Springs,NJ,39.8213,-75.0053
Waldport,OR,44.4172,-124.0665
Depoe Bay,OR,44.8091,-124.0599
Decatur,MS,32.4339,-89.1092
Mart,TX,31.5421,-96.83
Roaming Shores,OH,41.6354,-80.8246
Newkirk,OK,36.8817,-97.0553
Arthur,IL,39.7144,-88.4696
Angustura,NM,36.7138,-107.9154
Goodrich,MI,42.9147,-83.5092
Arial,SC,34.8463,-82.6405
Leipsic,OH,41.1096,-83.9674
Dayton,VA,38.4173,-78.9412
Tylertown,MS,31.1173,-90.1445
Winsted,MN,44.9574,-94.0498
Nettleton,MS,34.0852,-88.6248
Chester,CA,40.3017,-121.2339
Bay City,OR,45.5216,-123.8858
Pinedale,WY,42.8676,-109.8707
Bartonville,TX,33.079,-97.1507
South Park,WY,43.4234,-110.7994
Bay Springs,MS,31.9772,-89.2792
Jamestown,KY,36.9893,-85.0662
Pennington Gap,VA,36.7594,-83.0299
Hillsboro Beach,FL,26.2837,-80.0796
Schofield,WI,44.9152,-89.6144
East Lexington,VA,37.8009,-79.416
Byram Center,NJ,40.9325,-74.7179
Knightsen,CA,37.9633,-121.6511
Cridersville,OH,40.6509,-84.1428
Franklin Park,FL,26.1327,-80.1763
Lofall,WA,47.8114,-122.6563
Stockton,MO,37.697,-93.796
Elida,OH,40.7867,-84.1995
Chetek,WI,45.316,-91.6532
Middlebush,NJ,40.5015,-74.5349
Eagle,WI,42.879,-88.4697
Katonah,NY,41.256,-73.6857
Itasca,TX,32.1586,-97.1478
Willow Springs,MO,36.9877,-91.962
Earlville,IL,41.588,-88.9229
Pinehurst,ID,47.5364,-116.2327
San Pasqual,CA,34.1393,-118.1027
Parchment,MI,42.3277,-85.5667
Marmora,NJ,39.2594,-74.657
Bloomfield,MO,36.8875,-89.9306
Sugar City,ID,43.8762,-111.751
Genoa,OH,41.5202,-83.3619
Harwich Port,MA,41.6724,-70.0641
Elsberry,MO,39.1682,-90.7879
Marion,KS,38.3547,-97.0082
Hayden,CO,40.4851,-107.239
Cabazon,CA,33.9127,-116.7828
Eureka,MT,48.879,-115.0492
Orchard Grass Hills,KY,38.3234,-85.5236
Wellington,TX,34.8538,-100.214
Old Brookville,NY,40.8332,-73.604
Estill Springs,TN,35.2755,-86.14
Willard,UT,41.4148,-112.0448
East Brooklyn,CT,41.7981,-71.902
Raintree Plantation,MO,38.2535,-90.6028
Rhome,TX,33.0646,-97.4779
Adrian,MO,38.3944,-94.3435
Sylvania,AL,34.5616,-85.8056
Emporium,PA,41.5102,-78.2362
Greentown,IN,40.4778,-85.9627
Shell Point,SC,32.3746,-80.7523
Cedar Point,NC,34.6861,-77.0833
Chouteau,OK,36.1894,-95.3374
Woodlands,CA,35.0289,-120.5524
Grandview,TX,32.2685,-97.1775
Sussex,NJ,41.2096,-74.6079
Jonestown,PA,40.413,-76.4806
Dundee,NY,42.5236,-76.9775
Butler,WI,43.1084,-88.0713
Wellsville,KS,38.7175,-95.0778
Manchaca,TX,30.1353,-97.8364
Lexington,OK,35.0179,-97.3348
Rolling Fork,MS,32.9073,-90.8769
Farmer City,IL,40.248,-88.6423
Arkoma,OK,35.3374,-94.4438
Town Line,NY,42.8858,-78.561
Barahona,PR,18.3522,-66.4442
Stony Point,MI,41.9451,-83.2751
Prague,OK,35.499,-96.7001
Franklinville,NJ,39.6194,-75.0738
Aptos Hills-Larkin Valley,CA,36.9606,-121.834
Whitesburg,KY,37.1183,-82.823
Bertram,TX,30.7427,-98.0639
Rice,MN,45.7525,-94.2317
Biltmore,TN,36.3675,-82.2243
Taylorsville,MS,31.8322,-89.4342
Twin Lake,MI,43.3696,-86.1837
Hunter,TN,36.3978,-82.1511
Landover Hills,MD,38.9425,-76.8945
Slocomb,AL,31.1103,-85.5954
Picacho Hills,NM,32.3158,-106.8785
Rosemount,OH,38.7812,-82.9664
Glen Alpine,NC,35.7307,-81.7826
Joseph City,AZ,34.9614,-110.3274
Claycomo,MO,39.1986,-94.4787
Holley,NY,43.2247,-78.0292
Mason,TX,30.748,-99.2288
Seaside Heights,NJ,39.9452,-74.079
Stacy,MN,45.3841,-92.9938
Hamilton College,NY,43.0527,-75.4078
Terra Alta,WV,39.4442,-79.5435
Prairie Grove,IL,42.277,-88.2695
Wilberforce,OH,39.7151,-83.8847
Wadley,GA,32.8663,-82.4014
South Lancaster,MA,42.4373,-71.692
Epworth,IA,42.4465,-90.9314
Edgerton,OH,41.4493,-84.75
Farmington,IL,40.697,-90.0024
Battle Ground,IN,40.5076,-86.8526
Blue Hills,CT,41.8133,-72.6954
Kealakekua,HI,19.5286,-155.9112
Deerwood,TX,30.3153,-95.3013
Hope,IN,39.2992,-85.766
Channel Lake,IL,42.483,-88.1491
Yorktown,TX,28.9828,-97.5051
Roanoke,IL,40.7968,-89.2023
Pierce,NE,42.199,-97.5287
Clyde,NY,43.0839,-76.8707
Camden,OH,39.6372,-84.6446
Riverside,PA,40.9459,-76.6461
Shoshone,ID,42.9369,-114.4055
Dunthorpe,OR,45.4417,-122.6594
Halls,TN,35.8795,-89.405
Hurstbourne Acres,KY,38.2201,-85.5907
East Pepperell,MA,42.6654,-71.5635
Stowell,TX,29.7814,-94.3794
Twin City,GA,32.5829,-82.1575
Trail Creek,IN,41.6963,-86.8555
Afton,WY,42.727,-110.9315
St. Bonifacius,MN,44.9054,-93.7477
Churchville,NY,43.1034,-77.8825
Kountze,TX,30.3725,-94.316
Long Beach,MD,38.4568,-76.4737
Parkston,SD,43.3929,-97.9864
Roberts,WI,44.9733,-92.5505
Walnutport,PA,40.7515,-75.5956
Mill Plain,CT,41.1539,-73.2695
Fairdale,PA,39.8902,-79.968
El Portal,FL,25.8556,-80.1954
Mount Olive,IL,39.0726,-89.7277
Braddock,PA,40.4018,-79.8689
Pearson,GA,31.297,-82.8544
Beacon Hill,WA,46.177,-122.9235
Carterville,MO,37.1466,-94.4388
Sea Girt,NJ,40.1308,-74.0358
Vinita Park,MO,38.6888,-90.3392
Redgranite,WI,44.0513,-89.1059
Blooming Prairie,MN,43.8684,-93.0552
Owingsville,KY,38.1364,-83.7604
Bayou La Batre,AL,30.4126,-88.2611
Tunica Resorts,MS,34.8299,-90.3208
Glendale,OH,39.2706,-84.4584
Lincoln University,PA,39.8064,-75.9279
Lake of the Woods,IL,40.2056,-88.3725
Delaware City,DE,39.574,-75.5938
Stanley,VA,38.5769,-78.5027
Andrews,NC,35.1994,-83.8262
Bonneauville,PA,39.8105,-77.1363
Forest Ranch,CA,39.8952,-121.6704
Dawson Springs,KY,37.174,-87.688
Saranac,MI,42.9294,-85.2105
Salt Creek Commons,IN,41.5112,-87.1413
Albany,KY,36.6906,-85.1353
Amity,OR,45.1153,-123.2033
Lake Ripley,WI,43.0045,-88.9829
Century,FL,30.9767,-87.2629
Prudhoe Bay,AK,70.3148,-148.7167
Rio Hondo,TX,26.2346,-97.5818
Oakhurst,OK,36.0825,-96.0643
Stone Ridge,NY,41.8436,-74.1518
West Glendive,MT,47.1057,-104.754
Camino,CA,38.7422,-120.6808
Baden,MD,38.672,-76.7428
Idaho Springs,CO,39.7444,-105.5006
Little Cypress,TX,30.1773,-93.7538
Ortonville,MN,45.3018,-96.4415
Enfield,NC,36.18,-77.669
Clinton,NY,43.0489,-75.3784
Boles Acres,NM,32.8198,-105.978
Ocklawaha,FL,29.0442,-81.9339
Buena Vista,GA,32.3188,-84.5177
Kenilworth,PA,40.2242,-75.6418
Hartley,CA,38.4203,-121.952
Shamrock,TX,35.2154,-100.2462
Freeland,WA,48.0186,-122.5359
Wabasso Beach,FL,27.7569,-80.3991
Tenino,WA,46.8538,-122.8606
Van Horn,TX,31.0407,-104.8341
Three Way,TN,35.772,-88.8572
Crystal Lawns,IL,41.5685,-88.1638
Troup,TX,32.145,-95.1229
Roundup,MT,46.4484,-108.5401
Syracuse,NE,40.6635,-96.1827
Crystal Lake,CT,41.9334,-72.3812
Stewart Manor,NY,40.7202,-73.6854
Broad Creek,NC,34.7304,-76.9241
Mayo,SC,35.0857,-81.8535
Hopkins,SC,33.8983,-80.8599
Ronan,MT,47.5287,-114.1005
Zwolle,LA,31.6398,-93.6412
St. Bonaventure,NY,42.0802,-78.4748
Sewall's Point,FL,27.1971,-80.1982
Hazen,AR,34.7964,-91.5714
Gearhart,OR,46.0289,-123.9173
Port Byron,IL,41.616,-90.328
Liberty,IN,39.6349,-84.926
North Eastham,MA,41.8539,-69.9968
Mountain Lodge Park,NY,41.3867,-74.1419
Sonoma State University,CA,38.3406,-122.6729
Sparta,NC,36.5034,-81.1217
Stanfield,OR,45.7846,-119.2187
Humboldt,KS,37.8125,-95.4363
Glen Lyon,PA,41.1806,-76.0785
Milford,IN,41.4143,-85.8446
Tigerville,SC,35.0669,-82.3695
Reidville,SC,34.8657,-82.1063
Burns Flat,OK,35.3547,-99.1751
Georgetown,PA,41.2271,-75.8722
Kemah,TX,29.5309,-95.0196
Johnson City,TX,30.2743,-98.4065
Centerburg,OH,40.3038,-82.6976
McConnell AFB,KS,37.625,-97.26
Melrose Park,NY,42.9085,-76.5263
Winlock,WA,46.4907,-122.9341
Indian Springs,GA,34.9606,-85.159
Ridgebury,CT,41.357,-73.5267
Mount Sterling,IL,39.9853,-90.7642
Brownsville,OR,44.3922,-122.9834
Quitman,MS,32.0417,-88.7202
New Egypt,NJ,40.0645,-74.5284
Lattingtown,NY,40.8922,-73.5967
Baraga,MI,46.7766,-88.4966
Beattyville,KY,37.5862,-83.7065
Dolgeville,NY,43.1031,-74.7749
Lorenz Park,NY,42.2669,-73.77
Waverly,MN,45.065,-93.967
Stevenson,AL,34.8487,-85.8437
Suffield Depot,CT,41.9843,-72.6465
Hampton,IL,41.5555,-90.4047
Oxford,GA,33.6277,-83.8721
Coushatta,LA,32.0256,-93.3406
Isle of Hope,GA,31.9848,-81.0532
Berry Hill,TN,36.1196,-86.7673
Dauphin Island,AL,30.2525,-88.1438
Shippensburg University,PA,40.0618,-77.5231
Central,TN,36.3289,-82.294
Shinnecock Hills,NY,40.8877,-72.4554
Hampden-Sydney,VA,37.2415,-78.4693
Cimarron,KS,37.8097,-100.3453
Ritzville,WA,47.1253,-118.3809
Kodiak Station,AK,57.745,-152.5442
Monticello,UT,37.8683,-109.338
Woodville,OH,41.451,-83.364
Roseville,OH,39.8064,-82.0758
Grove Hill,AL,31.7006,-87.7748
Atlantis,FL,26.5962,-80.1031
Ossun,LA,30.2834,-92.107
Mercersburg,PA,39.8318,-77.9028
Pimlico,SC,33.0989,-79.9606
Lame Deer,MT,45.6176,-106.6134
Maple Park,IL,41.9095,-88.6076
Gate City,VA,36.6401,-82.5782
Jarales,NM,34.6147,-106.7631
Paulina,LA,30.0351,-90.7226
Siesta Shores,TX,26.8548,-99.2605
Seneca,MO,36.8446,-94.6093
Tonopah,NV,38.0822,-117.2246
Jeffersonville,KY,37.966,-83.8319
New Athens,IL,38.3188,-89.8743
Caledonia,MI,42.7945,-85.5153
Holden,MO,38.7136,-93.9895
St. George,SC,33.1861,-80.5794
Manchester Center,VT,43.182,-73.0369
Byhalia,MS,34.869,-89.689
Wapello,IA,41.1773,-91.1881
Valley View,OH,41.3831,-81.6067
Slater-Marietta,SC,35.0348,-82.4926
Coupeville,WA,48.2172,-122.6775
Stagecoach,NV,39.3656,-119.3832
North Vacherie,LA,30.0048,-90.7109
Princeville,IL,40.9348,-89.7547
Stonebridge,NJ,40.2947,-74.4653
Dover,AR,35.391,-93.1143
Fairmount,TN,35.1865,-85.3303
Hart,MI,43.6955,-86.3679
Scenic,AZ,36.793,-114.0151
Lake Isabella,MI,43.6417,-85.003
Middleport,NY,43.2117,-78.4757
Ellijay,GA,34.6914,-84.4839
Cabana Colony,FL,26.8555,-80.0864
Cave City,AR,35.9481,-91.5468
New Johnsonville,TN,36.0163,-87.9696
Mediapolis,IA,41.0079,-91.1636
Krugerville,TX,33.279,-96.988
Comer,GA,34.0625,-83.1263
Five Points,OH,39.5594,-84.1868
Presidential Lakes Estates,NJ,39.9151,-74.5654
Southwest Greensburg,PA,40.2919,-79.5478
Lyons,CO,40.223,-105.2692
Allentown,NJ,40.1778,-74.5873
Billington Heights,NY,42.7862,-78.6237
Columbus,MT,45.636,-109.2488
Tracy City,TN,35.262,-85.7515
Lone Star,TX,32.9392,-94.709
Mountain View Ranches,AZ,35.2335,-111.4728
Peosta,IA,42.4477,-90.8448
Irrigon,OR,45.8958,-119.4883
Sebewaing,MI,43.7318,-83.4497
Woodworth,OH,40.9778,-80.6546
Williamsport,IN,40.2884,-87.2922
Pinckney,MI,42.4543,-83.9457
Port Dickinson,NY,42.1361,-75.8939
West Hamburg,PA,40.5524,-76.002
Beech Mountain Lakes,PA,41.0437,-75.9323
Coalgate,OK,34.5323,-96.2209
Granger,IA,41.7617,-93.8236
Sesser,IL,38.0906,-89.051
Ben Avon,PA,40.5058,-80.0814
Britt,IA,43.0986,-93.803
West Carthage,NY,43.973,-75.6219
South Congaree,SC,33.9094,-81.1375
Kingston,OK,34.0004,-96.7062
Comfort,TX,29.9704,-98.9046
Canyonville,OR,42.9273,-123.2789
Bayou Vista,TX,29.3257,-94.939
Butler,GA,32.557,-84.2377
Dunstan,ME,43.5691,-70.3884
L'Anse,MI,46.7526,-88.4477
Coalville,UT,40.912,-111.413
Pinetop Country Club,AZ,34.1164,-109.8909
Troy,TN,36.342,-89.1583
Allendale,CA,38.4427,-121.9815
Meyers,CA,38.8344,-120.0189
Winchester,MO,38.5897,-90.526
Lake Hamilton,AR,34.4264,-93.0887
Jonesboro,IL,37.451,-89.2666
Hamilton,GA,32.7647,-84.8753
Tieton,WA,46.7027,-120.756
Jerome,IL,39.7677,-89.6785
Seth Ward,TX,34.2163,-101.6945
Minonk,IL,40.9104,-89.0381
Hamilton,MO,39.7433,-94.0027
Durham,OR,45.3941,-122.758
Munising,MI,46.4172,-86.6439
Knollwood,IL,42.2846,-87.8793
Corralitos,CA,36.9941,-121.7892
Pineville,KY,36.7532,-83.7076
Ackerman,MS,33.311,-89.1711
Clearwater,MN,45.4102,-94.0447
Durant,IA,41.6011,-90.9138
Durant,MS,33.0799,-89.8566
Navesink,NJ,40.402,-74.0387
Wewahitchka,FL,30.1148,-85.1935
Ida Grove,IA,42.3439,-95.4733
Bristol,IN,41.7184,-85.8228
Capac,MI,43.0074,-82.9271
Home Garden,CA,36.3028,-119.637
Malta,MT,48.3554,-107.8702
Ogden,IA,42.0395,-94.0282
Valley Forge,TN,36.3043,-82.1948
Leetonia,OH,40.8785,-80.7624
Cardington,OH,40.498,-82.8937
Nicholson,GA,34.1172,-83.4289
Highfill,AR,36.2767,-94.3237
Pine,AZ,34.3788,-111.4574
Cataula,GA,32.6566,-84.8674
Kerens,TX,32.1308,-96.2252
Manchester,OH,38.6901,-83.6055
Calhoun Falls,SC,34.0933,-82.5963
Aurora,MN,47.5312,-92.24
Remsen,IA,42.8159,-95.9727
Bear Creek Ranch,TX,32.5594,-96.7643
Washington Park,FL,26.1325,-80.1824
Bell Canyon,CA,34.2082,-118.6876
Walcott,IA,41.5989,-90.7744
West Unity,OH,41.5889,-84.4306
Star City,WV,39.6587,-79.9868
Waretown,NJ,39.7896,-74.1926
Churubusco,IN,41.231,-85.3197
Lynchburg,MS,34.9623,-90.1052
Spinnerstown,PA,40.4412,-75.4414
East Atlantic Beach,NY,40.5876,-73.7092
Salyersville,KY,37.7459,-83.0646
Victory Gardens,NJ,40.8762,-74.5435
South Rockwood,MI,42.0597,-83.2654
Fallsburg,NY,41.7343,-74.6112
Nutter Fort,WV,39.2604,-80.3265
H. Rivera Colon,PR,18.3482,-66.2732
Maple Plain,MN,45.0088,-93.6618
Lillian,AL,30.4122,-87.432
Coal Run Village,KY,37.5372,-82.5577
Coleraine,MN,47.2639,-93.4524
Laughlin AFB,TX,29.3568,-100.7829
Pawnee,OK,36.3484,-96.8025
Boqueron,PR,18.034,-67.1714
Honey Grove,TX,33.5866,-95.909
Marriott-Slaterville,UT,41.2624,-112.0366
South Creek,WA,46.9994,-122.392
Presquille,LA,29.5586,-90.6385
Milan,MO,40.2031,-93.124
Pleasantville,IA,41.3868,-93.2731
Versailles,IN,39.0634,-85.2566
Dundas,MN,44.4276,-93.2039
Wautoma,WI,44.0668,-89.2915
Augusta,AR,35.2865,-91.3614
Great River,NY,40.7137,-73.1628
Millwood,WA,47.6856,-117.2806
Fennville,MI,42.5947,-86.1051
Lake Bryan,TX,30.718,-96.4669
Black River,NY,44.0089,-75.7966
White Island Shores,MA,41.7932,-70.6389
Laurel Hollow,NY,40.8541,-73.4755
Rio Lajas,PR,18.397,-66.2643
Antwerp,OH,41.1798,-84.7377
Watervliet,MI,42.1883,-86.2576
Linden,AL,32.3001,-87.7926
Kitsap Lake,WA,47.5905,-122.7088
Concord,AL,33.4674,-87.0392
Cathcart,WA,47.8526,-122.1058
Morgan,GA,31.5381,-84.6033
Galateo,PR,18.364,-66.259
Bon Aqua Junction,TN,35.9281,-87.3124
Crab Orchard,WV,37.741,-81.2298
Armada,MI,42.8424,-82.8832
Fairplains,NC,36.1954,-81.1559
Mill City,OR,44.752,-122.4777
Lukachukai,AZ,36.4112,-109.2267
Thornton,IL,41.5711,-87.6187
Bellport,NY,40.754,-72.9422
Chester Center,CT,41.4018,-72.4578
Byron,CA,37.8757,-121.6422
Crest View Heights,NY,42.0754,-76.1233
Caldwell,OH,39.7468,-81.5127
Worthington Hills,KY,38.3093,-85.527
Devens,MA,42.5439,-71.6146
Gila Bend,AZ,32.9662,-112.7154
Rosedale,MS,33.8525,-91.0339
Panguitch,UT,37.8236,-112.4342
West Homestead,PA,40.3978,-79.9186
Vincent,AL,33.3849,-86.4087
Guayabal,PR,18.076,-66.5016
Tres Arroyos,NM,35.6799,-106.0398
Pirtleville,AZ,31.3614,-109.5662
Tracy,MN,44.239,-95.6153
Mackinaw,IL,40.5341,-89.355
Edgewood,TX,32.6943,-95.8833
Spring Park,MN,44.9364,-93.632
Warsaw,KY,38.7774,-84.904
Cold Spring,NY,41.4191,-73.9545
Center Point,TX,29.9414,-99.0413
Taft,FL,28.4283,-81.3677
Blue Grass,IA,41.5102,-90.7669
Stockton,IL,42.3526,-90.002
Sigourney,IA,41.334,-92.2044
Mount Pleasant,NC,35.3771,-80.4503
Conneaut Lakeshore,PA,41.6272,-80.3102
Keenesburg,CO,40.1327,-104.538
Veazie,ME,44.8407,-68.7134
Reynolds Heights,PA,41.3433,-80.4032
Erath,LA,29.9586,-92.0371
Tappahannock,VA,37.9187,-76.8667
Howard Lake,MN,45.0606,-94.067
Charlotte,TN,36.1861,-87.3389
Saratoga,WY,41.4517,-106.8107
Westernport,MD,39.488,-79.0429
Benson,UT,41.7492,-111.9173
Stewartstown,PA,39.7528,-76.5925
Whitwell,TN,35.1918,-85.5212
Inola,OK,36.1321,-95.5369
Fort Recovery,OH,40.4121,-84.7762
New Plymouth,ID,43.9705,-116.8189
Kent Estates,IA,41.4665,-91.0569
Drexel,NC,35.7568,-81.6088
Waskom,TX,32.4766,-94.0646
Chelsea,OK,36.5321,-95.4346
Navarre,OH,40.7261,-81.5145
Lost Hills,CA,35.6254,-119.6788
Memphis,MO,40.4613,-92.1704
Chevy Chase Village,MD,38.9698,-77.0793
Belleville,PA,40.6059,-77.7211
Decatur,TN,35.529,-84.7933
Livingston,LA,30.4953,-90.7467
Hildebran,NC,35.7182,-81.421
Rainier,OR,46.0768,-122.9405
Roseland,OH,40.7862,-82.5472
Stateburg,SC,33.9752,-80.5263
Weedsport,NY,43.0482,-76.5637
Point Clear,AL,30.4898,-87.9112
Washburn,WI,46.677,-90.9018
Lepanto,AR,35.6085,-90.3329
Brice Prairie,WI,43.9375,-91.3073
St. Charles,MI,43.2988,-84.1476
Raymond,MS,32.261,-90.409
South Bend,WA,46.6678,-123.8006
Crescent City,FL,29.4374,-81.5173
East Helena,MT,46.585,-111.9158
Albany,MO,40.2479,-94.3335
Bent Creek,NC,35.5081,-82.6176
Sneads,FL,30.7085,-84.9249
Orwell,OH,41.5364,-80.8596
Manteo,NC,35.9014,-75.6609
Huntington Bay,NY,40.9014,-73.4162
Mechanicsburg,OH,40.0735,-83.5564
Keno,OR,42.1309,-121.928
Wilkinson Heights,SC,33.4919,-80.8286
Jefferson,NC,36.4209,-81.4686
South Browning,MT,48.5459,-113.0127
Weston,MO,39.4032,-94.8862
Upper Pohatcong,NJ,40.6774,-75.1558
Westwood,KS,39.0394,-94.6156
Mesilla,NM,32.2693,-106.8091
Westville,OK,35.991,-94.5751
South Fallsburg,NY,41.704,-74.6331
Cavalero,WA,47.9875,-122.0748
Sterling,GA,31.2603,-81.5525
Orion,IL,41.3514,-90.3762
Collinsville,MS,32.4912,-88.8452
Hamilton,IN,41.5409,-84.9204
South Connellsville,PA,39.9946,-79.5804
Yosemite Valley,CA,37.7407,-119.5779
Lester Prairie,MN,44.8829,-94.0375
Springerville,AZ,34.156,-109.2988
Mercer,PA,41.2266,-80.2361
Waurika,OK,34.183,-98.0245
Watsontown,PA,41.0851,-76.8646
Tecumseh,NE,40.3718,-96.1888
Victoria,VA,36.9947,-78.2242
Long Beach,WA,46.3558,-124.0556
Kremmling,CO,40.0567,-106.3784
Brass Castle,NJ,40.7621,-75.014
Hudson,CO,40.0898,-104.621
Stony Prairie,OH,41.3522,-83.1519
Belington,WV,39.0219,-79.9383
South Coatesville,PA,39.969,-75.8135
Laymantown,VA,37.3628,-79.8524
Eudora,AR,33.119,-91.264
Lowry Crossing,TX,33.1711,-96.5443
Princeton Junction,NJ,40.3206,-74.6237
Anza,CA,33.5678,-116.6966
St. Regis Park,KY,38.2289,-85.6158
Florala,AL,31.0176,-86.3138
Melville,RI,41.5611,-71.2937
Moville,IA,42.4903,-96.068
Lakeside,OR,43.5795,-124.1733
Collinsville,TX,33.5594,-96.907
Southern View,IL,39.7543,-89.6511
WaKeeney,KS,39.0234,-99.8815
North Liberty,IN,41.5324,-86.428
Parma,ID,43.7864,-116.9429
Lavallette,NJ,39.9699,-74.0723
Las Lomas,TX,26.3638,-98.7748
Kingstown,MD,39.2036,-76.0465
Malvern,AL,31.1428,-85.521
Casa Loma,CA,35.3433,-118.9987
Collinsville,AL,34.2664,-85.8679
Langdon,ND,48.7624,-98.3747
Ada,MN,47.2989,-96.5165
Cheswold,DE,39.2189,-75.5882
Mountain Lake,MN,43.9407,-94.9277
Superior,NE,40.0217,-98.0618
Cornersville,TN,35.3634,-86.8584
Abram,TX,26.2173,-98.4179
Lykens,PA,40.5641,-76.6983
Derwood,MD,39.1136,-77.151
Rocky Top,TN,36.225,-84.1548
Old Orchard,PA,40.6575,-75.2609
Vonore,TN,35.5977,-84.2364
Maysville,GA,34.2555,-83.5521
Hopewell,NJ,40.3893,-74.7638
Prophetstown,IL,41.6702,-89.9348
Lewistown,IL,40.3969,-90.1554
Liberty,KY,37.3205,-84.9287
Monarch Mill,SC,34.7161,-81.5847
Sturgis,KY,37.5466,-87.9879
Clarkesville,GA,34.6103,-83.5284
Sparta,GA,33.2766,-82.9704
Raven,VA,37.0937,-81.8601
Lamar,AR,35.4436,-93.3951
Greenfield,IA,41.3057,-94.4593
Zolfo Springs,FL,27.4926,-81.7869
Lookout Mountain,GA,34.9664,-85.3622
Moscow,PA,41.3417,-75.5316
Westlake Corner,VA,37.1249,-79.7076
Stanton,NE,41.9471,-97.2171
Garrett,WA,46.0608,-118.399
Webster,SD,45.3366,-97.5219
Crimora,VA,38.1618,-78.8413
Vance,AL,33.1746,-87.2314
Ludowici,GA,31.7093,-81.7452
South Deerfield,MA,42.4795,-72.5947
East Pittsburgh,PA,40.3969,-79.8382
Argos,IN,41.2379,-86.2523
South Temple,PA,40.399,-75.9223
Murphys,CA,38.1371,-120.4488
Jellico,TN,36.5651,-84.1355
Millville,UT,41.685,-111.8211
Roanoke,IN,40.964,-85.3761
Vernon,AL,33.7588,-88.1143
Davenport,WA,47.655,-118.1519
Bridgeport,IL,38.7096,-87.759
Chepachet,RI,41.9104,-71.6654
Graton,CA,38.4375,-122.866
Madison Center,CT,41.2794,-72.6003
Leachville,AR,35.9039,-90.2625
Monteagle,TN,35.2367,-85.8513
Linntown,PA,40.9564,-76.9004
Rosepine,LA,30.9208,-93.2857
Harrisville,RI,41.9687,-71.6768
Bourbon,IN,41.2993,-86.1167
Moodus,CT,41.5047,-72.4448
Murfreesboro,AR,34.0543,-93.6834
McEwen,TN,36.1099,-87.6355
Union City,MI,42.0662,-85.1432
Vazquez,PR,18.0684,-66.2331
Decatur,MI,42.1075,-85.9746
Siesta Acres,TX,28.7564,-100.491
Northwest Ithaca,NY,42.4578,-76.5387
Mayfield,PA,41.5394,-75.5315
Village of the Branch,NY,40.8523,-73.1844
Worthington,KY,38.5509,-82.7348
Oakley,UT,40.7257,-111.2788
Salem,WV,39.2849,-80.5645
Leonville,LA,30.4661,-91.9811
Van Vleck,TX,29.0278,-95.88
Sleepy Hollow,WY,44.2327,-105.4309
Kenyon,MN,44.2726,-92.9858
Newfield,NJ,39.5484,-75.0167
New California,OH,40.1503,-83.2371
Dillsboro,IN,39.0184,-85.0531
Terry,MS,32.1047,-90.298
Farley,IA,42.4438,-91.0093
Cleona,PA,40.3385,-76.4771
Cross Plains,TN,36.5412,-86.6765
Trevorton,PA,40.7841,-76.6711
Huachuca City,AZ,31.6308,-110.3421
Pablo,MT,47.6035,-114.1059
South Sumter,SC,33.8855,-80.3378
Windham,OH,41.2375,-81.0373
Ardmore,IN,41.6892,-86.3175
Hico,TX,31.9859,-98.0291
Shortsville,NY,42.9556,-77.2227
Huntsville,MO,39.4364,-92.5437
Columbia City,OR,45.895,-122.8116
Newburgh Heights,OH,41.4509,-81.6628
Reinbeck,IA,42.3225,-92.5942
Quartzsite,AZ,33.6675,-114.2171
Dresden,OH,40.122,-82.0131
Sardis City,AL,34.1749,-86.1125
Calhoun City,MS,33.8588,-89.3145
Pardeeville,WI,43.5358,-89.301
Henryville,IN,38.5394,-85.7653
Seaside Park,NJ,39.9264,-74.0785
Buffalo,TX,31.46,-96.066
Swartzville,PA,40.2287,-76.0809
Byers,CO,39.7101,-104.219
Mitchell,NE,41.9427,-103.8098
Charlotte Park,FL,26.9032,-82.0487
Fort Valley,AZ,35.3228,-111.7399
South Floral Park,NY,40.7135,-73.7004
Midland City,AL,31.3157,-85.4937
Las Quintas Fronterizas,TX,28.6897,-100.4679
Avon-by-the-Sea,NJ,40.1913,-74.0166
Grandview Plaza,KS,39.0327,-96.793
Apple Mountain Lake,VA,38.9231,-78.1033
Perry Park,CO,39.2595,-104.9825
Irwin,SC,34.6942,-80.8197
Greenwood,DE,38.8072,-75.59
Anna,OH,40.3957,-84.1754
Tillson,NY,41.8316,-74.0696
Church Hill,PA,40.6926,-77.5949
Francis,UT,40.6102,-111.2729
Forest Lake,IL,42.2103,-88.0531
Mowbray Mountain,TN,35.2751,-85.2225
Calico Rock,AR,36.1401,-92.1341
Lincoln,MO,38.394,-93.3313
Leon,IA,40.7407,-93.7547
Lagunitas-Forest Knolls,CA,38.018,-122.6912
Thoreau,NM,35.4251,-108.2012
Princeville,HI,22.2181,-159.4801
Twin Lakes,VA,38.2504,-78.4417
Groton,SD,45.4517,-98.1
Monson Center,MA,42.099,-72.3048
Ben Wheeler,TX,32.4463,-95.7023
Eldorado,TX,30.8617,-100.5979
Eden,TX,31.2163,-99.844
Wanchese,NC,35.8399,-75.6383
Rainbow,CA,33.4098,-117.1395
Big Beaver,PA,40.8233,-80.3632
Munfordville,KY,37.2795,-85.8982
Las Campanas,NM,35.7159,-106.0582
Carlisle-Rockledge,AL,34.114,-86.1191
Colorado City,CO,37.9381,-104.8451
Golden Meadow,LA,29.3876,-90.2739
Silver Bay,MN,47.2941,-91.278
French Lick,IN,38.5462,-86.6202
Rushford,MN,43.8132,-91.7538
Bakersfield Country Club,CA,35.3899,-118.9409
Wakefield,MI,46.4767,-89.9336
New Market,TN,36.1096,-83.5493
Wyoming,DE,39.1147,-75.563
Frankton,IN,40.221,-85.7718
Liberty Corner,NJ,40.6647,-74.5807
Clarendon,TX,34.9366,-100.8918
Warrenton,GA,33.4067,-82.6653
Brooklawn,NJ,39.8788,-75.1207
Olathe,CO,38.6083,-107.9833
Edgerton,KS,38.7717,-94.9706
Pahala,HI,19.1993,-155.4772
Courtland,VA,36.7123,-77.062
Kingsley,MI,44.5845,-85.5347
Cranford,NJ,40.6548,-74.3053
Celina,TN,36.5469,-85.5043
Lisbon,IA,41.9205,-91.3916
Sac City,IA,42.4216,-94.9978
Jackson,SC,33.3283,-81.7925
Haines,AK,59.2416,-135.4549
Marble Hill,MO,37.3032,-89.9808
St. Francisville,LA,30.7852,-91.3788
Mariano Colon,PR,18.0287,-66.3356
Wilmerding,PA,40.3942,-79.8101
Bay Park,NY,40.6302,-73.667
Montverde,FL,28.5971,-81.6786
Au Sable,MI,44.4105,-83.3423
Ashland,AL,33.2703,-85.8337
Blackville,SC,33.3552,-81.2835
Bessemer,MI,46.4775,-90.0498
Waterville,MN,44.2235,-93.5746
Lincoln Park,PA,40.3147,-75.9886
Aquebogue,NY,40.9425,-72.6149
Cottonport,LA,30.9892,-92.0509
Lyman,WY,41.3274,-110.2977
Cowan,TN,35.1629,-86.0142
Gurdon,AR,33.9154,-93.1545
New Oxford,PA,39.863,-77.0554
Ocean Park,WA,46.4961,-124.0443
Port Edwards,WI,44.3484,-89.854
Woodbranch,TX,30.1813,-95.1836
East Jordan,MI,45.1547,-85.13
Las Maravillas,NM,34.734,-106.669
Charlack,MO,38.7029,-90.3427
Cade,LA,30.0926,-91.8996
Milan,IN,39.1253,-85.127
Churchill,OH,41.1694,-80.6659
Youngstown,NY,43.2488,-79.0443
Kerhonkson,NY,41.7779,-74.2955
Le Grand,CA,37.2288,-120.254
Bernie,MO,36.6718,-89.9707
Governors Club,NC,35.8437,-79.0454
South Amherst,OH,41.3518,-82.2393
Marlette,MI,43.3268,-83.0806
Northville,NY,40.9723,-72.6181
El Ojo,PR,18.0038,-66.3919
Oswego,KS,37.1674,-95.1123
Wilderness Rim,WA,47.4464,-121.769
Lewisburg,OH,39.8508,-84.5434
Willow,AK,61.8157,-149.753
Spirit Lake,ID,47.9658,-116.8699
Lacon,IL,41.0228,-89.4062
Ocean Gate,NJ,39.9269,-74.1348
Woodville,CA,36.0927,-119.2012
Wagon Wheel,AZ,34.1976,-110.0272
Altamont,NY,42.7056,-74.034
Lake Hamilton,FL,28.0478,-81.627
Lake Kerr,FL,29.3575,-81.7746
Plainville,KS,39.2341,-99.3009
Genola,UT,40.0118,-111.8465
Hodgkins,IL,41.7659,-87.8613
Oologah,OK,36.4438,-95.7089
Browns Lake,WI,42.6909,-88.237
Verandah,FL,26.6973,-81.7429
Anson,TX,32.755,-99.8963
Fox Lake,WI,43.5619,-88.913
Evart,MI,43.9003,-85.2751
Monon,IN,40.8642,-86.8787
Red Lake,AZ,35.3579,-112.1705
Oberlin,KS,39.823,-100.5308
Cassopolis,MI,41.9116,-86.0085
Cameron,WI,45.4059,-91.7422
Blossburg,PA,41.6795,-77.069
North Lewisburg,OH,40.2205,-83.5581
Walden,TN,35.1635,-85.3098
Fords Prairie,WA,46.7459,-123.003
Morovis,PR,18.3268,-66.4057
Aberdeen,IN,41.4418,-87.1167
Dunkirk,IN,40.3741,-85.2076
Weyauwega,WI,44.324,-88.9333
Kentland,IN,40.774,-87.4465
Bartlett,TX,30.7952,-97.4324
Shamokin Dam,PA,40.8547,-76.8231
Stratford Downtown,CT,41.1989,-73.1276
Blountsville,AL,34.0814,-86.5867
Loretto,TN,35.0792,-87.4401
Shelburne Falls,MA,42.6063,-72.7436
Ironton,MO,37.5984,-90.6379
St. Lawrence,PA,40.3262,-75.8661
Lake Brownwood,TX,31.8176,-99.1045
Haubstadt,IN,38.2039,-87.5751
Pumpkin Center,NC,34.786,-77.3642
Oak Leaf,TX,32.5138,-96.8563
Sandy Valley,NV,35.8423,-115.6304
Unionville,TN,35.6117,-86.5739
Maroa,IL,40.0365,-88.9561
Santa Clara,NM,32.7801,-108.1493
Annandale,NJ,40.6468,-74.8881
Georgetown,CT,41.2494,-73.4343
Cedarville,AR,35.583,-94.3615
Bylas,AZ,33.1291,-110.1162
Towanda,KS,37.7954,-96.9963
Dalton,OH,40.7995,-81.7033
Midway,KY,38.1562,-84.676
Cedar Heights,MD,38.9037,-76.9059
Parkersburg,IA,42.5739,-92.7785
Glenwood,AR,34.3278,-93.5308
Deshler,OH,41.2074,-83.9055
Burns,TN,36.0508,-87.2984
New Berlinville,PA,40.3451,-75.6312
Union Point,GA,33.6178,-83.0751
Mapleton,MN,43.9266,-93.9546
Mantachie,MS,34.3251,-88.4961
Hanscom AFB,MA,42.4582,-71.2793
Baidland,PA,40.1888,-79.9549
Duchesne,UT,40.1753,-110.394
Nisswa,MN,46.5003,-94.2977
West End,NY,42.4667,-75.0969
Lake Camelot,IL,40.6341,-89.7509
Fall City,WA,47.5717,-121.9133
Linden,TX,33.011,-94.3626
Cesar Chavez,TX,26.3118,-98.1117
Exmore,VA,37.5295,-75.8283
Columbus Grove,OH,40.9205,-84.0598
Flatonia,TX,29.6888,-97.1059
Manasota Key,FL,26.9226,-82.3537
East Marion,NY,41.1288,-72.3419
Great Falls,SC,34.5753,-80.9048
Mount Sterling,OH,39.7134,-83.2735
Galesville,WI,44.0839,-91.358
Girard,IL,39.4466,-89.7821
Clermont,IN,39.8166,-86.3207
Mundys Corner,PA,40.4431,-78.8325
Belcourt,ND,48.8417,-99.7447
Mount Ayr,IA,40.7141,-94.2375
Fall River,WI,43.3856,-89.0455
Atlanta,IL,40.2638,-89.2309
Trempealeau,WI,44.0029,-91.4284
Brewster,WA,48.1015,-119.7762
Espy,PA,41.0055,-76.4164
Osseo,WI,44.5795,-91.212
Logan,WV,37.8509,-81.9857
Toro Canyon,CA,34.4354,-119.5562
Freeport,PA,40.6829,-79.6837
Hartington,NE,42.6205,-97.2672
McMechen,WV,39.9854,-80.7335
Durand,WI,44.627,-91.9607
Itta Bena,MS,33.5003,-90.3256
Burnham,PA,40.6352,-77.5631
New Haven,WV,38.9876,-81.9656
Westmorland,CA,33.0389,-115.6223
Mickleton,NJ,39.7921,-75.2437
Crystal Falls,MI,46.0967,-88.3264
Albion,NE,41.6873,-97.9989
West Hurley,NY,42.0083,-74.112
Centennial Park,AZ,36.9538,-112.9813
Goldthwaite,TX,31.4513,-98.5736
Steeleville,IL,38.0086,-89.6624
Shiremanstown,PA,40.2224,-76.9555
Pomeroy,OH,39.0292,-82.0336
Folsom,NJ,39.5929,-74.8424
Oakland,PA,40.3056,-78.8818
Eureka Mill,SC,34.718,-81.1929
Elkhart,KS,37.0038,-101.8944
Sea Breeze,NC,34.0698,-77.8965
Bangs,TX,31.7162,-99.1303
Wilton Center,CT,41.1914,-73.4262
Foxfire,NC,35.1791,-79.5639
Rankin,PA,40.411,-79.8813
Tremont,PA,40.6302,-76.3912
Clancy,MT,46.4493,-112.0029
Washington Park,IL,38.6285,-90.0928
Osburn,ID,47.5055,-116.0008
Teaticket,MA,41.5624,-70.5858
Point MacKenzie,AK,61.3498,-150.0664
San Antonio,PR,18.4932,-67.0997
Hanley Hills,MO,38.6856,-90.325
Winfield,MO,38.9928,-90.7456
Unionville,MO,40.4757,-93.0044
Trainer,PA,39.8245,-75.4032
Albany,TX,32.7272,-99.2957
Shawsville,VA,37.1707,-80.2527
Swedeland,PA,40.0882,-75.3325
Martinsburg,PA,40.3109,-78.3243
Black Earth,WI,43.1344,-89.747
Pinebluff,NC,35.1088,-79.4713
Clarksville,VA,36.6171,-78.5638
Merritt Park,NY,41.5385,-73.8723
Ridgely,TN,36.2632,-89.4806
Cordova,AL,33.7613,-87.1926
Gallatin,MO,39.9106,-93.9642
Royal Palm Estates,FL,26.6817,-80.1328
Quail Creek,TX,28.7773,-97.0848
Fairview-Ferndale,PA,40.7799,-76.5752
Hawi,HI,20.2263,-155.8389
Grapeland,TX,31.4948,-95.4765
Harvey,ND,47.7766,-99.9301
Steep Falls,ME,43.7905,-70.6275
Pine Bush,NY,41.6093,-74.2966
Campbell,MO,36.493,-90.0762
Choteau,MT,47.8137,-112.1794
Shannon,MS,34.1144,-88.6932
Luis M. Cintron,PR,18.3008,-65.6371
Kenvil,NJ,40.8816,-74.622
Doe Valley,KY,37.9745,-86.1107
Pagosa Springs,CO,37.2675,-107.0307
Crosbyton,TX,33.6413,-101.2377
Ordway,CO,38.2208,-103.7566
Langley,SC,33.512,-81.8344
Home,WA,47.279,-122.7745
Audubon Park,KY,38.205,-85.727
Canton,PA,41.6566,-76.8529
Emerson,GA,34.1303,-84.7483
Homer City,PA,40.5403,-79.1597
Auburn,KY,36.8654,-86.711
Hancock,MD,39.7054,-78.1749
Romney,WV,39.3454,-78.7564
Lucasville,OH,38.878,-82.985
Eddington,PA,40.0865,-74.9445
Fern Acres,HI,19.508,-155.0787
Tryon,NC,35.2086,-82.2379
Mountain Village,CO,37.9324,-107.8577
Watkins Glen,NY,42.3801,-76.8673
Berry College,GA,34.2911,-85.1878
Zebulon,GA,33.093,-84.3427
Rock Creek,MN,45.7604,-92.9088
Kalida,OH,40.9854,-84.1946
Fairforest,SC,34.9532,-82.0157
Hagerstown,IN,39.9115,-85.1555
Long Lake,MN,44.984,-93.5689
Rosebud,SD,43.2398,-100.8229
Shelby,MS,33.9508,-90.7653
Chester,GA,32.3945,-83.1551
Meridian Hills,IN,39.8874,-86.1567
Heritage Lake,IL,40.5454,-89.3309
Horton,KS,39.6635,-95.5326
Duenweg,MO,37.0841,-94.4119
Syracuse,KS,37.962,-101.7782
Schuylerville,NY,43.1015,-73.5808
Atlantic Beach,NC,34.7011,-76.7403
Hale Center,TX,34.0661,-101.8463
Mazomanie,WI,43.1731,-89.7954
Napavine,WA,46.5843,-122.9007
Romancoke,MD,38.8872,-76.3476
Arcade,GA,34.0693,-83.5399
Wynnewood,OK,34.6437,-97.1622
Tallaboa Alta,PR,18.0504,-66.702
Cheswick,PA,40.5428,-79.8013
Brookston,IN,40.6008,-86.8664
Cienegas Terrace,TX,29.3687,-100.9432
Kettle Falls,WA,48.6055,-118.062
Hertford,NC,36.1813,-76.4673
Glen Gardner,NJ,40.7004,-74.9395
De Kalb,TX,33.5076,-94.6166
Sedgwick,KS,37.918,-97.4201
Carrier Mills,IL,37.6886,-88.6294
Port Norris,NJ,39.2521,-75.0412
De Soto,IL,37.8163,-89.2269
Kimball,TN,35.0469,-85.674
Crothersville,IN,38.7944,-85.8399
London,CA,36.4805,-119.445
Cave Junction,OR,42.1672,-123.6473
Crownsville,MD,39.0224,-76.5904
Congress,AZ,34.1526,-112.8642
Forest City,PA,41.6521,-75.4691
Grand Marais,MN,47.7588,-90.3445
Horse Shoe,NC,35.3423,-82.5568
Cairo,IL,37.0062,-89.1819
Angola on the Lake,NY,42.655,-79.0523
Lluveras,PR,18.038,-66.9037
Fannett,TX,29.925,-94.2389
Searles Valley,CA,35.77,-117.3967
Ellaville,GA,32.238,-84.3089
Loveland Park,OH,39.2951,-84.2641
Zilwaukee,MI,43.4809,-83.9223
Temelec,CA,38.2577,-122.4982
Thorp,WI,44.9579,-90.8022
Port Carbon,PA,40.6969,-76.1666
Arcadia,IN,40.1742,-86.0211
Lincolnton,GA,33.7931,-82.4776
Walker Valley,NY,41.6399,-74.3761
Hampton,TN,36.2772,-82.1728
Baldwin,LA,29.8389,-91.5522
Bourbon,MO,38.1505,-91.2494
Rockwell Place,TX,35.0422,-101.9084
Bunker Hill,OR,43.3502,-124.2082
Elizabeth,CO,39.3589,-104.6196
Munford,AL,33.5258,-85.9555
Foxcliff Estates,IN,39.4787,-86.3917
Vienna Bend,LA,31.7372,-93.0343
Teutopolis,IL,39.132,-88.4795
Houston,AK,61.6159,-149.8003
Inglis,FL,29.0323,-82.6603
Gilbert,MN,47.4912,-92.4612
Milton,NY,41.6571,-73.9661
Tekamah,NE,41.778,-96.2247
Island Heights,NJ,39.9424,-74.1454
New Hartford Center,CT,41.8802,-72.9753
Purvis,MS,31.145,-89.4054
Painted Post,NY,42.1634,-77.0925
Arden on the Severn,MD,39.0677,-76.5964
Wilder,ID,43.6782,-116.907
Wellston,MO,38.675,-90.2941
Morrisonville,NY,44.6941,-73.5552
Blue Ridge,GA,34.8666,-84.3218
Malvern,OH,40.6894,-81.1803
Baird,TX,32.396,-99.3963
Bull Shoals,AR,36.3748,-92.5902
Wacousta,MI,42.8202,-84.6907
Oroville,WA,48.9419,-119.4305
Orchard Hills,PA,40.5849,-79.5416
Santa Nella,CA,37.1012,-121.0157
Ridgely,MD,38.9528,-75.8828
Houghton,NY,42.4277,-78.1638
Mokuleia,HI,21.5771,-158.1714
Walnut Creek,NC,35.3051,-77.8714
Howard City,MI,43.3947,-85.4683
La Luz,NM,32.9698,-105.9388
Oberlin,LA,30.6069,-92.7724
Venice,IL,38.6719,-90.169
Ashaway,RI,41.426,-71.7852
Waterville,NY,42.9306,-75.3802
Clintondale,NY,41.6924,-74.0429
Forsyth,MT,46.2669,-106.6749
Akron,CO,40.1635,-103.2202
Stuart,VA,36.6404,-80.2687
Lewiston,MN,43.9824,-91.8694
Woodside East,DE,39.0676,-75.5376
Mannington,WV,39.5274,-80.3409
Hillcrest,IL,41.9669,-89.0626
Noel,MO,36.5432,-94.4888
Kaibito,AZ,36.592,-111.1071
Greenup,IL,39.2484,-88.1598
Plentywood,MT,48.776,-104.5574
Gower,MO,39.6129,-94.5947
Elizabeth Lake,CA,34.6589,-118.3785
Ko Olina,HI,21.3378,-158.1188
Stevenson,WA,45.6927,-121.8949
Hughes Springs,TX,32.9987,-94.6311
Bryson City,NC,35.4262,-83.4475
Captains Cove,VA,38.0003,-75.4173
Mikes,TX,26.3147,-98.6336
Bremen,OH,39.706,-82.4296
Guttenberg,IA,42.7885,-91.1058
Flomaton,AL,31.0127,-87.2541
Braham,MN,45.7223,-93.1717
Hollis,OK,34.6897,-99.9153
La Huerta,NM,32.4489,-104.2225
Sylvan Lake,MI,42.6172,-83.3331
Surrey,ND,48.2433,-101.1333
Franquez,PR,18.3401,-66.4276
Catlettsburg,KY,38.419,-82.6025
Danbury,TX,29.2274,-95.3461
Unionville,GA,31.4363,-83.5084
Descanso,CA,32.8696,-116.6279
Holliday,TX,33.8141,-98.6899
Youngsville,PA,41.8525,-79.3167
Pine Island Center,FL,26.6351,-82.1253
Grand Canyon Village,AZ,36.0474,-112.1623
Tsaile,AZ,36.3033,-109.2157
South Palm Beach,FL,26.5898,-80.039
Osakis,MN,45.8649,-95.1524
Lake Waccamaw,NC,34.3141,-78.5117
Montour Falls,NY,42.3499,-76.8484
Westport,IN,39.1767,-85.5746
Tunkhannock,PA,41.5413,-75.9485
McClellan Park,CA,38.6629,-121.4016
Christmas,FL,28.5605,-81.0201
Hinckley,MN,46.0122,-92.9256
Oronoco,MN,44.1598,-92.5401
Bement,IL,39.923,-88.5724
Hawkins,TX,32.5917,-95.2027
Belzoni,MS,33.1804,-90.4863
Seadrift,TX,28.4142,-96.7162
Hatch,NM,32.6663,-107.1644
Flying Hills,PA,40.2787,-75.9164
Roodhouse,IL,39.484,-90.374
Radium Springs,NM,32.4783,-106.9031
Lake Como,NJ,40.1706,-74.0262
Akron,IA,42.8268,-96.5572
Browntown,PA,41.3139,-75.7826
Kayak Point,WA,48.1387,-122.3342
Interlachen,FL,29.6203,-81.8963
Middletown,CA,38.7518,-122.6221
Drexel,OH,39.7382,-84.2931
Conashaugh Lakes,PA,41.3041,-74.9933
East Washington,PA,40.1745,-80.2325
Terra Bella,CA,35.96,-119.0387
Erie,IL,41.6589,-90.0813
Rio Blanco,PR,18.2123,-65.793
Sunnyside-Tahoe City,CA,39.1507,-120.1596
Frisco City,AL,31.4353,-87.4037
Sea Bright,NJ,40.3653,-73.977
Industry,PA,40.6595,-80.4115
Eaton,IN,40.3218,-85.3591
McCord,OK,36.6797,-97.0346
Eleanor,WV,38.5371,-81.9254
Cleveland,WI,43.9177,-87.7469
South Charleston,OH,39.8243,-83.6417
Uniontown,AL,32.449,-87.4958
West Falmouth,MA,41.6012,-70.6364
Moundridge,KS,38.2021,-97.515
Hartshorne,OK,34.8392,-95.5596
Seeley,CA,32.7893,-115.6843
Sophia,WV,37.7117,-81.2525
Cedar Glen West,NJ,40.0418,-74.2851
Tawas City,MI,44.2679,-83.5244
Fairfax,CA,35.3469,-118.9339
Manson,IA,42.5287,-94.54
North Industry,OH,40.7362,-81.3728
Pine Grove Mills,PA,40.7315,-77.8884
Lakefield,MN,43.678,-95.1695
Bingham Farms,MI,42.5176,-83.278
Lake City,IA,42.2677,-94.7311
Bolindale,OH,41.2088,-80.7785
Whitehall,WI,44.3605,-91.3377
North Belle Vernon,PA,40.132,-79.8639
Bell Acres,PA,40.5898,-80.1738
Palm Valley,TX,26.2015,-97.7546
Sneedville,TN,36.5366,-83.2098
Plymouth,OH,40.9965,-82.6672
Harpersville,AL,33.3184,-86.4286
Prairie City,IA,41.5954,-93.2393
Jobos,PR,17.9608,-66.1655
Carnegie,OK,35.103,-98.5996
Woodland Park,NE,42.0542,-97.3452
Rocky Point,WA,47.5886,-122.6673
Ballard,UT,40.2949,-109.9493
Pelahatchie,MS,32.3148,-89.8083
Wabasso,FL,27.7486,-80.4421
Olivet,NJ,39.5402,-75.1727
Mona,UT,39.8121,-111.8495
Morrice,MI,42.8362,-84.1833
El Mango,PR,18.2345,-65.8751
Rehobeth,AL,31.1242,-85.4383
Plain View,NC,35.2457,-78.5634
North Pekin,IL,40.6114,-89.6225
Pine Valley,CA,32.8415,-116.5107
Poth,TX,29.0726,-98.0809
Gordon,NE,42.8064,-102.204
Oak Hill,OH,38.8973,-82.5694
Topaz Ranch Estates,NV,38.7357,-119.5008
Barview,OR,43.347,-124.3073
Haskell,OK,35.8187,-95.6805
The Galena Territory,IL,42.3955,-90.3184
Forest Heights,TX,30.2339,-93.761
Englewood,TN,35.4228,-84.4883
Shenorock,NY,41.3307,-73.7409
Hillsboro,ND,47.403,-97.0635
Elwood,UT,41.6759,-112.1376
Gibbon,NE,40.7461,-98.8458
Mantua,UT,41.5006,-111.9344
Carter,TX,32.9139,-97.7343
Hackleburg,AL,34.2693,-87.8303
Stuart,IA,41.5004,-94.3182
Hebron,NE,40.1685,-97.5866
Henderson,LA,30.3184,-91.8065
Manito,IL,40.4201,-89.7806
Cienega Springs,AZ,34.2009,-114.2089
Laingsburg,MI,42.8906,-84.35
Lincoln,DE,38.868,-75.4229
River Hills,WI,43.1716,-87.9353
Harbor Hills,OH,39.9366,-82.4343
Conyngham,PA,40.9913,-76.0599
Grayling,MI,44.6566,-84.7091
Pacific City,OR,45.2054,-123.9536
Halsey,OR,44.3827,-123.111
South Dos Palos,CA,36.9707,-120.6467
White Pigeon,MI,41.7977,-85.6485
Warren,MN,48.194,-96.7688
Neligh,NE,42.1291,-98.03
Reform,AL,33.3788,-88.0173
Montgomery,WV,38.175,-81.3245
Nissequogue,NY,40.9023,-73.1923
Nashua,IA,42.9503,-92.5417
Worthington,IN,39.1185,-86.9798
Shell Rock,IA,42.7126,-92.5816
Burton,OH,41.4708,-81.1456
Middletown,VA,39.0287,-78.2781
Olivet,MI,42.444,-84.9246
Cedar Bluff,AL,34.2217,-85.5882
Huntsville,TN,36.4112,-84.5056
New Middletown,OH,40.9646,-80.5597
Wind Point,WI,42.7814,-87.7721
Ainsworth,NE,42.5485,-99.8576
Southside Place,TX,29.7089,-95.4366
Webster,FL,28.6114,-82.0493
Greenback,TN,35.6487,-84.1725
Beverly Hills,TX,31.5224,-97.1564
Rector,AR,36.2642,-90.2935
Cherokee,NC,35.486,-83.3011
Ledbetter,KY,37.0485,-88.4949
North Key Largo,FL,25.2574,-80.3242
New Paris,IN,41.5005,-85.8249
Hines,OR,43.5569,-119.0803
Monroeville,OH,41.244,-82.7018
Salisbury,MO,39.4233,-92.8025
Sharpsburg,NC,35.8663,-77.8306
Frenchtown,MT,47.0287,-114.2461
Homer,GA,34.3355,-83.4986
Urbana,IA,42.2286,-91.8867
Perry,OH,41.7636,-81.143
Fairplay,GA,33.6187,-84.8605
Ogden,KS,39.1128,-96.7028
Rome,IL,40.8754,-89.5129
Hopwood,PA,39.8773,-79.7017
Yacolt,WA,45.8652,-122.4062
Cottonwood Shores,TX,30.555,-98.3276
Roxana,IL,38.8315,-90.0464
St. Matthews,SC,33.664,-80.778
Ripley,OH,38.7325,-83.8346
Rio Rancho Estates,NM,35.3004,-106.7985
Beaver,OK,36.815,-100.5236
Comanche,OK,34.3567,-97.9509
Aceitunas,PR,18.4455,-67.0669
West Sharyland,TX,26.2719,-98.3404
West Buechel,KY,38.195,-85.6678
Meadview,AZ,35.9532,-114.0789
Roseto,PA,40.8778,-75.2204
Devon,PA,40.0496,-75.4272
Cambridge City,IN,39.8125,-85.1703
Hoopers Creek,NC,35.448,-82.4294
Nellysford,VA,37.9132,-78.8829
Cumberland Head,NY,44.7177,-73.398
Ferrum,VA,36.9314,-80.0148
Spencer,WI,44.7544,-90.2983
Palmarejo,PR,18.0409,-67.0766
Springfield,NE,41.0854,-96.1333
Harwich Center,MA,41.6923,-70.0694
Lac du Flambeau,WI,45.9696,-89.8994
Oakland,MO,38.5768,-90.3849
Ivanhoe,TX,30.6799,-94.4154
Cohoe,AK,60.2681,-151.2843
Gruetli-Laager,TN,35.3726,-85.6375
Monona,IA,43.0504,-91.391
Smith Valley,NV,38.8109,-119.3517
Shannon,GA,34.3406,-85.0854
Galena,IN,38.3513,-85.9372
Noank,CT,41.3339,-71.9978
Oblong,IL,39.0022,-87.9107
St. Jacob,IL,38.7198,-89.768
Paxtang,PA,40.2623,-76.8342
Preston,TX,33.8671,-96.6596
Standish,MI,43.9794,-83.9637
Colwich,KS,37.7818,-97.5363
Rio Vista,TX,32.2351,-97.3745
Boring,OR,45.4304,-122.3716
Paul,ID,42.6052,-113.7847
Chesapeake,WV,38.2232,-81.5363
Saint John's University,MN,45.5798,-94.3931
Fairfax,OH,39.1432,-84.3972
Minorca,LA,31.5725,-91.4884
Royal City,WA,46.9018,-119.6205
Bradford,OH,40.1319,-84.4293
Crainville,IL,37.7511,-89.06
Rural Retreat,VA,36.901,-81.2765
Vander,NC,35.0347,-78.7887
Wilson-Conococheague,MD,39.653,-77.8306
Stedman,NC,35.0114,-78.6996
Richland,PA,40.3574,-76.2569
Norris City,IL,37.979,-88.3279
Hato Candal,PR,18.3732,-65.7906
Appalachia,VA,36.9098,-82.7882
Estell Manor,NJ,39.3587,-74.7752
Malaga,NJ,39.5787,-75.0589
Lovelock,NV,40.1787,-118.4775
Mustang Ridge,TX,30.0574,-97.6851
Spring Valley,AZ,34.3452,-112.1592
Whitewright,TX,33.5108,-96.3956
Rosanky,TX,29.9537,-97.3065
Hoback,WY,43.3082,-110.7443
Olivet,TN,35.2048,-88.1939
Frenchtown,NJ,40.5272,-75.0571
Marbury,AL,32.6793,-86.4608
Nebo,NC,35.7106,-81.918
Level Plains,AL,31.3071,-85.7687
Thornville,OH,39.8944,-82.4203
Molino,FL,30.7123,-87.324
Tariffville,CT,41.9071,-72.7684
Patrick AFB,FL,28.2346,-80.6079
Limestone Creek,FL,26.9432,-80.1407
Logansport,LA,31.9763,-93.9933
Wilson,OK,34.1684,-97.426
Clark Mills,NY,43.0895,-75.3757
Gray,TN,36.4219,-82.4767
Coeburn,VA,36.9444,-82.4698
Pandora,OH,40.9474,-83.9567
Palmer,TX,26.0703,-97.6342
Ruhenstroth,NV,38.8913,-119.6833
Tennille,GA,32.9359,-82.8134
Buena Vista,PR,17.9964,-66.0515
Averill Park,NY,42.6393,-73.5583
Camp Croft,SC,34.9102,-81.8595
Hawthorne,FL,29.5938,-82.0944
Union City,OK,35.4015,-97.9047
Guthrie Center,IA,41.6779,-94.4991
Fayette,MS,31.7122,-91.062
Greenville,IN,38.3716,-85.9826
Lockney,TX,34.123,-101.4424
El Valle de Arroyo Seco,NM,35.9526,-106.026
Oglala,SD,43.1849,-102.7268
Justice,OK,36.2908,-95.5636
Lakeview,WA,47.3755,-119.5044
Barton,NM,35.0653,-106.2569
Ragland,AL,33.7469,-86.1384
Rossville,IN,40.4196,-86.5958
Mescal,AZ,31.9676,-110.4368
Fisher,IL,40.3157,-88.3503
Owenton,KY,38.5385,-84.8411
Delavan,IL,40.371,-89.5461
Dravosburg,PA,40.3508,-79.8907
Ina,IL,38.1499,-88.904
West Alexandria,OH,39.745,-84.5361
Wolf Creek,UT,41.3253,-111.8288
Dover Beaches North,NJ,39.9921,-74.0715
Norwood,OK,35.8491,-95.1493
Conway Springs,KS,37.3899,-97.643
Rosharon,TX,29.35,-95.453
Frazee,MN,46.7282,-95.7026
Manson,WA,47.8816,-120.162
Leland Grove,IL,39.7787,-89.6838
Enosburg Falls,VT,44.9083,-72.8026
Langston,OK,35.9308,-97.2807
Clarks Green,PA,41.5009,-75.6952
De Pue,IL,41.328,-89.2959
Newcastle,CA,38.8677,-121.1318
Walnut Grove,GA,33.7452,-83.8512
South River,NM,36.7892,-108.06
Tonto Basin,AZ,33.837,-111.2999
Somonauk,IL,41.6419,-88.6733
Naval Academy,MD,38.9858,-76.488
Elgin,OR,45.5646,-117.9213
Breckinridge Center,KY,37.682,-87.8656
Milan,OH,41.2882,-82.5994
Haymarket,VA,38.8121,-77.6363
Woodmont,CT,41.2282,-72.993
Centreville,MI,41.9213,-85.5259
Ridgeville,SC,33.09,-80.3071
Ransomville,NY,43.2396,-78.9129
Beaver Dam,AZ,36.907,-113.9362
Los Molinos,CA,40.027,-122.0981
Westwood,PA,40.3331,-78.9537
Summerdale,AL,30.4783,-87.6904
New Castle Northwest,PA,41.0221,-80.3566
Prineville Lake Acres,OR,44.1676,-120.7889
New Market,MD,39.3889,-77.2789
Taft Heights,CA,35.1337,-119.4711
Hartley,IA,43.1791,-95.4768
Ford Heights,IL,41.5109,-87.5814
Langhorne Manor,PA,40.1657,-74.9174
Shaw,MS,33.6015,-90.772
Palmer,PR,18.3704,-65.7733
Bellwood,PA,40.6007,-78.3334
Elephant Butte,NM,33.1806,-107.2269
Elkhart,TX,31.6276,-95.5789
Smith Center,KS,39.774,-98.7831
Greenock,PA,40.3125,-79.8038
Homer,MI,42.1461,-84.8103
Beverly,OH,39.55,-81.6362
Pilot Mountain,NC,36.3853,-80.4735
Holiday Valley,OH,39.8536,-83.962
Helena West Side,MT,46.5966,-112.1148
Craigsville,WV,38.3246,-80.645
Gamerco,NM,35.5699,-108.7641
Elizabethville,PA,40.5472,-76.816
Osgood,IN,39.1286,-85.2929
Navarre Beach,FL,30.383,-86.8874
Dimondale,MI,42.6484,-84.6475
Edgeworth,PA,40.5546,-80.1923
Loganville,PA,39.8558,-76.7079
Bull Run Mountain Estates,VA,38.9106,-77.6638
Remington,IN,40.7667,-87.1391
Pierz,MN,45.9772,-94.1008
Warner,OK,35.4905,-95.3087
Tano Road,NM,35.7374,-105.9819
Brodheadsville,PA,40.9267,-75.4017
Quincy,CA,39.931,-120.9548
South Dennis,NJ,39.1684,-74.8
Valatie,NY,42.4134,-73.6779
Colmar Manor,MD,38.9301,-76.9437
Pole Ojea,PR,17.9743,-67.1832
Mathews,LA,29.6821,-90.5559
Senath,MO,36.134,-90.1614
White Sands,NM,32.3804,-106.4791
Rockaway Beach,OR,45.6186,-123.9398
Gilman,IL,40.7626,-87.9975
Del Norte,CO,37.6786,-106.3539
Harbor Beach,MI,43.8451,-82.6563
East Berlin,PA,39.9368,-76.9793
Dysart,IA,42.1721,-92.3091
Haverford College,PA,40.0081,-75.3065
Prosperity,WV,37.8385,-81.1986
Philmont,NY,42.2478,-73.6462
Silver Summit,UT,40.7489,-111.514
Randolph,WI,43.5397,-89.0029
Woodacre,CA,38.0052,-122.6384
Stansberry Lake,WA,47.3814,-122.7153
Las Marias,PR,18.2928,-67.145
Port Barrington,IL,42.2441,-88.1947
Parklawn,CA,37.6071,-120.9803
Belle Rose,LA,30.0422,-91.0497
Awendaw,SC,32.9661,-79.6586
Mulberry,AR,35.51,-94.074
Corning,IA,40.9923,-94.7397
Oakland,NE,41.8356,-96.4669
Central High,OK,34.617,-98.0892
Limon,CO,39.2653,-103.6857
Stafford,OR,45.3786,-122.6822
Avonia,PA,42.047,-80.2764
McCaysville,GA,34.9811,-84.3706
Jonesboro,IN,40.4797,-85.6304
Elkland,PA,41.989,-77.314
Pelzer,SC,34.6433,-82.4588
Moody AFB,GA,30.9714,-83.1954
Versailles,PA,40.3177,-79.8309
Jenkins,KY,37.1826,-82.631
Dale,IN,38.1769,-86.9802
Camp Barrett,VA,38.5198,-77.4441
Thompson Falls,MT,47.5993,-115.3425
Garberville,CA,40.1003,-123.7948
Inkerman,PA,41.297,-75.8165
Olton,TX,34.1802,-102.137
St. George,MO,38.5376,-90.3121
West Liberty,WV,40.1648,-80.5972
Cedar Hill,MO,38.3575,-90.6409
Proctor,VT,43.6691,-73.0405
Vinco,PA,40.41,-78.845
Sharon,WI,42.5049,-88.7402
Orfordville,WI,42.6294,-89.2572
Crescent,OK,35.9518,-97.5948
Braddock Hills,PA,40.418,-79.863
West Jefferson,NC,36.3938,-81.4898
Corydon,IA,40.7577,-93.3175
Freedom,PA,40.6848,-80.2532
Taylorsville,KY,38.0368,-85.3333
Ecru,MS,34.355,-89.0222
Sleepy Hollow Lake,NY,42.3034,-73.8086
Clarendon,AR,34.6936,-91.3062
Brooklyn,IA,41.732,-92.445
St. Georges,DE,39.5606,-75.6514
Langhorne,PA,40.1777,-74.9212
Granite,OK,34.956,-99.3692
Canby,MN,44.7158,-96.269
Rapids,NY,43.0976,-78.644
Westwood Shores,TX,30.9376,-95.3254
South Shore,KY,38.7224,-82.9647
Onset,MA,41.7481,-70.667
Penn State Erie,PA,42.1184,-79.9818
Black Point-Green Point,CA,38.1121,-122.5194
Bismarck,MO,37.7674,-90.6224
Fort Deposit,AL,31.9863,-86.5664
Wright-Patterson AFB,OH,39.8112,-84.0573
Leona Valley,CA,34.6147,-118.299
Sylvan Springs,AL,33.5302,-87.0312
Shreve,OH,40.6813,-82.0217
Chenoa,IL,40.7389,-88.7259
Remsenburg-Speonk,NY,40.8158,-72.7064
Freeman,SD,43.3475,-97.4306
Elk Rapids,MI,44.8949,-85.4053
Midway,FL,28.7924,-81.2314
Kingston,NJ,40.3838,-74.6122
Wallis,TX,29.6317,-96.0638
Stewartville,AL,33.0725,-86.2658
Morris,OK,35.6153,-95.8617
Fox Chase,PA,40.3952,-75.9634
Del Rio,CA,37.7432,-121.0084
Glouster,OH,39.5022,-82.0842
Cresson,TX,32.5299,-97.6154
Del Rey Oaks,CA,36.5913,-121.829
Wagner,SD,43.0768,-98.2934
Gouldtown,NJ,39.4152,-75.1912
Kaloko,HI,19.7216,-155.9505
Stanfield,NC,35.2337,-80.4303
Twin Grove,IL,40.4857,-89.0993
Rawls Springs,MS,31.3797,-89.3878
Ackley,IA,42.5519,-93.0528
Hooker,OK,36.8613,-101.2162
Point Venture,TX,30.3817,-98.001
Trumansburg,NY,42.541,-76.6618
La Playa,PR,18.2865,-67.1868
Springmont,PA,40.3274,-76.0042
Holstein,IA,42.487,-95.5428
Fair Grove,MO,37.3833,-93.1522
Goliad,TX,28.6708,-97.3917
Dixon,NM,36.1886,-105.8784
Cactus Flats,AZ,32.7642,-109.7206
McCamey,TX,31.1325,-102.22
Higganum,CT,41.4905,-72.558
Golden's Bridge,NY,41.2878,-73.6682
Advance,MO,37.1038,-89.912
Greenville,FL,30.4667,-83.6352
Silver Lake,KS,39.0994,-95.8563
Avilla,AR,34.7003,-92.5794
Black Diamond,FL,28.9067,-82.4946
Centre Hall,PA,40.8448,-77.685
State Center,IA,42.0148,-93.1653
Nooksack,WA,48.9276,-122.3186
Grant Park,IL,41.2429,-87.6353
Meridian,TX,31.9262,-97.6501
Tennessee Ridge,TN,36.3194,-87.7631
Phillips,WI,45.6958,-90.4018
Crane,MO,36.9028,-93.5716
Amboy,WA,45.9122,-122.4796
Edinburg,VA,38.8235,-78.5634
Advance,NC,35.9468,-80.4045
John Day,OR,44.4181,-118.9563
Winchester,IL,39.6298,-90.456
Westlake,TX,32.9809,-97.2041
Enterprise,UT,37.5717,-113.7431
Bonneau Beach,SC,33.3229,-79.99
Princeton,NC,35.4671,-78.1613
Chenoweth,OR,45.6206,-121.2363
Tower City,PA,40.5884,-76.553
Daniels,WV,37.724,-81.1267
Coburg,OR,44.1394,-123.0588
Cherryville,PA,40.7549,-75.5309
Minco,OK,35.3175,-97.9517
Keystone Heights,FL,29.7812,-82.034
Fountain Green,UT,39.6281,-111.6413
Garden City,MO,38.563,-94.1959
Wellman,IA,41.4693,-91.8353
Jamesport,NY,40.9546,-72.5807
Ferndale,PA,40.2883,-78.9179
Belle,WV,38.2336,-81.5385
Ucon,ID,43.5936,-111.9594
Roslyn Estates,NY,40.7937,-73.6612
Pocahontas,IA,42.737,-94.666
East Palatka,FL,29.6502,-81.5997
Biltmore Forest,NC,35.5348,-82.5403
Hill City,KS,39.367,-99.846
Yutan,NE,41.2431,-96.3959
Chatham,VA,36.8185,-79.3967
Baker,MT,46.364,-104.2741
Benld,IL,39.093,-89.8023
Scotland,PA,39.9697,-77.5844
Red Lick,TX,33.4766,-94.1686
Cove Creek,NC,36.2763,-81.7829
Curtice,OH,41.616,-83.3743
Avon,PA,40.3426,-76.3793
Ahwahnee,CA,37.3654,-119.7166
Wyoming,IL,41.0639,-89.7729
Minneota,MN,44.5625,-95.9827
Mont Alto,PA,39.8404,-77.5559
Chapel Hill,TN,35.6283,-86.697
Big Timber,MT,45.8346,-109.9487
Morrisville,NY,42.8987,-75.6448
Utica,SC,34.6764,-82.9252
Cascade Locks,OR,45.6763,-121.8719
Southport,CT,41.135,-73.2873
Elroy,WI,43.7419,-90.2704
Bruceville-Eddy,TX,31.3105,-97.2477
Port Sulphur,LA,29.5046,-89.7206
New Hope,OR,42.3693,-123.359
Tatum,TX,32.3159,-94.5189
Bethel,NC,35.8072,-77.3763
Basin City,WA,46.589,-119.1566
Gordonsville,VA,38.136,-78.1879
Harristown,IL,39.8429,-89.0608
Wellington,UT,39.5358,-110.7344
Thomson,IL,41.9748,-90.1122
Mound Bayou,MS,33.8808,-90.728
Ferndale,CA,40.5781,-124.2612
Tioga,ND,48.3947,-102.9431
Tome,NM,34.739,-106.7251
Ralls,TX,33.6788,-101.3846
Leadwood,MO,37.8618,-90.5892
Elmore,OH,41.4708,-83.2911
Castleton-on-Hudson,NY,42.5332,-73.7491
Nederland,CO,39.9633,-105.5071
Bowman,ND,46.1843,-103.4029
Ronceverte,WV,37.7503,-80.4715
Douglass,KS,37.5169,-97.0105
Clyde,NC,35.533,-82.9108
Runaway Bay,TX,33.1774,-97.8709
Newark,AR,35.7076,-91.4434
West Hills,PA,40.8291,-79.5452
Weldon,NC,36.4239,-77.613
Lake LeAnn,MI,42.0599,-84.4309
Dobson,NC,36.3928,-80.7245
Rutledge,TN,36.2757,-83.5311
New Fairview,TX,33.1124,-97.4456
Stockton,KS,39.4251,-99.2764
West Park,NJ,39.44,-75.2624
Los Ranchos,CA,35.2104,-120.6295
Mechanicsville,MD,38.4355,-76.7424
Edgard,LA,30.0362,-90.546
Panora,IA,41.6911,-94.3639
Marmet,WV,38.2458,-81.5711
Heritage Pines,FL,28.4267,-82.6254
Gardendale,TX,32.0105,-102.3587
Little Walnut Village,NM,32.8257,-108.2811
Dover Beaches South,NJ,39.9539,-74.0806
Dunsmuir,CA,41.2317,-122.2715
Banner Hill,TN,36.1223,-82.4203
Glendale,MS,31.368,-89.3086
Lake Telemark,NJ,40.961,-74.497
Williamsville,IL,39.9548,-89.5468
Coahoma,TX,32.2956,-101.3089
Arnaudville,LA,30.4023,-91.932
Medicine Lodge,KS,37.2851,-98.5812
Cecilia,LA,30.3368,-91.8476
Mountain Road,VA,36.7585,-78.989
Glen Dale,WV,39.9466,-80.7565
Decatur,AR,36.3402,-94.4578
Smethport,PA,41.8075,-78.4439
Weissport East,PA,40.8369,-75.6864
Mount Carroll,IL,42.0948,-89.977
Lumberton,MS,31.0064,-89.4592
Grayville,IL,38.2554,-87.997
Lake Sherwood,CA,34.134,-118.8804
Augusta,KY,38.7723,-84.0003
Morenci,AZ,33.0539,-109.331
DeLisle,MS,30.3848,-89.2746
Parks,AZ,35.2939,-111.977
Quinlan,TX,32.909,-96.1312
Sun Prairie,MT,47.5386,-111.4918
Serenada,TX,30.6948,-97.6959
Cedar Ridge,CA,38.066,-120.2737
Parachute,CO,39.4508,-108.0529
Coto Norte,PR,18.4328,-66.4409
Mount Pulaski,IL,40.0102,-89.2839
Del Rey,CA,36.6565,-119.5981
Shell Lake,WI,45.7322,-91.9033
Absecon Highlands,NJ,39.4409,-74.4735
Baltic,SD,43.7603,-96.7371
Rolling Hills,CA,33.7601,-118.3471
Powhatan Point,OH,39.8625,-80.8098
Warsaw,IL,40.3509,-91.4277
Watertown,TN,36.1007,-86.1394
Franklin Furnace,OH,38.6114,-82.8439
Lakeland,MN,44.9503,-92.77
Sanborn,IA,43.1814,-95.6554
Stamps,AR,33.3568,-93.4955
Morton,TX,33.7248,-102.7593
Lanark,IL,42.1019,-89.8336
North Granby,CT,42.0152,-72.844
Stearns,KY,36.6957,-84.4768
Bayard,NE,41.7572,-103.323
South Coventry,CT,41.7731,-72.3084
Cedar Glen Lakes,NJ,39.9527,-74.3995
Fairbank,IA,42.6401,-92.0477
Epworth,GA,34.951,-84.3808
Eagle River,WI,45.925,-89.2561
Weston,OH,41.3464,-83.7948
Fife Heights,WA,47.2596,-122.346
Bellefonte,DE,39.7668,-75.4982
Cambridge,WI,43.0071,-89.0214
Malta,IL,41.9291,-88.8669
Madison,MN,45.0127,-96.189
Palmdale,PA,40.2962,-76.6234
Astor,FL,29.1635,-81.5349
Belleair Beach,FL,27.9242,-82.8359
Susitna North,AK,62.1281,-149.8593
Cannelton,IN,37.9106,-86.7377
Laguna Park,TX,31.8643,-97.3861
Lorena,TX,31.3818,-97.2127
Red Lake,MN,47.8701,-95.0059
Intercourse,PA,40.0379,-76.1081
Pepeekeo,HI,19.8325,-155.1056
Wardsville,MO,38.4901,-92.1791
Lakemont,PA,40.4642,-78.3922
Mio,MI,44.6605,-84.1418
Watson,LA,30.5749,-90.9508
Daleville,IN,40.1187,-85.5567
Green Valley,SD,44.039,-103.1116
Key Vista,FL,28.1946,-82.7703
Chatmoss,VA,36.6758,-79.7981
Alpine,NJ,40.9616,-73.9198
Callahan,FL,30.5655,-81.8319
Boonville,NC,36.234,-80.7093
Warm Springs,CA,33.7067,-117.3343
Princeville,NC,35.8861,-77.5194
Fall Creek,WI,44.7639,-91.2783
Rose Hill,NC,34.8261,-78.0259
Saxapahaw,NC,35.9489,-79.321
Monument Hills,CA,38.6641,-121.8754
Oakland,IA,41.3115,-95.3951
Anton Ruiz,PR,18.1883,-65.8079
Cresson,PA,40.4626,-78.5866
Spring Green,WI,43.1776,-90.0688
Crandon,WI,45.5686,-88.8973
West Conshohocken,PA,40.0702,-75.3188
Slater,IA,41.8807,-93.6911
Catawissa,PA,40.9531,-76.4604
Franklin,TX,31.025,-96.4876
Chesterfield,SC,34.733,-80.0778
Lake Lorelei,OH,39.1875,-83.9715
Woodville,WI,44.9483,-92.2851
Clara City,MN,44.9576,-95.3671
Kirkland,IL,42.0905,-88.849
Glenmoor,OH,40.6639,-80.6133
Cane Savannah,SC,33.8923,-80.4396
LaCoste,TX,29.31,-98.8116
Osborne,KS,39.4404,-98.6994
Whiting,WI,44.4907,-89.56
Mancelona,MI,44.9024,-85.0613
Upper Fruitland,NM,36.7204,-108.3236
McConnellstown,PA,40.4643,-78.067
Lakeside,TX,32.8222,-97.4867
Cadott,WI,44.9502,-91.1532
Kyle,SD,43.4245,-102.1801
Saunders Lake,OR,43.5214,-124.211
Covelo,CA,39.8025,-123.2499
Mineville,NY,44.0933,-73.5246
Random Lake,WI,43.5541,-87.9548
Spencer,TN,35.7393,-85.456
West Myerstown,PA,40.3707,-76.3234
West Baraboo,WI,43.4815,-89.7718
Avon,MN,45.61,-94.4618
Lexington,TX,30.4148,-97.0094
Eagle Butte,SD,44.9939,-101.231
Bonduel,WI,44.7383,-88.4476
Brooklyn Heights,OH,41.418,-81.6681
Hubbard,TX,31.847,-96.8003
Virginia,IL,39.9524,-90.2108
Woodbury Center,CT,41.5439,-73.2048
Julian,CA,33.0735,-116.5889
Tok,AK,63.329,-143.0379
Vernon Center,NJ,41.1874,-74.5015
Bovina,TX,34.5156,-102.8848
Snead,AL,34.1162,-86.3902
Palmarejo,PR,18.3149,-66.2925
Collings Lakes,NJ,39.5939,-74.8821
Boyd,TX,33.0843,-97.5632
Olive Hill,KY,38.3037,-83.1682
Diablo Grande,CA,37.4009,-121.2629
Lake Lure,NC,35.4404,-82.2065
Mabscott,WV,37.769,-81.2133
North Charleroi,PA,40.15,-79.9084
Keshena,WI,44.8697,-88.6002
Kenton,TN,36.2021,-89.0155
Lone Jack,MO,38.8706,-94.1852
Helena,OK,36.5463,-98.2718
Quincy,MI,41.9424,-84.8826
Laurium,MI,47.2351,-88.4382
Belle Plaine,KS,37.3934,-97.2795
Montague,CA,41.7275,-122.5302
Barneveld,WI,43.0117,-89.8969
Forest Meadows,CA,38.1717,-120.399
Durand,IL,42.4338,-89.3268
La Alianza,PR,18.395,-66.5975
Marks,MS,34.2535,-90.2723
Perryopolis,PA,40.0869,-79.7526
Coldstream,OH,39.0479,-84.3475
Park River,ND,48.391,-97.7425
Lusk,WY,42.7613,-104.4584
Springfield,CO,37.405,-102.6189
Elmore,AL,32.5552,-86.3425
Baywood Park,CA,37.5292,-122.3417
Parsons,WV,39.0942,-79.6785
Glide,OR,43.3029,-123.0666
Wedgefield,SC,33.883,-80.5156
Palm Shores,FL,28.1919,-80.6594
Glencoe,FL,29.0005,-80.9604
Brownsboro,TX,32.2984,-95.6131
Lakeshire,MO,38.54,-90.3384
Avalon,NJ,39.0906,-74.7356
Battle Creek,NE,41.9981,-97.5994
Legend Lake,WI,44.8909,-88.544
Tarkio,MO,40.443,-95.3835
Weber City,VA,36.6236,-82.5632
Clintwood,VA,37.1507,-82.4573
Munday,TX,33.4471,-99.624
Fredericksburg,PA,40.4441,-76.4377
Maunabo,PR,18.0056,-65.9009
Independence,WI,44.3328,-91.4172
Sundown,TX,33.4576,-102.4908
Samson,AL,31.1124,-86.0462
Belle,MO,38.2848,-91.7217
Beesleys Point,NJ,39.2777,-74.6333
Nescopeck,PA,41.053,-76.2123
Tyhee,ID,42.9552,-112.4561
Lannon,WI,43.1521,-88.1605
Ruch,OR,42.2314,-123.0403
Ringgold,LA,32.3261,-93.2836
Mount Airy,GA,34.5221,-83.4976
East Vineland,NJ,39.4805,-74.9158
Brookside Village,TX,29.5908,-95.3179
Lenox,IA,40.8835,-94.5583
King,WI,44.3402,-89.1228
Playa Fortuna,PR,18.3759,-65.746
Manning,IA,41.9092,-95.0643
Ama,LA,29.944,-90.2967
McAlmont,AR,34.7925,-92.196
Bel-Nor,MO,38.7017,-90.318
Norris,TN,36.2137,-84.0629
Ravenna,MI,43.1888,-85.9415
Lazy Mountain,AK,61.6517,-148.902
Pierce City,MO,36.9465,-94.0032
Alum Creek,WV,38.2875,-81.833
Brackettville,TX,29.3181,-100.4109
Fort Benton,MT,47.8291,-110.6557
Mishicot,WI,44.2303,-87.6423
Leadville North,CO,39.26,-106.3112
Sardinia,OH,39.0071,-83.802
Millers Creek,NC,36.1909,-81.2356
Smoke Rise,AL,33.8789,-86.824
Van Meter,IA,41.5192,-93.9426
Seabrook Farms,NJ,39.5015,-75.219
Laflin,PA,41.2898,-75.7943
Blawnox,PA,40.4922,-79.86
Shorewood-Tower Hills-Harbert,MI,41.8817,-86.6142
Union Hall,VA,37.0206,-79.6837
Lomas Verdes Comunidad,PR,18.3823,-67.1201
Hagan,GA,32.1536,-81.9304
Sanborn,NY,43.1451,-78.8777
Emigration Canyon,UT,40.7886,-111.7414
Oakdale,PA,40.4001,-80.1872
Patterson Tract,CA,36.3795,-119.2956
Falkville,AL,34.3793,-86.9086
Como,MS,34.5134,-89.9391
Big Pine,CA,37.1655,-118.2951
Traer,IA,42.1895,-92.4639
Saticoy,CA,34.2819,-119.1454
Wathena,KS,39.7602,-94.9396
Fullerton,NE,41.3647,-97.9726
Granville,IL,41.2658,-89.2307
Lone Oak,TN,35.2007,-85.3685
Lake Marcel-Stillwater,WA,47.6926,-121.9151
Castle Dale,UT,39.2218,-111.023
Bayou Gauche,LA,29.8081,-90.421
High Rolls,NM,32.9388,-105.8214
Bedminster,NJ,40.6745,-74.6592
Kensington,NY,40.7932,-73.7222
Northlakes,NC,35.7757,-81.3669
Muenster,TX,33.6586,-97.3874
Leoti,KS,38.4834,-101.3579
Philo,IL,40.0033,-88.1563
Oolitic,IN,38.8935,-86.5254
Uintah,UT,41.1428,-111.9334
Tolar,TX,32.3895,-97.919
Playita Cortada,PR,17.982,-66.4402
Ocean Ridge,FL,26.5286,-80.0499
Hughestown,PA,41.3289,-75.77
Parkland,PA,40.159,-74.9318
Hamshire,TX,29.857,-94.3185
Gallitzin,PA,40.481,-78.5547
St. Stephen,SC,33.4047,-79.9264
Arapahoe,WY,42.9911,-108.4562
Fort Loramie,OH,40.3442,-84.3694
Chinook,MT,48.5902,-109.2319
Warren,OR,45.8133,-122.8796
Iota,LA,30.326,-92.4956
Plandome,NY,40.8069,-73.6996
Roland,IA,42.1661,-93.5028
Odon,IN,38.8423,-86.9894
Duncan Falls,OH,39.8777,-81.9112
Hebron,IL,42.4652,-88.4344
West Yellowstone,MT,44.6627,-111.1057
Brooklyn,WI,42.8524,-89.3723
Coulee Dam,WA,47.9689,-118.9759
Bridgeport,OH,40.0673,-80.7473
Garrison,ND,47.6532,-101.4219
Pierson,FL,29.2401,-81.4559
Waverly,IL,39.5925,-89.9526
Hartford,IL,38.8183,-90.0915
Ponderay,ID,48.3092,-116.539
Redfield,AR,34.4429,-92.1844
Suarez,PR,18.4311,-65.8515
Thunder Mountain,NM,35.1009,-106.2278
Paincourtville,LA,29.9886,-91.0554
Bronson,FL,29.4501,-82.6391
Seneca,PA,41.377,-79.7073
Pleasant Hill,OH,40.0506,-84.3462
Ashley,OH,40.4098,-82.9516
Bowling Green,VA,38.0535,-77.3473
Foresthill,CA,39.0053,-120.8314
McComb,OH,41.1068,-83.7898
Simmesport,LA,30.9806,-91.8143
Powells Crossroads,TN,35.1849,-85.4848
Paonia,CO,38.8698,-107.592
Apollo,PA,40.5848,-79.5647
North Fork,AZ,33.9965,-109.9593
Hayden,AL,33.8818,-86.7842
South Wilton,CT,41.173,-73.4166
Aurora,TX,33.056,-97.5096
Mallory,WV,37.7302,-81.8243
Newberry,MI,46.3538,-85.5098
Archer City,TX,33.5938,-98.6256
El Paraiso,PR,18.0648,-66.6021
Blue Mountain,MS,34.6739,-89.0262
Redkey,IN,40.3483,-85.1539
Buxton,NC,35.2511,-75.5475
Downs,IL,40.3988,-88.8894
Keeler Farm,NM,32.3161,-107.7602
Caney,KS,37.014,-95.9315
Rogers,TX,30.93,-97.229
Aberdeen,OH,38.6713,-83.7704
Steele,MO,36.0903,-89.8402
Cleora,OK,36.5738,-94.948
Charlotte Hall,MD,38.4667,-76.7848
Dunlap,IL,40.848,-89.6719
Bellemont,AZ,35.2425,-111.8138
East Canton,OH,40.7889,-81.285
Des Arc,AR,34.9776,-91.5067
La Grulla,TX,26.2721,-98.6483
Sheridan,CA,38.9695,-121.3552
Gorman,NC,36.0417,-78.8092
Silver Lake,NJ,39.4675,-75.2408
Mendon,UT,41.7102,-111.9776
Lamar,SC,34.1695,-80.0649
Arlington,OH,40.8937,-83.6529
Fowler,MI,43.0041,-84.7411
Woodland Heights,PA,41.4108,-79.7048
Marshall,AR,35.9084,-92.6459
Lake Riverside,CA,33.5173,-116.8107
Lacoochee,FL,28.4655,-82.1698
Locust Grove,OK,36.1982,-95.1689
Bruce,MS,33.9909,-89.3454
Bonner-West Riverside,MT,46.8767,-113.8869
Shell Knob,MO,36.609,-93.5967
Ardmore,AL,34.9847,-86.8373
Holland,OH,41.6192,-83.7081
Montpelier,IN,40.5498,-85.287
Green Valley,CA,38.2607,-122.1622
Luther,OK,35.6682,-97.1905
Glenns Ferry,ID,42.9504,-115.3067
Vanceburg,KY,38.5944,-83.3245
Benns Church,VA,36.937,-76.5842
Grand Ronde,OR,45.0739,-123.6211
De Graff,OH,40.3127,-83.9167
Colfax,LA,31.5208,-92.7001
Barry,IL,39.6982,-91.0399
Dawson,MN,44.929,-96.0504
Lockport Heights,LA,29.6564,-90.5486
Colma,CA,37.6767,-122.4528
Animas,PR,18.4457,-66.6364
Queens Gate,PA,39.9406,-76.6874
Sulligent,AL,33.8912,-88.1266
Nanawale Estates,HI,19.5035,-154.9104
La Villita,NM,36.1001,-106.0515
New Brockton,AL,31.3785,-85.9228
Mount Gay-Shamrock,WV,37.8512,-82.023
Carbon Hill,AL,33.8944,-87.5224
Woodland Hills,UT,40.0132,-111.6558
Stratford,WI,44.8009,-90.0722
Warren,IL,42.4948,-89.9913
Shepherd,MI,43.5235,-84.6927
Beulaville,NC,34.9228,-77.7724
Ethete,WY,43.0008,-108.723
West Liberty,OH,40.2569,-83.7584
Hurley,WI,46.4462,-90.1983
MacDonnell Heights,NY,41.7165,-73.8605
Arlington,NE,41.4548,-96.3565
Bradford,RI,41.3944,-71.7541
Patton Village,TX,30.1954,-95.1643
Sawyerwood,OH,41.0344,-81.4412
Sandia Knolls,NM,35.1604,-106.2987
Crested Butte,CO,38.8676,-106.9773
Wisner,NE,41.9891,-96.9147
Brightwood,VA,38.4132,-78.188
Boston Heights,OH,41.2539,-81.509
Miami,AZ,33.3951,-110.8724
Maben,MS,33.5544,-89.0805
Gordo,AL,33.3221,-87.904
Del Carmen,PR,18.4678,-66.849
Washburn,ND,47.292,-101.0278
Dallesport,WA,45.6316,-121.1749
Arnold Line,MS,31.3372,-89.3771
Fort Belknap Agency,MT,48.4278,-108.6829
Pleasanton,KS,38.179,-94.7053
Princeton,MO,40.3966,-93.5884
Spencerville,MD,39.119,-76.9828
Atkinson,NE,42.5309,-98.9747
Trafalgar,IN,39.4124,-86.1499
Bratenahl,OH,41.5538,-81.6055
Wayne,WV,38.2301,-82.4415
Panama,OK,35.1711,-94.669
Ceredo,WV,38.3961,-82.5535
Lily Lake,IL,41.9516,-88.4743
El Rancho,NM,35.8928,-106.0856
Banks Springs,LA,32.0764,-92.085
North Eagle Butte,SD,45.0172,-101.2362
Westwood,PA,39.9702,-75.8555
Georgiana,AL,31.6391,-86.7468
Colon,MI,41.9592,-85.3229
Gueydan,LA,30.0291,-92.5071
Kenwood,OK,36.3012,-94.9978
Newton,AL,31.3423,-85.5893
Killen,AL,34.8607,-87.5268
Star,NC,35.3992,-79.7832
Remerton,GA,30.8441,-83.3085
Burt,MI,43.2358,-83.9027
Willacoochee,GA,31.3358,-83.0446
Pahoa,HI,19.496,-154.9453
Broadway,NC,35.4579,-79.0547
Fairmount Heights,MD,38.9016,-76.9153
Fairchance,PA,39.8251,-79.754
Berino,NM,32.069,-106.6221
Jackpot,NV,41.9797,-114.6645
Omao,HI,21.9236,-159.4814
Bradley,WV,37.8675,-81.2046
Sunriver,OR,43.8815,-121.4368
Coats Bend,AL,34.0774,-85.8742
Darmstadt,IN,38.0938,-87.5793
Albers,IL,38.5452,-89.6142
Loch Sheldrake,NY,41.7702,-74.657
Kingsley,IA,42.5864,-95.9679
Montrose,PA,41.8335,-75.8761
East Dubuque,IL,42.4888,-90.6278
Galena,OH,40.2201,-82.8842
Cannonsburg,KY,38.3806,-82.7006
Wood River,NE,40.8196,-98.6041
Cerro Gordo,IL,39.8892,-88.7346
Fairview Park,IN,39.6821,-87.4143
Hometown,PA,40.8216,-75.9866
Canyon Day,AZ,33.783,-110.0328
Boulevard Gardens,FL,26.1253,-80.1804
Rincon,PR,18.3389,-67.2515
Winnsboro Mills,SC,34.3561,-81.0708
Inman,KS,38.2323,-97.7715
Wattsville,VA,37.9301,-75.4943
Blossom,TX,33.6633,-95.3837
Jonesville,LA,31.6238,-91.83
Mazon,IL,41.2417,-88.4231
Enigma,GA,31.4076,-83.329
Pomeroy,WA,46.4738,-117.5964
Belhaven,NC,35.5428,-76.6232
Lake Dalecarlia,IN,41.337,-87.4037
Oceana,WV,37.6927,-81.6324
Earle,AR,35.2734,-90.4642
Glendale,PA,40.3979,-80.093
Southmayd,TX,33.6231,-96.7287
Nashville,IN,39.208,-86.2385
Edina,MO,40.168,-92.1732
Moyie Springs,ID,48.7247,-116.1953
Thermal,CA,33.6262,-116.1309
China Spring,TX,31.6492,-97.3048
San Felipe Pueblo,NM,35.4338,-106.425
Babbitt,MN,47.6443,-91.9461
Heppner,OR,45.3547,-119.556
Frankfort,OH,39.4063,-83.1836
Waterman,IL,41.7683,-88.7659
Gasport,NY,43.1938,-78.5762
Woodbine,IA,41.7352,-95.7078
Poipu,HI,21.8834,-159.46
Western Lake,TX,32.6215,-97.816
Ilwaco,WA,46.31,-124.0417
Woxall,PA,40.3118,-75.452
Highland Park,PA,40.6216,-77.5707
Pewee Valley,KY,38.3105,-85.4896
Somerset,OH,39.8064,-82.2996
Millport,AL,33.5586,-88.0817
Edmore,MI,43.4073,-85.0367
Basye,VA,38.8182,-78.7659
Strawberry Point,IA,42.6805,-91.5349
Holly Hill,SC,33.3245,-80.413
Iraan,TX,30.9129,-101.9001
Malvern,IA,41.0038,-95.5842
Leilani Estates,HI,19.4659,-154.9157
Hansen,ID,42.5314,-114.3011
Rossmoyne,OH,39.2153,-84.3888
Otterbein,IN,40.4886,-87.0872
Coal Fork,WV,38.3185,-81.5229
Boswell,PA,40.1615,-79.0274
Latta,OK,34.7532,-96.7088
Church Rock,NM,35.5692,-108.573
Tatamy,PA,40.7409,-75.256
Rich Hill,MO,38.0958,-94.3633
Lubeck,WV,39.2276,-81.6265
Celoron,NY,42.1052,-79.2777
South Whitley,IN,41.084,-85.6278
Morgan Hill,PA,40.6665,-75.2041
Warren Park,IN,39.7832,-86.0516
Breckenridge,MI,43.4074,-84.4784
Montello,WI,43.794,-89.3333
Steelville,MO,37.9696,-91.3545
Grant,AL,34.519,-86.2492
Chapin,SC,34.165,-81.3446
Carbonville,UT,39.6268,-110.8332
Wrightsville,AR,34.6109,-92.2136
Bangor,WI,43.8937,-90.9934
Bloomington,TX,28.6504,-96.9022
Rafael Capo,PR,18.4005,-66.7898
Indios,PR,17.9942,-66.821
Lynchburg,OH,39.2401,-83.788
Arbury Hills,IL,41.5353,-87.8461
Amargosa Valley,NV,36.5424,-116.4877
Harrisville,WV,39.2104,-81.0485
Aurora,SD,44.2823,-96.6868
Burkesville,KY,36.7906,-85.3675
Earlham,IA,41.4943,-94.122
Kaibab Estates West,AZ,35.2762,-112.5018
Cherry Branch,NC,34.9304,-76.8112
Copeland,OK,36.6571,-94.8204
Paraje,NM,35.0444,-107.4681
Gretna,FL,30.5929,-84.6876
Nottingham,PA,39.7509,-76.0258
Alamosa East,CO,37.4766,-105.8397
Tuolumne City,CA,37.9615,-120.2428
Saybrook Manor,CT,41.2825,-72.4063
Duboistown,PA,41.2228,-77.038
Brandywine Bay,NC,34.7384,-76.8303
Victory Lakes,NJ,39.6305,-74.9663
Kenwood Estates,FL,26.6276,-80.1153
St. Peter,WI,43.8377,-88.3466
Queen City,TX,33.1507,-94.1524
Coon Rapids,IA,41.8747,-94.6785
Bridgeport,NE,41.6639,-103.0962
Chadds Ford,PA,39.8742,-75.604
Yorklyn,PA,39.9929,-76.6428
Winchester,OH,38.9436,-83.654
Walnut,IL,41.5571,-89.5912
St. Elmo,IL,39.021,-88.8508
La Plata,MO,40.0242,-92.4914
Lake Winnebago,MO,38.8234,-94.3612
Harbor Isle,NY,40.6018,-73.6647
Lyndhurst,VA,38.022,-78.9516
Wheeler,TX,35.4411,-100.2752
Forest,OH,40.8051,-83.5116
Olimpo,PR,18.0027,-66.1097
Randolph AFB,TX,29.5302,-98.2788
Wright,WY,43.7492,-105.4948
Milford,UT,38.3945,-113.0123
Farmingdale,NJ,40.1985,-74.1702
Palma Sola,PR,18.324,-65.8715
Cementon,PA,40.689,-75.5161
Shepherdstown,WV,39.432,-77.8046
Benavides,TX,27.5969,-98.4137
Taft Southwest,TX,27.9711,-97.4055
Estancia,NM,34.7667,-106.0301
Apple Valley,UT,37.081,-113.1034
Robbins,NC,35.4279,-79.5828
Craig Beach,OH,41.116,-80.9827
Webb,AL,31.2572,-85.2896
Chelsea Cove,NY,41.6133,-73.7469
Old Miakka,FL,27.3199,-82.2777
Sublette,KS,37.4822,-100.8466
Hemphill,TX,31.3431,-93.8511
Darrington,WA,48.2546,-121.6031
Renville,MN,44.7908,-95.2048
St. Vincent College,PA,40.2914,-79.4054
Palestine,IL,39.0016,-87.6125
Fort Denaud,FL,26.7404,-81.5241
Inverness,CA,38.0821,-122.8471
China Grove,TX,29.393,-98.3443
Woodsboro,MD,39.5328,-77.3097
Ambridge Heights,PA,40.5917,-80.2117
Terrebonne,OR,44.3533,-121.1807
Pine Lakes,FL,28.939,-81.4308
Red Boiling Springs,TN,36.5301,-85.8481
Nora Springs,IA,43.1445,-93.0093
Haven,KS,37.9016,-97.7831
University of Pittsburgh Johnstown,PA,40.2626,-78.8297
Louisville,NE,40.9964,-96.1612
Ladd,IL,41.381,-89.2147
Clio,AL,31.7085,-85.6109
Milroy,PA,40.7164,-77.587
Walls,MS,34.9257,-90.1604
Sibley,LA,32.5422,-93.2947
Grant,NE,40.8446,-101.7256
Elverson,PA,40.1559,-75.8304
Litchfield,MI,42.0413,-84.7578
South Windham,CT,41.685,-72.1845
Greene,IA,42.8968,-92.8041
Homewood,SC,33.8927,-79.0518
Toulon,IL,41.0935,-89.8633
Fairview,UT,39.6299,-111.4368
Bedford,IA,40.6711,-94.724
Kemp,TX,32.4351,-96.224
Atwood,KS,39.8101,-101.0418
Niland,CA,33.2387,-115.5146
El Tumbao,PR,18.0015,-66.8995
Jauca,PR,17.9638,-66.3673
Rehoboth Beach,DE,38.7172,-75.0845
Big Bass Lake,PA,41.2525,-75.4795
Woodsville,NH,44.1423,-72.0256
Continental,OH,41.1001,-84.2727
Grizzly Flats,CA,38.6358,-120.5354
Pine Knoll Shores,NC,34.6974,-76.8205
Niagara,WI,45.7801,-87.9991
Crugers,NY,41.2279,-73.9259
Moreland,ID,43.2195,-112.4378
Monette,AR,35.8931,-90.3443
Mora,PR,18.4626,-67.0323
Linden,TN,35.6123,-87.8429
Auxvasse,MO,39.0174,-91.8958
Gordonsville,TN,36.1817,-85.9324
Sumas,WA,48.9955,-122.2694
Pinconning,MI,43.8573,-83.9638
Weweantic,MA,41.7396,-70.7346
Pleasant Grove,OH,39.9513,-81.9592
Great Falls Crossing,VA,38.9808,-77.3256
Schwenksville,PA,40.2574,-75.4662
Honeyville,UT,41.6361,-112.0857
Sun Valley,ID,43.6838,-114.3339
Wallace,LA,30.0303,-90.6569
Hurt,VA,37.0954,-79.3029
Tuckerman,AR,35.7259,-91.2016
Cayuco,PR,18.2922,-66.7348
Choudrant,LA,32.5503,-92.5121
Cypress Quarters,FL,27.2479,-80.8115
Hayfield,MN,43.8902,-92.8471
Casa Blanca,AZ,33.1154,-111.9081
Huntland,TN,35.0579,-86.2689
Dalton,PA,41.5382,-75.739
North Redington Beach,FL,27.8213,-82.819
Tornillo,TX,31.4366,-106.1033
Yates Center,KS,37.8668,-95.7539
Augusta,WI,44.6784,-91.1204
First Mesa,AZ,35.8389,-110.3665
St. Michaels,MD,38.7883,-76.2244
Bayou Country Club,LA,29.7796,-90.7892
Moose Wilson Road,WY,43.5315,-110.834
McDade,TX,30.2817,-97.2453
Mission,SD,43.3063,-100.661
Wade,MS,30.6401,-88.5579
Dickson,OK,34.1877,-96.9968
Montgomery,PA,41.171,-76.8738
Elizabeth,PA,40.2715,-79.8872
Trabuco Canyon,CA,33.6782,-117.5939
South Willard,UT,41.3583,-112.0408
Head of the Harbor,NY,40.8981,-73.1624
Powers Lake,WI,42.5386,-88.2943
Frazeysburg,OH,40.1191,-82.1177
New Beaver,PA,40.8773,-80.3702
Guthrie,KY,36.6503,-87.1735
New Pekin,IN,38.5029,-86.0152
Elmo,TX,32.7315,-96.1589
Rainbow Lakes,NJ,40.875,-74.4535
Burgettstown,PA,40.3814,-80.3926
Sparkill,NY,41.0289,-73.9333
Joanna,SC,34.4149,-81.8086
Mansfield,MO,37.1102,-92.5804
Blue Ridge,AL,32.501,-86.1839
Goodwater,AL,33.0608,-86.0516
Pinewood Estates,TX,30.1692,-94.3207
Pemberville,OH,41.4096,-83.4587
Jordan,NY,43.0671,-76.473
Westhaven-Moonstone,CA,41.0447,-124.1023
Factoryville,PA,41.5602,-75.7823
Russiaville,IN,40.4187,-86.2728
Queen Anne,MD,38.9021,-76.6973
Boaz,WV,39.3671,-81.4854
Troy,PA,41.7839,-76.7898
Lone Pine,CA,36.5774,-118.0777
Lake Mohawk,OH,40.6608,-81.1929
Coldspring,TX,30.5898,-95.1307
Nashville,MI,42.6032,-85.0941
Shoal Creek,AL,33.4328,-86.6071
Rollingwood,TX,30.2736,-97.7867
Centre Grove,NJ,39.3628,-75.1351
West Mountain,UT,40.051,-111.785
Graysville,TN,35.4494,-85.0762
Loretto,PA,40.5086,-78.6349
Contoocook,NH,43.2232,-71.7129
Morgandale,OH,41.267,-80.7958
Moorhead,MS,33.4494,-90.5063
Avoca,IA,41.4828,-95.3373
Duson,LA,30.2365,-92.193
Marmaduke,AR,36.19,-90.385
Mount Hope,WV,37.8976,-81.1737
Jackson Center,OH,40.4385,-84.0413
West Canton,NC,35.5384,-82.8672
Columbus AFB,MS,33.6276,-88.4454
La Cygne,KS,38.3479,-94.7613
Brocton,NY,42.3898,-79.4428
Libertytown,MD,39.4859,-77.2482
Cannon Beach,OR,45.8884,-123.9603
Bonnetsville,NC,34.9993,-78.3962
Concord,VA,37.3426,-78.9862
Union City,OH,40.1996,-84.7943
West Siloam Springs,OK,36.1759,-94.5978
Clinton,WA,47.9731,-122.3577
West Kennebunk,ME,43.4142,-70.581
Cleveland,AL,33.9964,-86.5671
New Berlin,IL,39.7261,-89.9143
Maysville,OK,34.8546,-97.3876
Edgar,WI,44.9229,-89.9626
Avila Beach,CA,35.1969,-120.7191
Loma,CO,39.2075,-108.805
Bartolo,PR,18.362,-65.8414
Central Garage,VA,37.7458,-77.1316
Canton Valley,CT,41.8316,-72.8977
North Puyallup,WA,47.2015,-122.2742
Hiram,OH,41.3115,-81.1429
Bruceton,TN,36.0349,-88.2466
Logan,IA,41.6454,-95.7914
Onarga,IL,40.7153,-88.0108
Barrackville,WV,39.5014,-80.1696
Crystal Springs,FL,28.183,-82.1539
Buccaneer Bay,NE,41.0501,-95.9674
Weston Mills,NY,42.0738,-78.3714
Loyal,WI,44.7366,-90.4956
Tonka Bay,MN,44.9167,-93.5885
Byng,OK,34.8657,-96.6678
Ferron,UT,39.0914,-111.1337
Kaumakani,HI,21.9187,-159.624
Sutton-Alpine,AK,61.7428,-148.8548
Kilmarnock,VA,37.7118,-76.3834
Carbondale,KS,38.8192,-95.6932
Powderly,TX,33.809,-95.505
Bear Creek,AK,60.2071,-149.3524
Appleton,MN,45.1998,-96.0225
Dooms,VA,38.1027,-78.8495
Grantsburg,WI,45.7813,-92.6836
Farwell,TX,34.3855,-103.0373
Scottville,MI,43.9511,-86.2798
Kean University,NJ,40.6791,-74.2314
Butler,OH,40.5896,-82.4211
Buchanan Dam,TX,30.7807,-98.4392
Mount Ida,AR,34.5509,-93.6309
Alamance,NC,36.0285,-79.489
Pine Knot,KY,36.6648,-84.4395
Dunes City,OR,43.9079,-124.0985
Bainbridge,PA,40.0915,-76.6581
Oak Bluffs,MA,41.4551,-70.5657
Corvallis,MT,46.3139,-114.1123
Brewster Heights,NY,41.4073,-73.6286
Murphy,NC,35.0932,-84.028
Hays,NC,36.2469,-81.1142
Merlin,OR,42.5204,-123.4252
Ceresco,NE,41.058,-96.6459
Carrizo Hill,TX,28.5032,-99.8294
Shelton,NE,40.7784,-98.7294
Dolan Springs,AZ,35.5905,-114.2851
Waterville,WA,47.648,-120.0707
Stiles,PA,40.6666,-75.5072
Snyder,OK,34.655,-98.9535
Ortonville,MI,42.851,-83.4427
Sturgeon,PA,40.3834,-80.2153
Dutch Island,GA,32.0047,-81.0317
Poetry,TX,32.8257,-96.2458
Ravenna,NE,41.0275,-98.8945
San Antonio,FL,28.3395,-82.2786
Irwindale,CA,34.1121,-117.9636
Clay City,KY,37.8622,-83.9277
Chrisman,IL,39.8044,-87.6749
Flemington,PA,41.1271,-77.4703
Dagsboro,DE,38.5462,-75.2458
Alton,IA,42.9876,-96.0094
Fort Dick,CA,41.8663,-124.1526
Pierceton,IN,41.1993,-85.7033
Sutton,NE,40.6072,-97.8589
Benton,TN,35.1749,-84.6516
Fulda,MN,43.8691,-95.6023
Castalia,OH,41.4011,-82.808
Sackets Harbor,NY,43.9418,-76.1182
Halifax,VA,36.7612,-78.9279
Kenbridge,VA,36.9609,-78.1284
Manton,MI,44.4114,-85.401
Chadbourn,NC,34.3251,-78.825
Somerville,TX,30.346,-96.5311
Roscoe,TX,32.4419,-100.5322
Miller,SD,44.5204,-98.9869
Espino,PR,18.2774,-67.1219
Culver,IN,41.2166,-86.4243
Fort Washakie,WY,43.0069,-108.9205
Farmland,IN,40.1895,-85.1273
Grace,ID,42.5756,-111.73
Gettysburg,SD,45.006,-99.9539
Colfax,WI,44.997,-91.7264
Sarcoxie,MO,37.0682,-94.1256
Byrdstown,TN,36.5737,-85.1342
Yalaha,FL,28.751,-81.8194
Simpson,PA,41.5945,-75.4813
Pine Mountain,GA,32.8522,-84.8521
Cordova,NC,34.9103,-79.8119
North Bennington,VT,42.924,-73.2411
Baxter Estates,NY,40.8338,-73.6948
Kinsley,KS,37.9224,-99.4114
Mansfield,AR,35.0635,-94.2373
Etna,OH,39.9544,-82.6878
Sunset Lake,NJ,39.452,-75.2337
Niagara University,NY,43.1372,-79.0352
East Valley,NV,38.9452,-119.6993
Anderson Island,WA,47.1578,-122.7039
Indian Lake,TX,26.0877,-97.5027
Archie,MO,38.4809,-94.351
Geraldine,AL,34.3579,-86.0037
Laurel,NY,40.9728,-72.556
Sistersville,WV,39.5597,-80.9988
Chesilhurst,NJ,39.7306,-74.8785
Morgantown,PA,40.1538,-75.8884
Hiller,PA,40.0069,-79.9049
Walnut,IA,41.4894,-95.2197
Gridley,IL,40.7437,-88.8809
Salix,PA,40.2964,-78.7594
Mount Vernon,AL,31.0889,-88.0137
Brodhead,KY,37.4027,-84.4144
Webberville,MI,42.6643,-84.1797
Smithville,OH,40.8625,-81.8604
Shenandoah Junction,WV,39.353,-77.8375
New Windsor,MD,39.5443,-77.1012
Metlakatla,AK,55.1182,-131.5689
Limestone,IL,41.1337,-87.9599
New Paris,OH,39.8565,-84.792
Pen Mar,PA,39.7243,-77.5151
Diamond Ridge,AK,59.7024,-151.5546
Banner Elk,NC,36.1589,-81.8677
Fronton,PR,18.3097,-66.5603
Springfield,NJ,40.706,-74.313
Naples,TX,33.2029,-94.6777
Ellicott,CO,38.8256,-104.3829
Lauderdale Lakes,WI,42.7709,-88.5778
Riesel,TX,31.4763,-96.9303
West Chatham,MA,41.6804,-69.9918
Ash Grove,MO,37.3176,-93.5809
Richmond,MN,45.4547,-94.5135
Hasson Heights,PA,41.4487,-79.6766
Seeley Lake,MT,47.1624,-113.4547
Russell,GA,33.9797,-83.6919
Avis,PA,41.1858,-77.3164
Spring Hope,NC,35.9441,-78.109
Shoemakersville,PA,40.5004,-75.97
Taos,MO,38.5157,-92.0647
Hanna City,IL,40.6936,-89.8059
Rainelle,WV,37.9678,-80.7718
Homestead Base,FL,25.4936,-80.391
Wheaton,MN,45.8059,-96.498
Sullivan Gardens,TN,36.4877,-82.5912
Oxford,IN,40.5214,-87.2482
Gillett,WI,44.8897,-88.3063
Liberty,UT,41.3426,-111.8649
Harlan,IN,41.1966,-84.9245
Clear Lake,SD,44.7644,-96.6768
Bellevue,MI,42.4443,-85.0187
Edmonston,MD,38.9502,-76.9332
Dassel,MN,45.0831,-94.315
Sargent,TX,28.7966,-95.6465
Claypool Hill,VA,37.0633,-81.7505
Ovid,MI,43.0031,-84.3742
Cornell,WI,45.1632,-91.1497
Tuscarawas,OH,40.3932,-81.4005
Greenville,GA,33.0322,-84.7163
Prospect,OH,40.454,-83.1847
Edison,GA,31.5608,-84.7374
Gregory,SD,43.23,-99.4208
Shasta,CA,40.5911,-122.4797
Ashton,ID,44.0734,-111.4482
Payne,OH,41.0797,-84.7272
Darien Downtown,CT,41.0768,-73.4699
Maypearl,TX,32.3141,-97.0051
Capron,IL,42.3986,-88.7394
Wink,TX,31.7545,-103.1541
Fincastle,TN,36.4038,-84.048
Morgantown,IN,39.373,-86.2584
Oak Grove,LA,32.8619,-91.3911
Cole Camp,MO,38.4595,-93.2025
Atlantic Beach,NY,40.5893,-73.7295
Rutherford College,NC,35.7514,-81.527
Shoreacres,TX,29.6203,-95.0191
Stanaford,WV,37.8156,-81.1491
West Mayfield,PA,40.7802,-80.3387
Fremont Hills,MO,37.0647,-93.2531
Paris,MO,39.4773,-92.0039
Boulder,MT,46.2359,-112.1198
Galveston,IN,40.5766,-86.1924
East Camden,AR,33.6084,-92.7443
Clay,CA,38.314,-121.1596
Zeigler,IL,37.9066,-89.0521
Shelburn,IN,39.1791,-87.3971
New Rockford,ND,47.6798,-99.1377
Papaikou,HI,19.7917,-155.0963
Ventress,LA,30.6825,-91.4248
Hillsboro,WI,43.656,-90.3365
Labadieville,LA,29.8246,-90.9525
Flemington,GA,31.8507,-81.5603
Dawson,TX,31.8941,-96.7151
Buchanan,GA,33.803,-85.1804
Pinetops,NC,35.7912,-77.6378
Hemlock,MI,43.4186,-84.2311
Onancock,VA,37.7102,-75.7434
Wetumka,OK,35.2412,-96.2385
Susan Moore,AL,34.0804,-86.4228
Stanleytown,VA,36.7514,-79.9524
Bridgehampton,NY,40.9427,-72.3101
Three Oaks,MI,41.7985,-86.6139
Vian,OK,35.5023,-94.9695
Lyons,OR,44.7777,-122.6098
Stratford,TX,36.3376,-102.076
Middleburg,PA,40.7892,-77.0445
Dotsero,CO,39.6463,-107.054
Bridgeport,NY,43.1551,-75.9723
Theresa,WI,43.5164,-88.4541
West Blocton,AL,33.1186,-87.1253
Indian Hills,CO,39.6294,-105.2509
Robersonville,NC,35.8247,-77.2533
Dollar Point,CA,39.1899,-120.1083
New York Mills,MN,46.5198,-95.3732
Gardner,IL,41.1931,-88.3146
Cherokee,OK,36.7507,-98.3577
Cool Valley,MO,38.7251,-90.3058
Deadwood,SD,44.3871,-103.7207
Atglen,PA,39.9473,-75.9754
West Park,CA,36.7055,-119.8516
Maple Bluff,WI,43.1131,-89.3718
Golden Shores,AZ,34.7819,-114.4777
Walford,IA,41.8799,-91.8306
Dunlap,IA,41.8523,-95.6009
Greenland,AR,35.9963,-94.19
Erie,KS,37.5717,-95.2418
Alvord,TX,33.3569,-97.696
Rodney Village,DE,39.1283,-75.5396
Kersey,CO,40.391,-104.5794
Bear Creek,AL,34.2651,-87.7164
Bolivar,WV,39.3241,-77.7517
Dortches,NC,36.0114,-77.8572
Manawa,WI,44.4613,-88.9204
Loving,NM,32.2862,-104.0976
Lawtey,FL,30.0484,-82.0725
Buckeystown,MD,39.3264,-77.4279
Punta Rassa,FL,26.5036,-81.9998
Wetherington,OH,39.3633,-84.3767
Clermont,GA,34.4783,-83.772
Millbrook,NY,41.7842,-73.6937
Lakewood Club,MI,43.3761,-86.2563
Rapid City,MI,44.8366,-85.2871
Olla,LA,31.8981,-92.2404
Preston,MN,43.6726,-92.0828
Holland,TX,30.8835,-97.4025
Ruckersville,VA,38.2314,-78.3756
Kingsford Heights,IN,41.4784,-86.693
Toluca,IL,41.0044,-89.1339
Mill Hall,PA,41.1045,-77.4888
Rock Creek,AL,33.4772,-87.0812
Killian,LA,30.353,-90.5795
Okawville,IL,38.4344,-89.548
Locust Fork,AL,33.8957,-86.6302
Genesee,ID,46.5516,-116.9284
Centerfield,UT,39.1274,-111.8184
New Waverly,TX,30.5374,-95.4822
Buhler,KS,38.1384,-97.7704
Vaiden,MS,33.3332,-89.7533
Stinnett,TX,35.8231,-101.4436
Big Bend,WI,42.9021,-88.2121
Cashion,OK,35.8009,-97.6771
Platte,SD,43.3869,-98.8435
Rock Spring,GA,34.8147,-85.2389
McIntosh,NM,34.8819,-106.0559
Shullsburg,WI,42.5733,-90.2348
Wingdale,NY,41.6376,-73.5687
Ash Flat,AR,36.2365,-91.6067
Sheldon,IL,40.771,-87.5657
Long Creek,IL,39.8053,-88.8474
Redington Beach,FL,27.8128,-82.8096
East Spencer,NC,35.6816,-80.4228
Oakland,PA,40.9914,-80.3671
West Kittanning,PA,40.8125,-79.5312
Kibler,AR,35.4268,-94.2358
Bevil Oaks,TX,30.1517,-94.2711
Mountainair,NM,34.5212,-106.2392
Purdy,MO,36.8187,-93.9206
Plains,KS,37.2642,-100.5898
Brookdale,CA,37.1057,-122.1106
Lakes West,CT,41.335,-73.513
Starbuck,MN,45.6116,-95.5322
LeChee,AZ,36.871,-111.4328
Duncannon,PA,40.3952,-77.0277
Milford,NJ,40.5694,-75.0916
Plattsburgh West,NY,44.6837,-73.5037
New Buffalo,MI,41.7922,-86.7424
Bunker Hill,IL,39.0416,-89.9511
Flippin,AR,36.2773,-92.5935
Boston,GA,30.792,-83.7899
Valley Falls,KS,39.3407,-95.4612
Hurley,MS,30.6638,-88.4994
Beechwood Village,KY,38.2555,-85.6295
Robinhood,MS,32.2045,-89.9671
Norwood,NY,44.7482,-74.997
Basin,WY,44.3804,-108.0466
Cavalier,ND,48.7939,-97.6226
Emory,TX,32.8766,-95.7677
Rancho Alegre,TX,27.7392,-98.1027
Reese,MI,43.4528,-83.6893
Tangent,OR,44.5477,-123.1109
Castle Hill,CA,37.8747,-122.0585
Cressona,PA,40.6304,-76.1939
Perryville,AR,35.012,-92.803
Oklahoma,PA,41.11,-78.7356
Quinhagak,AK,59.7511,-161.8992
Herscher,IL,41.0493,-88.1006
Brickerville,PA,40.2226,-76.2863
Linn,MO,38.4788,-91.845
West Salem,OH,40.9696,-82.1082
Olympia,SC,33.9768,-81.0349
Latta,SC,34.339,-79.4337
Hildale,UT,37.017,-112.9787
Saint John Fisher College,NY,43.1143,-77.5108
Millbourne,PA,39.9637,-75.2528
Stony Point,NC,35.8669,-81.047
Goochland,VA,37.6974,-77.8943
Hiawassee,GA,34.9495,-83.7531
Gilbert,IA,42.1062,-93.6461
Flordell Hills,MO,38.7174,-90.2648
Russell,PA,41.9393,-79.1393
Three Rivers,TX,28.4668,-98.1784
Glenmora,LA,30.9733,-92.5824
Sweet Springs,MO,38.9649,-93.4152
Miranda,PR,18.3869,-66.3789
Fletcher,OK,34.8237,-98.2341
McMillin,WA,47.1286,-122.2374
Bogart,GA,33.9479,-83.5341
Barbee,IN,41.2909,-85.7122
Stratford,OK,34.7952,-96.9603
Hebron,MD,38.4242,-75.6871
Baldwin,FL,30.3052,-81.9744
Haskins,OH,41.4648,-83.7043
White Cloud,MI,43.5541,-85.772
Nellieburg,MS,32.3974,-88.783
Canaan,CT,42.0347,-73.3322
Alexandria Bay,NY,44.34,-75.9161
Greilickville,MI,44.805,-85.6634
New Market,AL,34.8892,-86.4226
Midway,AR,36.3911,-92.4732
Charenton,LA,29.8685,-91.5388
Dale,PA,40.3122,-78.905
Douglas,MI,42.6411,-86.2083
Boyce,LA,31.3907,-92.67
Thorndale,TX,30.6141,-97.2068
Lakes East,CT,41.3314,-73.4911
Taos Pueblo,NM,36.4657,-105.5634
South Woodstock,CT,41.9312,-71.9555
Mooreland,OK,36.4377,-99.2048
Saxonburg,PA,40.7509,-79.815
Coldwater,MS,34.6902,-89.9757
Southmont,NC,35.6535,-80.2702
Steele,AL,33.937,-86.2004
Ruston,WA,47.2982,-122.5103
Plano,KY,36.8772,-86.4165
Menahga,MN,46.7471,-95.1012
Nevada,TX,33.0463,-96.3811
Woodburn,IN,41.1287,-84.8503
Meeker,OK,35.4855,-96.8951
Stanton,MI,43.2928,-85.0789
LaBarque Creek,MO,38.4162,-90.6777
Suffield,OH,41.0204,-81.3471
Porterdale,GA,33.5739,-83.8941
Timberlane,IL,42.3372,-88.8696
Palm Beach Shores,FL,26.7775,-80.0367
Dennis,TX,32.6057,-97.9359
Jonesville,VA,36.687,-83.1153
Avimor,ID,43.7758,-116.2571
Williamstown,PA,40.5809,-76.617
Louisville,IL,38.7695,-88.5067
Wakefield,NE,42.2665,-96.8632
Adrian,MN,43.6332,-95.9329
Manly,IA,43.2883,-93.2008
Brookside,NJ,40.7944,-74.5661
MacArthur,WV,37.7551,-81.2079
Seven Points,TX,32.3291,-96.2142
Wymore,NE,40.1221,-96.6642
Rock Hall,MD,39.139,-76.243
Soap Lake,WA,47.3914,-119.4893
Avondale,PA,39.8248,-75.7819
Prudenville,MI,44.3013,-84.6654
Glyndon,MN,46.8709,-96.5784
Pleasureville,KY,38.351,-85.1121
Lone Tree,IA,41.4859,-91.4267
Newburg,WI,43.4321,-88.0477
Phoenix,IL,41.6118,-87.6308
Candor,NC,35.2964,-79.7323
Shenandoah Heights,PA,40.8319,-76.2062
Booker,TX,36.4561,-100.5402
Delevan,NY,42.4912,-78.4796
Fosston,MN,47.5856,-95.7577
Caledonia,MS,33.6836,-88.326
Onsted,MI,42.0061,-84.1893
Sunman,IN,39.2373,-85.0931
Woodstock,AL,33.2193,-87.149
Bayboro,NC,35.1474,-76.7692
Lamar,TX,28.1439,-96.9888
Westlake Village,IL,42.3112,-89.2906
Newfoundland,NJ,41.0594,-74.4308
Midtown,TN,35.8813,-84.5715
Windsor,PA,39.9163,-76.584
Orangeville,UT,39.2309,-111.0592
Bloomfield,NY,42.8991,-77.4242
Ardmore,TN,35.0031,-86.8548
Calverton Park,MO,38.7656,-90.3103
Cornwells Heights,PA,40.0771,-74.9517
Clifton,IL,40.9348,-87.9343
Baxter,TN,36.1536,-85.6348
G. L. Garcia,PR,18.1258,-66.1026
Cape Charles,VA,37.257,-76.0093
Magnolia Springs,AL,30.4003,-87.7749
Collinsburg,PA,40.2196,-79.7849
Hudson,PA,41.2773,-75.8312
Littlerock,CA,34.5232,-117.9808
Monticello,MS,31.5525,-90.1145
Arrowhead Beach,NC,36.2266,-76.7021
Markesan,WI,43.7098,-88.9907
Rustburg,VA,37.2712,-79.0962
Pioneer,OH,41.6773,-84.5524
West Pelzer,SC,34.645,-82.4738
Redway,CA,40.1208,-123.822
Greenfield,MO,37.4162,-93.8432
Highlands,NC,35.0538,-83.1976
Milford,PA,41.3238,-74.8012
Point Roberts,WA,48.9882,-123.0577
Milam,TX,31.4541,-93.7979
Brookneal,VA,37.0532,-78.9485
Winthrop,MN,44.5424,-94.3598
Gretna,VA,36.9492,-79.3647
Cloudcroft,NM,32.9532,-105.7326
Edmund,SC,33.8629,-81.1996
Greenwich,OH,41.0318,-82.5198
South Henderson,NC,36.3033,-78.406
Milford Square,PA,40.4325,-75.4056
Meggett,SC,32.6968,-80.273
Meade,KS,37.2836,-100.343
Union Springs,NY,42.8457,-76.6909
Lightstreet,PA,41.0407,-76.4175
Willards,MD,38.3922,-75.3494
Griggsville,IL,39.7078,-90.7276
Mayville,NY,42.2531,-79.503
Maria Antonia,PR,17.9783,-66.8899
Nashotah,WI,43.0938,-88.4038
Westfield,WI,43.8851,-89.4926
Panaca,NV,37.7881,-114.4005
Buchanan,VA,37.5212,-79.6893
Rome City,IN,41.4893,-85.361
Cambria,IL,37.7793,-89.1189
Oak Grove Heights,AR,36.1271,-90.5085
Palmyra,IN,38.4082,-86.1086
Goodwell,OK,36.5948,-101.6224
Denton,NC,35.6378,-80.1106
Okarche,OK,35.7251,-97.9757
Sabana Eneas,PR,18.081,-67.0852
Frankston,TX,32.0561,-95.5043
Green Springs,OH,41.2569,-83.053
Smith River,CA,41.9233,-124.149
Crystal Lakes,OH,39.8861,-84.0242
Osmond,WY,42.6777,-110.9408
Newville,PA,40.1702,-77.4016
Coldstream,KY,38.3144,-85.5264
Albion,PA,41.8904,-80.3641
Fruitport,MI,43.1248,-86.1561
St. Francis,KS,39.7714,-101.8015
Germantown,IL,38.5552,-89.5412
Mount Olive,MS,31.7539,-89.656
Gwinn,MI,46.2858,-87.4425
Schoolcraft,MI,42.117,-85.6337
Red Lake Falls,MN,47.8837,-96.2727
Geneva,IN,40.5975,-84.9568
Dilkon,AZ,35.3606,-110.3155
Dixon,MO,37.9953,-92.0956
Wartburg,TN,36.1038,-84.5859
Central City,IA,42.2023,-91.5247
Baltic,CT,41.6139,-72.0865
Fairlea,WV,37.7756,-80.4582
Clear Lake,WA,46.931,-122.2841
Mulberry,IN,40.3458,-86.6672
Ontonagon,MI,46.8665,-89.3122
Rio,FL,27.216,-80.2401
Cloverport,KY,37.8311,-86.6304
Gerald,MO,38.3992,-91.3305
Wendover,UT,40.7241,-114.025
Slaughter,LA,30.7219,-91.1393
Gold Hill,OR,42.4358,-123.0527
Montegut,LA,29.4656,-90.5617
Red Corral,CA,38.4121,-120.6072
Black Creek,WI,44.4742,-88.4506
Divernon,IL,39.5707,-89.6547
Grandview,OK,35.9635,-94.9979
Larimore,ND,47.9091,-97.6269
Hebron Estates,KY,38.0501,-85.6682
Pender,NE,42.1108,-96.7113
Capitan,NM,33.5393,-105.5983
Stillman Valley,IL,42.1055,-89.1791
Goodhue,MN,44.3994,-92.6255
Petersburg,MI,41.8993,-83.7136
Deville,LA,31.3398,-92.1389
Rogersville,AL,34.8251,-87.2821
Juno Ridge,FL,26.8491,-80.0632
Pine Bluffs,WY,41.1802,-104.0748
Spring Valley,WI,44.8498,-92.2442
Rafael Hernandez,PR,18.4718,-67.0787
Darien,GA,31.3568,-81.4314
Somis,CA,34.2652,-118.9984
Andale,KS,37.7916,-97.6276
El Negro,PR,18.037,-65.8494
South Barre,VT,44.1646,-72.5038
Nazareth College,NY,43.1031,-77.5193
Henning,TN,35.682,-89.577
Kaaawa,HI,21.5485,-157.8534
Airport,CA,37.6337,-120.972
Playita,PR,18.0404,-65.9071
Moody,TX,31.3086,-97.3596
Dike,IA,42.4641,-92.6255
Crandon Lakes,NJ,41.1234,-74.8403
Montezuma,IA,41.5834,-92.5276
Prince's Lakes,IN,39.3514,-86.1094
Santa Anna,TX,31.7369,-99.3254
Wurtland,KY,38.5495,-82.7788
West Leechburg,PA,40.634,-79.6171
New Baltimore,OH,39.2744,-84.6705
Foscoe,NC,36.1535,-81.7737
Tripoli,IA,42.8083,-92.2578
Dorothy,NJ,39.4054,-74.8333
Gruver,TX,36.2562,-101.4122
Ignacio,CO,37.118,-107.6376
Thomas,OK,35.7452,-98.7451
Mars,PA,40.6969,-80.0141
Birchwood Lakes,PA,41.2513,-74.9103
Wilson,WY,43.486,-110.8937
Mansura,LA,31.0673,-92.0528
Green Harbor,MA,42.068,-70.6499
Whitewater,CA,33.9356,-116.6873
Hasley Canyon,CA,34.4817,-118.6665
Glasgow,VA,37.6348,-79.4514
Bushyhead,OK,36.4596,-95.5164
Penhook,VA,36.9908,-79.6318
Bethany,IL,39.6443,-88.7411
Jeffersonville,OH,39.6522,-83.555
Harriston,VA,38.212,-78.8283
Newell,WV,40.6175,-80.5997
Buttonwillow,CA,35.4092,-119.4406
March ARB,CA,33.8888,-117.2776
Bellefonte,KY,38.4949,-82.6911
Baxter,IA,41.8252,-93.1525
Diaz,AR,35.6478,-91.262
Plymouth,CA,38.4776,-120.8584
Fyffe,AL,34.449,-85.9052
Lakeport,TX,32.405,-94.7102
Fallon Station,NV,39.415,-118.7165
Russells Point,OH,40.4681,-83.8939
Bristol,FL,30.4255,-84.9773
Hurleyville,NY,41.7418,-74.6753
Elkader,IA,42.8574,-91.4028
Neoga,IL,39.3215,-88.4502
Summerland,CA,34.4244,-119.5938
Colbert,OK,33.8579,-96.5059
Westfield Center,OH,41.0282,-81.9314
Grabill,IN,41.2094,-84.9681
Wanatah,IN,41.4305,-86.8926
Clarksville,IA,42.7798,-92.668
Niverville,NY,42.4484,-73.6497
Ridgway,CO,38.1573,-107.7545
Resaca,GA,34.5789,-84.9439
Tubac,AZ,31.6111,-111.0586
Winnebago,MN,43.7645,-94.1702
Parker,SD,43.3978,-97.1334
Stottville,NY,42.2932,-73.753
St. John,KS,38,-98.7611
Rossville,IL,40.3814,-87.6699
Clinton,KY,36.6663,-88.9938
Fort Calhoun,NE,41.4563,-96.0264
Marsing,ID,43.5466,-116.8094
Great Neck Gardens,NY,40.797,-73.7225
Mill Neck,NY,40.8839,-73.5582
Hudson Lake,IN,41.7174,-86.5476
Buffalo,OK,36.8374,-99.6465
Chapman,KS,38.9746,-97.0236
Dibble,OK,35.0151,-97.6273
Weeping Water,NE,40.8691,-96.1399
Edwardsburg,MI,41.7965,-86.0836
Johnson City,KS,37.5703,-101.7447
Bracey,VA,36.5762,-78.1107
Mapleton,ND,46.8915,-97.0533
Keedysville,MD,39.4867,-77.698
Kincaid,IL,39.5868,-89.4166
Oakwood,IL,40.1101,-87.7769
West Brow,GA,34.9148,-85.4186
Cashton,WI,43.7412,-90.7866
Donald,OR,45.2227,-122.8389
Norman Park,GA,31.2692,-83.6843
Alamo,NM,34.4184,-107.5125
Lake Shore,UT,40.1294,-111.7362
Kempner,TX,31.0755,-97.9725
Pine Prairie,LA,30.7818,-92.4223
Fayette,IA,42.8417,-91.8038
Whitmire,SC,34.5041,-81.6144
Plainview,NE,42.3534,-97.7871
Granville South,OH,40.0521,-82.5415
Westfield,PA,41.9176,-77.5402
Reading,MI,41.8396,-84.7478
Dewart,PA,41.1099,-76.8707
Woodsboro,TX,28.2379,-97.3254
Crump,TN,35.2315,-88.3381
Bradford,TN,36.0737,-88.8163
William Paterson University of New Jersey,NJ,40.9478,-74.1989
Robie Creek,ID,43.6681,-116.0209
Tiltonsville,OH,40.1721,-80.6973
Bear Rocks,PA,40.1289,-79.4649
Yellville,AR,36.2289,-92.686
Riverside,UT,41.8106,-112.1403
Carolina,RI,41.4625,-71.6585
Logan Elm Village,OH,39.5705,-82.9471
Moroni,UT,39.527,-111.583
Russellton,PA,40.6081,-79.8401
Sharon Center,OH,41.0961,-81.7393
Goodman,MS,32.9677,-89.9128
Oakland,OR,43.4233,-123.2969
Bard College,NY,42.0227,-73.9094
Marcus,IA,42.8224,-95.8068
Birch Run,MI,43.2503,-83.7911
Parker City,IN,40.1898,-85.2037
Coal City,WV,37.6776,-81.218
Lincolndale,NY,41.3356,-73.7252
Stockbridge,MI,42.4483,-84.1757
Roberta,GA,32.7196,-84.0104
Pickens,MS,32.8913,-89.9696
Grass Lake,MI,42.2511,-84.2073
Marshallton,PA,40.7853,-76.5366
Man,WV,37.7522,-81.8923
Laurens,IA,42.8475,-94.848
Fairland,OK,36.7513,-94.8472
Blue Ball,PA,40.1157,-76.0517
Oriskany,NY,43.1568,-75.3335
Summitville,IN,40.3359,-85.6436
Little Round Lake,WI,45.9699,-91.3662
South Lansing,NY,42.5369,-76.4968
Owensville,IN,38.2718,-87.6919
University Heights,IA,41.6551,-91.5589
Rotan,TX,32.8541,-100.4655
Buffalo,SC,34.7244,-81.6844
Velda City,MO,38.6941,-90.2934
Genoa,NV,39.0256,-119.8309
McKinley Heights,OH,41.186,-80.7177
Newport,OH,39.3966,-81.2247
Atwood,TN,35.9747,-88.6689
Iola,WI,44.5091,-89.1249
Eastport,ME,44.9137,-67.0183
Rush Springs,OK,34.7788,-97.9572
Lake Dunlap,TX,29.6683,-98.0773
Bethesda,OH,40.0164,-81.0727
Keewatin,MN,47.4005,-93.0828
Rockvale,TN,35.7669,-86.521
Lyndonville,VT,44.5351,-72.0017
Treynor,IA,41.232,-95.6063
Melcher-Dallas,IA,41.227,-93.2416
West Swanzey,NH,42.8707,-72.3225
Pennsboro,WV,39.2874,-80.9755
Pine Island,TX,30.0554,-96.0253
Catawba,SC,34.8464,-80.9061
Saddle Rock,NY,40.7947,-73.7492
North Bend,NE,41.462,-96.7857
Lenape Heights,PA,40.7633,-79.5217
Jamestown,IN,39.9286,-86.626
Surf City,NJ,39.6646,-74.1711
Brookfield Center,OH,41.2384,-80.5548
Sanbornville,NH,43.5525,-71.0297
West Van Lear,KY,37.7852,-82.7891
Sutherland,NE,41.1601,-101.1229
Silver Springs Shores East,FL,29.0496,-81.8875
Clarence,IA,41.8858,-91.0581
Wickerham Manor-Fisher,PA,40.1771,-79.9079
Truman,MN,43.8279,-94.4366
Spring Grove,MN,43.5607,-91.6373
Hallstead,PA,41.9616,-75.7471
Wye,MT,46.9523,-114.1331
Summer Set,MO,38.0905,-90.575
Purdy,WA,47.3934,-122.6117
Spicer,MN,45.2331,-94.9401
Falls City,OR,44.8648,-123.4372
Roland,AR,34.9005,-92.5186
Hawesville,KY,37.8962,-86.7561
West Fairview,PA,40.2777,-76.9196
Lowell,OR,43.9208,-122.7819
Newark,TX,33.005,-97.4856
Sabana,PR,18.4643,-66.3517
Pilot Rock,OR,45.496,-118.8333
Shokan,NY,41.9809,-74.213
Oakfield,WI,43.6843,-88.5476
Leavittsburg,OH,41.2469,-80.8769
Houston,PA,40.2494,-80.211
East Griffin,GA,33.2439,-84.2318
Dunlap,OH,39.2909,-84.6301
Richland,GA,32.0885,-84.6625
Kent City,MI,43.2202,-85.7539
St. George Island,FL,29.652,-84.8881
Honaker,VA,37.0156,-81.9686
Bagley,MN,47.5244,-95.4031
Okeene,OK,36.1171,-98.3167
Harmony,PA,40.8015,-80.125
Fairmount,GA,34.4383,-84.6998
Grandview,OH,39.1923,-84.7244
Glenwood City,WI,45.0521,-92.1658
Boise City,OK,36.7313,-102.5095
Rochelle,GA,31.9488,-83.4569
Empire,LA,29.4133,-89.6052
Koontz Lake,IN,41.4169,-86.4827
Eaton Estates,OH,41.3061,-82.0114
Earlysville,VA,38.1579,-78.4688
Atwater,MN,45.1356,-94.7769
Weidman,MI,43.7014,-84.9745
Crooks,SD,43.6592,-96.8094
Grass Valley,NV,40.7971,-117.7603
Kaanapali,HI,20.9277,-156.6794
Gallant,AL,34.0013,-86.2304
Florence,TX,30.8408,-97.7921
Waterflow,NM,36.7568,-108.4673
Granville,WV,39.6472,-79.9975
Big Sandy,TX,32.586,-95.1127
North Utica,IL,41.3536,-89.0109
West Crossett,AR,33.1488,-92.0221
Sand Lake,MI,44.3276,-83.6711
Lemmon,SD,45.9383,-102.1598
Nixon,PA,40.7844,-79.9341
Ogden Dunes,IN,41.623,-87.1932
West Lawn,PA,40.3289,-75.9938
Rio,VA,38.0804,-78.4732
Iyanbito,NM,35.516,-108.4878
Stoneville,NC,36.4653,-79.9064
Richlandtown,PA,40.4724,-75.3212
Pioche,NV,37.9519,-114.4434
Brush Fork,WV,37.2805,-81.245
Erin,TN,36.316,-87.7025
Skagway,AK,59.4566,-135.2927
Tioga,TX,33.4728,-96.9186
Martinsville,IL,39.3381,-87.8814
Dasher,GA,30.7462,-83.2253
Jones Valley,CA,40.6999,-122.2405
Lakeview,OH,40.4875,-83.9266
Brown City,MI,43.2115,-82.988
Altoona,AL,34.0308,-86.3179
Otisville,NY,41.4714,-74.5397
Springville,IA,42.047,-91.4542
Pioneer,CA,38.4337,-120.586
Pomona,KS,38.6108,-95.4529
Orange Blossom,CA,37.8097,-120.7115
Ansted,WV,38.1356,-81.1038
Keaau,HI,19.6233,-155.0483
Newport,DE,39.7135,-75.6046
Auburn,NJ,39.6969,-75.3561
Tiki Island,TX,29.298,-94.9159
Sunday Lake,WA,48.2265,-122.2537
Marbleton,WY,42.5574,-110.1005
Wauregan,CT,41.7498,-71.9138
Toledo,IL,39.2728,-88.2419
Lake Secession,SC,34.2821,-82.5904
Big Rock,IL,41.7668,-88.5265
Taylors Falls,MN,45.4121,-92.6644
Victoria,MS,34.8387,-89.6144
Barbourmeade,KY,38.2986,-85.6009
Clint,TX,31.5901,-106.2289
Lasara,TX,26.4635,-97.9087
Los Heroes Comunidad,PR,18.3916,-67.1186
Edgerton,MN,43.8753,-96.1305
Rock Port,MO,40.4109,-95.5332
North Ballston Spa,NY,43.0194,-73.8516
Galesville,MD,38.8379,-76.5514
Athena,OR,45.8133,-118.4926
Second Mesa,AZ,35.8222,-110.4884
Lyons,WI,42.6485,-88.3599
Tyndall,SD,42.9899,-97.8642
Sweet Home,AR,34.6707,-92.2465
Rouse,CA,37.6196,-121.0084
Warren,IN,40.6878,-85.425
Luna Pier,MI,41.8049,-83.4426
Indian Shores,FL,27.8536,-82.8438
Sheffield,IA,42.8928,-93.2086
Upper Lake,CA,39.1655,-122.9052
Bradford Woods,PA,40.6369,-80.0809
King Cove,AK,55.0858,-162.2978
Groveland,ID,43.2235,-112.3755
Rutherford,TN,36.1249,-88.992
Martin Lake,MN,45.3824,-93.0885
Third Lake,IL,42.3709,-88.0122
Mount Hermon,CA,37.051,-122.0533
Fruitdale,CA,37.3116,-121.9357
Poplar Plains,CT,41.1714,-73.3771
Wiggins,CO,40.2286,-104.0724
Lexington,MS,33.1163,-90.0498
Mariposa,CA,37.4912,-119.9722
Rafter J Ranch,WY,43.4317,-110.7924
Stryker,OH,41.5026,-84.4182
Bay Head,NJ,40.0701,-74.0482
Salem,SD,43.7229,-97.3893
Center Hill,FL,28.6334,-81.9986
Stockdale,TX,29.2361,-97.9636
Long Beach,IN,41.7435,-86.8521
Wolfe City,TX,33.3686,-96.072
Elkhorn,CA,36.8103,-121.7212
Eclectic,AL,32.6387,-86.0387
South Uniontown,PA,39.8939,-79.7465
Salamatof,AK,60.6154,-151.3159
New Hope,NC,35.3774,-77.8923
Sea Ranch,CA,38.7165,-123.4527
New Sarpy,LA,29.9809,-90.3832
Cordry Sweetwater Lakes,IN,39.3085,-86.1227
Allentown,FL,30.7745,-87.0822
Boyceville,WI,45.0427,-92.0384
Brookside,AL,33.6372,-86.9002
Creighton,NE,42.4649,-97.9071
Orocovis,PR,18.2258,-66.3902
Harper,TX,30.2903,-99.2459
Washington,KS,39.816,-97.0487
Taft Mosswood,CA,37.9139,-121.2831
Cando,ND,48.4872,-99.2026
North Branch,MI,43.2286,-83.192
Milledgeville,IL,41.9636,-89.7747
Millbury,OH,41.5648,-83.4255
Prosperity,SC,34.2121,-81.5329
New London,TX,32.2687,-94.9296
Hagerman,ID,42.8164,-114.8974
Algodones,NM,35.3804,-106.4731
Discovery Harbour,HI,19.0415,-155.6254
Waymart,PA,41.5866,-75.4047
Lake Medina Shores,TX,29.6383,-98.9869
Camp Point,IL,40.0383,-91.0664
Carey,ID,43.3097,-113.9444
Wellsville,MO,39.0734,-91.5692
Penn Valley,CA,39.1954,-121.1942
Lake Camelot,WI,44.2147,-89.7624
Runge,TX,28.8859,-97.7134
Peach Springs,AZ,35.5315,-113.4319
Verona,KY,38.8122,-84.6649
Hackett,AR,35.1877,-94.4106
Reedsville,WI,44.1524,-87.9516
St. Martins,MO,38.5942,-92.3312
Black Hammock,FL,28.7107,-81.1801
Bayside Gardens,OR,45.7143,-123.9165
Medford,MN,44.1685,-93.2472
Biglerville,PA,39.9303,-77.2462
Konawa,OK,34.9579,-96.7538
Cochranton,PA,41.5191,-80.047
Jefferson Heights,NY,42.2361,-73.8822
Julesburg,CO,40.9849,-102.2627
Beggs,OK,35.7768,-96.0282
Yarrow Point,WA,47.6492,-122.2191
East Bangor,PA,40.8811,-75.1861
Pocono Ranch Lands,PA,41.1747,-74.9555
Amelia Court House,VA,37.3367,-77.9882
Hoxie,KS,39.3558,-100.4397
Harper,KS,37.2851,-98.0276
Mifflinville,PA,41.0307,-76.2995
Lake Park,IA,43.4468,-95.3261
Plains,TX,33.1883,-102.8214
Stanberry,MO,40.2166,-94.5381
Rose Valley,PA,39.8947,-75.3852
Humansville,MO,37.7952,-93.5766
Rankin,TX,31.2253,-101.9395
Gloster,MS,31.1951,-91.0176
Fraser,CO,39.9303,-105.8029
Double Springs,AL,34.1502,-87.391
Pleasant Hills,OH,39.2365,-84.5228
Mesa del Caballo,AZ,34.286,-111.2952
Leesburg,OH,39.3418,-83.552
Gore,OK,35.5418,-95.1129
Greenville,VA,38.0036,-79.1523
Appleton City,MO,38.1906,-94.031
Alto,GA,34.4649,-83.5727
Murphys Estates,SC,33.6003,-81.9439
Robins AFB,GA,32.6092,-83.5846
Monticello,WI,42.7456,-89.5899
Urania,LA,31.8639,-92.2913
Rose Lodge,OR,45.0187,-123.8882
Clay City,IN,39.2772,-87.1128
Kittitas,WA,46.9837,-120.4189
Lawrence,MI,42.2157,-86.0534
Wanamingo,MN,44.3026,-92.7872
Heidelberg,PA,40.3914,-80.0923
Hampton,AR,33.5347,-92.4667
Due West,SC,34.3335,-82.3885
Shattuck,OK,36.2649,-99.8774
Wheatland,MT,45.958,-111.5781
Auburn,KS,38.9077,-95.8158
Cortland West,NY,42.5942,-76.2258
Luck,WI,45.5718,-92.4666
Montgomery,IN,38.6655,-87.0493
Wells,NV,41.1132,-114.9535
Lyndon,KS,38.612,-95.6844
Courtland,MS,34.2411,-89.9433
Golden Valley,NV,39.6178,-119.8231
Muniz,TX,26.2578,-98.0897
North Apollo,PA,40.5938,-79.5563
Pinon,AZ,36.0992,-110.2209
Bryn Athyn,PA,40.1411,-75.0674
Valley Mills,TX,31.6582,-97.4715
New Milford,IL,42.175,-89.0569
Rossville,KS,39.1358,-95.9496
Hanover,OH,40.0819,-82.2761
Oreana,IL,39.9379,-88.8684
Clear Lake Shores,TX,29.5454,-95.0325
Alderson,WV,37.7277,-80.6436
Kissee Mills,MO,36.6694,-93.0472
Marine,IL,38.7868,-89.7789
Somers,MT,48.0824,-114.2344
Clark,SD,44.8809,-97.7348
Wurtsboro,NY,41.5761,-74.4856
Deer Trail,CO,39.6154,-104.0434
Richton,MS,31.3495,-88.9407
Ten Mile Creek,MD,39.2267,-77.3101
Muhlenberg Park,PA,40.3868,-75.9398
White Deer,TX,35.4332,-101.1751
Omaha,TX,33.182,-94.7402
London,AR,35.328,-93.2416
Gotha,FL,28.5306,-81.5191
Santee,SC,33.4801,-80.4852
Hydro,OK,35.5483,-98.5795
Gleason,TN,36.2174,-88.6107
Yamhill,OR,45.3409,-123.1846
Nokesville,VA,38.694,-77.5757
Madison Lake,MN,44.2074,-93.8175
Ohkay Owingeh,NM,36.044,-106.0565
Sparrow Bush,NY,41.4025,-74.7175
Aetna Estates,CO,39.7381,-104.6732
Von Ormy,TX,29.2803,-98.6556
Pena Pobre,PR,18.2174,-65.8221
Alma,NE,40.1036,-99.3657
Bolinas,CA,37.9177,-122.7095
Naco,AZ,31.3431,-109.9336
Berryville,TX,32.0877,-95.4664
Silver Ridge,NJ,39.9621,-74.2358
Darien,WI,42.6007,-88.7129
Redby,MN,47.8715,-94.9052
Conestee,SC,34.7638,-82.3497
Annville,KY,37.3254,-83.9621
Chico,TX,33.296,-97.7986
Woodway,WA,47.7904,-122.3851
Beale AFB,CA,39.1095,-121.3543
Maxwell,CA,39.2771,-122.1946
Ashley,IN,41.5215,-85.0614
South Ashburnham,MA,42.6138,-71.9384
Story,WY,44.5731,-106.9142
Bennet,NE,40.6818,-96.5039
Southwest Sandhill,TX,31.557,-102.9066
Palo,IA,42.0649,-91.8005
Rossville,TN,35.0324,-89.5612
Elm City,NC,35.8044,-77.8561
Benwood,WV,40.0139,-80.7328
East Gull Lake,MN,46.3948,-94.3548
Sterling City,TX,31.8392,-100.986
Crocker,WA,47.0843,-122.1226
Hamlin,WV,38.2805,-82.1084
City View,SC,34.862,-82.425
Oskaloosa,KS,39.2158,-95.3145
Mayo,FL,30.0511,-83.1768
Dieterich,IL,39.0604,-88.3815
Energy,IL,37.774,-89.0244
Piney Point,MD,38.1483,-76.5201
Republic,PA,39.9664,-79.8768
Miles,TX,31.6006,-100.1853
Conrad,IA,42.2234,-92.8741
Bernice,LA,32.8276,-92.6584
Wagener,SC,33.6512,-81.3625
Hillburn,NY,41.1263,-74.1706
Elwood,KS,39.7519,-94.889
Mineral Springs,AR,33.8771,-93.9217
Branchville,SC,33.2517,-80.8161
Blair,WI,44.3083,-91.2426
Burlington,ND,48.2572,-101.4146
Morocco,IN,40.9446,-87.4502
Whitaker,PA,40.4007,-79.8863
Rice,TX,32.2389,-96.4978
Pocono Mountain Lake Estates,PA,41.1567,-74.9646
Nahunta,GA,31.2065,-81.9814
Renovo,PA,41.3313,-77.7477
Ramos,PR,18.3389,-65.7111
Eustace,TX,32.3076,-96.0138
Marion,WI,44.6743,-88.8903
North Enid,OK,36.4458,-97.8634
Shawneetown,IL,37.7157,-88.1866
Princeton,WI,43.8526,-89.1305
Fort Gaines,GA,31.6238,-85.0528
Rock Springs,NM,35.6188,-108.8345
Garretson,SD,43.7147,-96.5028
Mount Gilead,NC,35.2163,-80.005
Columbus,NC,35.2656,-82.1976
Kotlik,AK,63.0305,-163.553
Winfield,TN,36.564,-84.4455
Deans,NJ,40.4037,-74.513
Seville,FL,29.3364,-81.5066
Island City,OR,45.3358,-118.0492
Lesage,WV,38.487,-82.293
Osceola Mills,PA,40.8525,-78.2699
Forest Home,NY,42.4529,-76.4693
Claude,TX,35.1075,-101.3629
Muldraugh,KY,37.9365,-85.9915
Cana,VA,36.5816,-80.6688
Rolla,ND,48.8532,-99.6143
Goreville,IL,37.5611,-88.9557
Grayson,CA,37.5646,-121.1801
Biola,CA,36.7999,-120.021
Sam Rayburn,TX,31.0789,-94.0269
Dodson Branch,TN,36.3149,-85.5322
Greenwood,WI,44.7655,-90.5989
Swede Heaven,WA,48.2829,-121.7136
Quinebaug,CT,42.0107,-71.937
Edinburg,IL,39.658,-89.3905
Cottage City,MD,38.9384,-76.9492
Williamsburg,PA,40.463,-78.2049
Occidental,CA,38.4004,-122.9349
Inglenook,CT,41.5229,-73.4736
Cobb Island,MD,38.2647,-76.8496
Lindsay,TX,33.6418,-97.2186
Glandorf,OH,41.0279,-84.0791
Baldwin,MI,43.8971,-85.8531
Chatsworth,IL,40.7293,-88.2974
Geronimo,OK,34.4831,-98.3877
Livonia,LA,30.5623,-91.5501
Carson City,MI,43.1815,-84.8462
Riddle,OR,42.9542,-123.3644
Boley,OK,35.4904,-96.4795
Five Points,FL,30.2225,-82.6465
Seis Lagos,TX,33.071,-96.5665
Ladera,CA,37.3999,-122.1989
Howard,CO,38.4098,-105.8424
Fairfield Beach,OH,39.9183,-82.4791
Waldo,AR,33.3524,-93.2956
Marion Center,MA,41.7042,-70.7629
Gnadenhutten,OH,40.3598,-81.4289
West Easton,PA,40.6781,-75.2357
Frankfort,MI,44.6361,-86.2332
Cascade-Chipita Park,CO,38.9433,-105.0023
Elbow Lake,MN,45.9902,-95.9791
Scotts Hill,TN,35.5188,-88.2527
Eatons Neck,NY,40.9324,-73.3955
Kenansville,NC,34.9598,-77.9659
Lake Don Pedro,CA,37.659,-120.3329
West Pasco,WA,46.2498,-119.1687
Thornport,OH,39.921,-82.4272
Babson Park,FL,27.8342,-81.5281
New London,MN,45.2974,-94.9478
Kingston,IL,42.1008,-88.7619
Concord,MI,42.1762,-84.6456
St. Ansgar,IA,43.3799,-92.9178
Athens,WV,37.4231,-81.0151
Cedar Bluff,VA,37.0876,-81.7633
McGaheysville,VA,38.3724,-78.7327
Ladoga,IN,39.9167,-86.7989
Thorntown,IN,40.1294,-86.6099
Reno,OH,39.3769,-81.3933
Dona Ana,NM,32.394,-106.8177
Fanning Springs,FL,29.5873,-82.9245
Cottageville,SC,32.9362,-80.4803
Markle,IN,40.8285,-85.3406
Delta Junction,AK,64.0603,-145.7058
Jennerstown,PA,40.1635,-79.061
Glidden,IA,42.0577,-94.7266
Douglas,AL,34.1705,-86.3224
Edmundson,MO,38.7351,-90.3658
Cattaraugus,NY,42.33,-78.8671
Maud,TX,33.3299,-94.3461
Peabody,KS,38.1683,-97.1043
Elmer,NJ,39.5919,-75.174
Orient,NY,41.1425,-72.2771
Newark,IL,41.5368,-88.5803
Coker,AL,33.2446,-87.68
Greenleaf,ID,43.6753,-116.821
Point Marion,PA,39.7354,-79.9008
North Bonneville,WA,45.6425,-121.9688
Laton,CA,36.4314,-119.6976
Whitehall,MT,45.8709,-112.0976
Millington,MI,43.2784,-83.5273
Shafer,MN,45.3901,-92.7531
Entiat,WA,47.678,-120.2175
Lakeside City,TX,33.8292,-98.5403
Quinnesec,MI,45.803,-87.9958
Melrose,OR,43.2529,-123.4574
Lawrenceville,VA,36.7565,-77.8539
Athens,MI,42.0866,-85.2356
Ballplay,AL,34.0179,-85.7852
Bowmans Addition,MD,39.6863,-78.7551
Marion,MT,48.0858,-114.6711
Cave Spring,GA,34.1081,-85.3388
Forreston,IL,42.1273,-89.5784
Frederic,WI,45.6548,-92.4646
Tower Lakes,IL,42.2315,-88.1537
New Sharon,IA,41.4701,-92.651
Pelion,SC,33.775,-81.2502
Elgin,MN,44.1258,-92.2478
Ruby,NY,42.0125,-74.0103
Americus,KS,38.5066,-96.2615
Coleman,MI,43.7588,-84.5869
Hotchkiss,CO,38.799,-107.7133
Columbus,NM,31.8271,-107.6422
Grant,MI,43.3348,-85.8094
Sand Point,AK,55.3227,-160.4834
Fort Clark Springs,TX,29.2937,-100.4244
Elm Creek,NE,40.7201,-99.3755
Van Buren,MO,37.0082,-91.0113
Dellwood,MN,45.0985,-92.9672
Blue Summit,MO,39.087,-94.4808
Monroeville,IN,40.9735,-84.8675
Blue River,CO,39.4362,-106.035
Duncansville,PA,40.4263,-78.4303
Alexandria,TN,36.0791,-86.0382
Earlston,PA,40.0038,-78.3736
Pecos,NM,35.5757,-105.6784
Mathews,VA,37.4365,-76.3245
Independence,VA,36.6254,-81.1511
Maywood Park,OR,45.5524,-122.5617
Hydesville,CA,40.5579,-124.0822
Sebastian,TX,26.3454,-97.7964
Dexter,NM,33.1954,-104.3687
Fort Lawn,SC,34.7003,-80.8991
Sturgeon,MO,39.2344,-92.2824
Rock Island,WA,47.3733,-120.142
Morton,WA,46.5575,-122.2815
Ashland Heights,SD,44.1293,-103.1286
Peridot,AZ,33.3016,-110.4572
Hettinger,ND,46.0034,-102.635
White Hall,WV,39.424,-80.1889
Port Morris,NJ,40.9061,-74.6845
Metcalfe,MS,33.4505,-91.0018
Underwood,IN,38.6037,-85.7744
Adair Village,OR,44.6706,-123.216
Enhaut,PA,40.2324,-76.8253
Wayland,IA,41.1484,-91.6575
Cacao,PR,18.4525,-66.9559
Beech Island,SC,33.4288,-81.8905
North Lima,OH,40.9497,-80.6611
McAdenville,NC,35.2652,-81.0805
Berlin,OH,40.5545,-81.7998
Innovation,VA,38.7539,-77.5248
Cottonwood,ID,46.051,-116.3498
Maurertown,VA,38.9325,-78.4615
Ames Lake,WA,47.6346,-121.9664
Toppers,OK,35.9656,-95.3201
Milesburg,PA,40.9426,-77.792
Farmersville,OH,39.6787,-84.4275
Oran,MO,37.0855,-89.6534
Greenfield,IL,39.3444,-90.208
Hurley,NM,32.6982,-108.1321
Milford,IL,40.6278,-87.6963
Puget Island,WA,46.1743,-123.383
George,WA,47.0846,-119.86
Ness City,KS,38.454,-99.9047
Fayetteville,AL,33.1643,-86.4412
Jolivue,VA,38.1148,-79.0668
Cayuga,IN,39.9474,-87.4644
Blue Ridge,TX,33.2978,-96.3978
Emory,VA,36.78,-81.828
Wooster,AR,35.1998,-92.4503
Carlsborg,WA,48.0842,-123.1697
Baconton,GA,31.3804,-84.1592
Rutledge,GA,33.6263,-83.6112
Fairfax,MN,44.5283,-94.7231
Claypool,AZ,33.4061,-110.8422
Fort Thompson,SD,44.0527,-99.4079
Wildwood,TN,35.7999,-83.8685
Clymer,PA,40.6684,-79.0134
Clarkson,KY,37.4937,-86.2259
Ak-Chin Village,AZ,33.0197,-112.0808
Daisetta,TX,30.1135,-94.6426
Marissa,IL,38.2501,-89.7746
Balfour,NC,35.3494,-82.4825
Elton,LA,30.4813,-92.6976
Sudan,TX,34.0665,-102.5243
Gadsden,SC,33.848,-80.7663
Poseyville,IN,38.1697,-87.7834
Wolfhurst,OH,40.069,-80.781
Gholson,TX,31.7123,-97.236
Hagaman,NY,42.9728,-74.1545
West Point,KY,37.9851,-85.9556
Hilldale,PA,41.2869,-75.836
Mendon,IL,40.0892,-91.2858
Arma,KS,37.5429,-94.7023
Palouse,WA,46.9104,-117.0751
Shongopovi,AZ,35.8195,-110.5331
Homer,IL,40.0329,-87.9578
Pembroke,VA,37.3219,-80.6365
Russell Gardens,NY,40.7809,-73.7254
New Vienna,OH,39.3255,-83.6941
La Pryor,TX,28.9487,-99.8483
Franklinville,NC,35.7421,-79.6893
Bally,PA,40.4004,-75.5875
Crowley Lake,CA,37.5689,-118.7463
Washington,WV,39.2422,-81.6679
Riverdale,VA,36.6764,-78.8943
Felton,DE,39.0127,-75.5765
Irvington,KY,37.8779,-86.2848
North Randall,OH,41.4327,-81.5291
Moodys,OK,36.0325,-94.9559
Wallace,ID,47.4736,-115.9227
Funny River,AK,60.4876,-150.7812
Mi Ranchito Estate,TX,26.3878,-98.8733
Mount Tabor,NJ,40.8717,-74.4759
Mason,TN,35.4128,-89.5412
Stevensville,MI,42.0139,-86.5243
Ipswich,SD,45.4435,-99.03
Wolcottville,IN,41.5255,-85.3665
Talpa,NM,36.3421,-105.5923
Natalia,TX,29.1876,-98.8524
Eldridge,CA,38.3338,-122.5065
La Vernia,TX,29.3542,-98.1219
Riverside,ID,43.1965,-112.4356
Roseland,LA,30.7646,-90.5114
South Waverly,PA,41.9955,-76.5442
Ellport,PA,40.8619,-80.2625
Bannockburn,IL,42.1932,-87.8695
Dryden,MI,42.9456,-83.124
Colony Park,PA,40.3465,-75.9827
Tallaboa,PR,17.9935,-66.7067
Skidmore,TX,28.2626,-97.6854
Bidwell,OH,38.9248,-82.2856
Highland,AR,36.2657,-91.5186
Tellico Plains,TN,35.3665,-84.2982
Timpson,TX,31.9065,-94.3971
Sycamore,GA,31.6711,-83.6352
Corcovado,PR,18.461,-66.7778
Central City,IL,38.5484,-89.1284
Bloomsdale,MO,38.0146,-90.2213
Necedah,WI,44.0233,-90.0717
Blacklake,CA,35.0497,-120.5387
East Hazel Crest,IL,41.5758,-87.6503
Tunnel Hill,GA,34.8496,-85.0393
Mexico,IN,40.8143,-86.1113
Anton,TX,33.8113,-102.1622
New Preston,CT,41.6813,-73.3523
Crescent,LA,30.2406,-91.2864
Bull Valley,IL,42.3227,-88.3633
Whitehorn Cove,OK,35.9936,-95.2868
Cottonwood,MN,44.6105,-95.6721
Springdale,NC,35.2902,-81.1449
Churchill,MT,45.75,-111.3102
Lovington,IL,39.7151,-88.6337
Saint Wendel,IN,38.1056,-87.6972
Claysburg,PA,40.2915,-78.4514
Castlewood,VA,36.8782,-82.2879
Autaugaville,AL,32.432,-86.6578
Bunkerville,NV,36.7594,-114.1412
Gilbert Creek,WV,37.5697,-81.8906
Strum,WI,44.5531,-91.3876
Bouse,AZ,33.8984,-113.9962
Lexington,MI,43.2671,-82.5374
Fairmead,CA,37.0775,-120.1937
Lydia,LA,29.9263,-91.7813
Muscoda,WI,43.1872,-90.4333
Gayle Mill,SC,34.7023,-81.2391
New London,MO,39.5844,-91.3987
Lake Shore,MN,46.504,-94.3635
Cairo,NE,41.0046,-98.6007
Hilbert,WI,44.1415,-88.1611
Britton,SD,45.7924,-97.7529
Assumption,IL,39.518,-89.0478
Bobtown,PA,39.7603,-79.9848
Rice Tracts,TX,26.0573,-97.6261
Baudette,MN,48.7119,-94.5924
Dunnstown,PA,41.1484,-77.4201
Culebra,PR,18.3105,-65.3029
Bodega Bay,CA,38.325,-123.0309
Crosby,ND,48.9162,-103.2966
Mahnomen,MN,47.3147,-95.9673
St. George,KS,39.1915,-96.4185
Sweetser,IN,40.5687,-85.767
Chisholm,ME,44.4916,-70.1923
Port Gibson,MS,31.9558,-90.9834
McClure,PA,40.7078,-77.3107
Lumber City,GA,31.933,-82.6828
Earlington,KY,37.2754,-87.5066
Hopewell Junction,NY,41.5805,-73.8103
Marcellus,MI,42.0261,-85.8131
Gosport,IN,39.3507,-86.6665
Fairhope,PA,40.115,-79.8388
Knights Landing,CA,38.798,-121.7175
St. David,AZ,31.8958,-110.2224
Trappe,MD,38.6634,-76.0518
Woodall,OK,35.8246,-95.0823
Machias,WA,47.9918,-122.0517
Clay,KY,37.4763,-87.8202
Shell Valley,ND,48.8108,-99.8273
Keystone,CO,39.5901,-105.9383
Hector,MN,44.7412,-94.712
Hewlett Harbor,NY,40.6327,-73.6843
Clinton,OH,40.9284,-81.6304
Lansing,IA,43.3602,-91.2256
Hideout,UT,40.6437,-111.4014
Hayesville,NC,35.0452,-83.8178
Conehatta,MS,32.4601,-89.2785
Buffalo,WV,38.6108,-81.9817
Magnolia,NC,34.896,-78.0541
Charlotte,TX,28.8593,-98.7006
Valmeyer,IL,38.3064,-90.2979
Guilford Lake,OH,40.8032,-80.8772
Poquonock Bridge,CT,41.3379,-72.0176
Lucama,NC,35.6449,-78.0076
Black Rock,NM,35.0835,-108.7975
Candlewood Lake,OH,40.6214,-82.7764
Fruitland,IA,41.3475,-91.1288
Nemacolin,PA,39.8784,-79.9294
Memphis,MI,42.8956,-82.7689
Yoncalla,OR,43.6003,-123.2875
Maysville,MO,39.8859,-94.3634
Stronghurst,IL,40.7463,-90.9094
Lake St. Croix Beach,MN,44.9245,-92.7657
Yoe,PA,39.9096,-76.6365
Sharon,TN,36.2349,-88.8252
Westminster,TX,33.3649,-96.4598
Harlem Heights,FL,26.516,-81.9293
Aurora,OR,45.2284,-122.7573
Prospect,PA,40.8992,-80.0487
Raleigh,MS,32.0322,-89.5247
Pasadena Hills,MO,38.7083,-90.2921
Silver Grove,KY,39.0404,-84.3995
Hawley,PA,41.4765,-75.1779
Northfield,KY,38.2857,-85.6363
Ellington,MO,37.2364,-90.9733
Fifth Ward,LA,31.1207,-92.1584
Mound City,MO,40.1365,-95.2337
Coalmont,TN,35.3458,-85.7113
Elk Mound,WI,44.8744,-91.6862
Wilson,AR,35.5661,-90.043
Wister,OK,34.9696,-94.7212
Keuka Park,NY,42.613,-77.0922
Potomac Heights,MD,38.5988,-77.1371
Leland,IL,41.616,-88.7982
Rancho Tehama Reserve,CA,40.001,-122.442
Pierce,CO,40.6411,-104.7701
Fowler,CO,38.1304,-104.0264
Sodus Point,NY,43.264,-76.9954
Tornado,WV,38.3369,-81.855
Clinton,LA,30.8613,-91.015
Palomas,PR,18.0135,-66.8688
Wakeman,OH,41.253,-82.4028
Salina,OK,36.2909,-95.1528
Altamont,TN,35.4325,-85.7433
Spencerville,NM,36.8244,-108.0563
Sand Ridge,NY,43.2553,-76.2294
Rosedale,LA,30.4429,-91.4601
French Settlement,LA,30.3156,-90.8031
Philpot,KY,37.7356,-87.0013
Bronte,TX,31.8857,-100.2955
Springer,NM,36.3623,-104.5997
Neola,IA,41.4498,-95.6173
Camp Hill,AL,32.8002,-85.6536
Tenaha,TX,31.944,-94.2457
Dilworthtown,PA,39.9032,-75.5709
White Sulphur Springs,MT,46.5453,-110.9039
Elkhart Lake,WI,43.8322,-88.0147
North Grosvenor Dale,CT,41.9862,-71.9033
Oyster Creek,TX,28.9978,-95.3282
Bowling Green,MD,39.6272,-78.805
Five Points,NC,35.0154,-79.3513
Beach Haven,NJ,39.566,-74.2492
North DeLand,FL,29.0484,-81.2966
Richfield Springs,NY,42.8536,-74.9862
Haliimaile,HI,20.8671,-156.3381
Greenvale,NY,40.8118,-73.6262
Tiburones,PR,18.4382,-66.5808
Foots Creek,OR,42.3845,-123.1408
Spring City,UT,39.4799,-111.4918
Thatcher,UT,41.6815,-112.3201
Rosa Sanchez,PR,18.0617,-65.9136
Astoria,IL,40.2279,-90.3565
Girardville,PA,40.7922,-76.283
Chevy Chase Heights,PA,40.6403,-79.1456
La Honda,CA,37.3182,-122.2651
Harmony,RI,41.8964,-71.6052
Chase,PA,41.2801,-75.9649
Parrish,AL,33.7323,-87.2802
Pigeon,MI,43.8295,-83.2702
Pheasant Run,OH,41.2072,-82.1481
Lewisburg,KY,36.9872,-86.9502
Lonaconing,MD,39.566,-78.979
Thompson,ND,47.7752,-97.1054
Vass,NC,35.2533,-79.2845
Sully,IA,41.578,-92.8468
Chevy Chase View,MD,39.0192,-77.081
Gallatin Gateway,MT,45.5899,-111.1953
Utica,NE,40.8953,-97.3455
Royalton,MN,45.8302,-94.2931
Teviston,CA,35.9289,-119.2783
Hilshire Village,TX,29.7908,-95.4885
Lake Catherine,IL,42.487,-88.1272
Cottonwood,AL,31.0552,-85.3008
Caldwell,KS,37.035,-97.6089
Ponderosa Pine,NM,34.972,-106.3369
North Bend,OH,39.1505,-84.7405
Langley,WA,48.0337,-122.4084
Chocowinity,NC,35.5148,-77.1017
Buffalo,IA,41.4666,-90.717
Leetsdale,PA,40.5656,-80.2143
Faith,NC,35.5901,-80.4581
Heritage Creek,KY,38.0951,-85.6125
Joseph,OR,45.3525,-117.2304
Martindale,TX,29.8444,-97.839
Eagle,NE,40.8161,-96.4329
Occoquan,VA,38.6825,-77.2606
Cross Plains,TX,32.1271,-99.1658
Medley,FL,25.8647,-80.3516
Parkers Prairie,MN,46.153,-95.329
Niederwald,TX,30.0038,-97.7532
Angel Fire,NM,36.3821,-105.2718
Harmony,MN,43.554,-92.0075
Orlinda,TN,36.5938,-86.7015
Nickerson,KS,38.1488,-98.0883
Lake Ketchum,WA,48.2823,-122.3423
Kellyville,OK,35.9528,-96.2003
Obion,TN,36.2647,-89.1948
Marion,TX,29.5726,-98.143
Quebrada del Agua,PR,18.0378,-66.6847
Rushmere,VA,37.0787,-76.6778
Scanlon,MN,46.7066,-92.4287
Wayne,OH,41.301,-83.4717
Watkins,CO,39.6984,-104.5773
Callaway,MD,38.2324,-76.5231
Tesuque,NM,35.7487,-105.9209
Young Harris,GA,34.9348,-83.8472
Worthing,SD,43.33,-96.7683
McCullom Lake,IL,42.368,-88.2965
Smithfield,PA,39.8021,-79.8089
Gainesboro,TN,36.3617,-85.6496
Franklin Grove,IL,41.8408,-89.3005
Tidmore Bend,AL,34.0324,-85.9253
Farwell,MI,43.8363,-84.8677
Franklin Springs,GA,34.284,-83.1459
Perry,KS,39.0732,-95.3866
Bellerose,NY,40.7243,-73.7167
Ames,TX,30.0451,-94.7373
Lake Waukomis,MO,39.2306,-94.6386
La Harpe,IL,40.5848,-90.9695
Friend,NE,40.6505,-97.2838
San Felipe,TX,29.7965,-96.1051
Eddyville,IA,41.1593,-92.6304
Sacred Heart University,CT,41.2215,-73.2442
Fredonia,AZ,36.9617,-112.5195
Wallenpaupack Lake Estates,PA,41.3957,-75.2731
Falls Creek,PA,41.1421,-78.8067
Arrington,VA,37.6744,-78.8928
Celeste,TX,33.2896,-96.1945
East Barre,VT,44.15,-72.4498
Enterprise,WV,39.4197,-80.2833
Glen Ellen,CA,38.3564,-122.5412
Junction City,CA,40.7341,-123.0618
Farmersburg,IN,39.2525,-87.3807
Arlington,GA,31.4383,-84.7253
South Wenatchee,WA,47.3885,-120.2829
Twinsburg Heights,OH,41.3064,-81.4579
Georgetown,CO,39.7179,-105.6942
Chesapeake,OH,38.4298,-82.4489
La Parguera,PR,17.9748,-67.0458
Wainaku,HI,19.7449,-155.0984
Ridgeway,VA,36.5781,-79.8583
Swifton,AR,35.8245,-91.1294
Winthrop,IA,42.4708,-91.7375
Ransom Canyon,TX,33.5303,-101.6838
La Crosse,KS,38.5318,-99.3095
Fostoria,MI,43.2492,-83.372
Goodman,MO,36.7388,-94.4091
Millers Falls,MA,42.5792,-72.4925
Harkers Island,NC,34.7002,-76.5612
Kings Mills,OH,39.3586,-84.2504
Cornish,ME,43.8005,-70.7994
Lyles,TN,35.9195,-87.345
Rimersburg,PA,41.0409,-79.5024
Highfield-Cascade,MD,39.7136,-77.4946
Walnut Creek,OH,40.5427,-81.7213
Brilliant,AL,34.0256,-87.7691
Menard,TX,30.9185,-99.7837
Briggs,OK,35.9202,-94.8825
Caraway,AR,35.7597,-90.3222
Hooper,NE,41.6116,-96.5487
Allardt,TN,36.3811,-84.8814
Jekyll Island,GA,31.0732,-81.4206
Lamont,MI,43.0125,-85.9061
Mount Royal,NJ,39.8099,-75.2137
New Hackensack,NY,41.6194,-73.8593
Apple Creek,OH,40.7486,-81.8333
Fall Branch,TN,36.4161,-82.6242
Grandview,IL,39.8175,-89.618
Eden Valley,MN,45.3255,-94.5456
Aynor,SC,34.0002,-79.2071
Plains,MT,47.4602,-114.8842
Rosebud,TX,31.0756,-96.9749
Dover Plains,NY,41.7395,-73.5733
Jimmerson Lake,IN,41.7076,-85.0633
Larchwood,IA,43.4547,-96.4363
Royalton,IL,37.8773,-89.1142
Warrensburg,IL,39.932,-89.0628
Kootenai,ID,48.3118,-116.5172
Oakland,OK,34.096,-96.7996
Lakes of the North,MI,44.9361,-84.8845
Salcha,AK,64.5274,-146.9042
Scio,OR,44.7046,-122.8508
Caddo,OK,34.1256,-96.2636
Little Rock,MN,47.8667,-95.106
Indian Lake,MO,38.0935,-91.4529
Lookout Mountain,AL,34.1091,-85.9585
Fayette,OH,41.6727,-84.3284
Emerald Bay,TX,32.1602,-95.438
Notasulga,AL,32.5573,-85.6692
Hillside Lake,NY,41.6191,-73.7944
Beauxart Gardens,TX,29.9585,-94.0354
Andalusia,IL,41.4372,-90.7165
Bloomingburg,OH,39.6079,-83.3953
Seaman,OH,38.937,-83.5753
Cinnamon Lake,OH,40.9835,-82.1914
Lake Holiday,IN,39.9642,-86.9607
Camden,NC,36.325,-76.17
Diablo,CA,37.8408,-121.9565
McGraw,NY,42.5938,-76.0975
Hyde,PA,41.0075,-78.4686
Mashpee Neck,MA,41.6119,-70.4666
Loma Linda,MO,36.9858,-94.5922
East Brady,PA,40.9836,-79.6131
Tri-Lakes,IN,41.2507,-85.4433
Waukomis,OK,36.2842,-97.9005
St. Anne,IL,41.023,-87.7179
Whitney Point,NY,42.3303,-75.9682
Dorseyville,PA,40.577,-79.8887
Dollar Bay,MI,47.1272,-88.5091
Hazel Green,WI,42.5341,-90.4361
Ellerbe,NC,35.0718,-79.7595
Weeki Wachee Gardens,FL,28.5375,-82.6208
Enlow,PA,40.4523,-80.2317
Ricardo,TX,27.4186,-97.8476
Magnolia,OH,40.653,-81.2928
Ranchester,WY,44.9075,-107.1674
Maury,NC,35.4792,-77.5902
Round Hill Village,NV,38.9937,-119.9233
Oglethorpe,GA,32.2934,-84.0625
Williams Acres,NM,35.4969,-108.8699
Andrews,IN,40.8604,-85.6023
Silverdale,PA,40.3473,-75.2718
Rio,WI,43.4497,-89.2388
New Richland,MN,43.8939,-93.4939
Mogul,NV,39.5164,-119.923
Bass Lake,IN,41.2304,-86.5845
Garrett,TX,32.3681,-96.6543
Osino,NV,40.9409,-115.6607
Plum Creek,VA,37.1267,-80.5048
Bethany,WV,40.2053,-80.5629
Sedan,KS,37.1284,-96.1848
Brownsville,KY,37.1952,-86.2691
Toast,NC,36.4966,-80.6347
Rosenhayn,NJ,39.4787,-75.138
Winfield,IA,41.1259,-91.4381
Albany,WI,42.7069,-89.4367
Raymond,IL,39.3198,-89.5745
Algoma,MS,34.1788,-89.0336
Califon,NJ,40.7193,-74.8371
Maria Stein,OH,40.4076,-84.4792
Dauphin,PA,40.3683,-76.9296
Brilliant,OH,40.2701,-80.6318
Stem,NC,36.1963,-78.72
Cobden,IL,37.5335,-89.2545
Swisher,IA,41.8442,-91.6938
Efland,NC,36.0806,-79.1718
Berry,AL,33.6623,-87.6079
Duncan,AZ,32.7344,-109.0972
Craig,AK,55.4918,-133.1165
West Middlesex,PA,41.1742,-80.4557
Porter Heights,TX,30.1501,-95.3217
Clinton,PA,40.4923,-80.297
Rhodhiss,NC,35.7684,-81.4312
Moorcroft,WY,44.2645,-104.9476
Hustisford,WI,43.3441,-88.6031
Apache,OK,34.8937,-98.3584
Speers,PA,40.1222,-79.8799
Akron,IN,41.0388,-86.0249
Skyline Acres,OH,39.2282,-84.5661
Anita,IA,41.4437,-94.766
Coosada,AL,32.4984,-86.3279
Cherokee,AL,34.7577,-87.967
Penryn,CA,38.8482,-121.1698
Roosevelt,NJ,40.2212,-74.473
Welaka,FL,29.4822,-81.6658
Stonewall,MS,32.1364,-88.7958
Matamoras,OH,39.5204,-81.0684
Omega,GA,31.3389,-83.595
Towaoc,CO,37.2126,-108.7265
Pueblito del Rio,PR,18.228,-65.8615
West Brownsville,PA,40.0314,-79.8913
Urbancrest,OH,39.9017,-83.0859
Plainfield,WI,44.2175,-89.4969
Preston,IA,42.0492,-90.3971
Deckerville,MI,43.5265,-82.742
Honalo,HI,19.581,-155.8985
Colchester,IL,40.4256,-90.7922
Voladoras Comunidad,PR,18.3785,-67.0859
Poca,WV,38.4748,-81.8119
Neah Bay,WA,48.3612,-124.6115
Friendsville,TN,35.7563,-84.1319
New Knoxville,OH,40.4947,-84.3151
Hilltop,MN,45.0536,-93.2501
Gorman,TX,32.2136,-98.6721
Lazy Acres,CO,40.0837,-105.3313
Blades,DE,38.6353,-75.6024
Central City,PA,40.1096,-78.8043
Garden Plain,KS,37.6627,-97.6793
North Hornell,NY,42.3453,-77.6605
Lawrence,PA,40.304,-80.122
Arp,TX,32.2279,-95.0534
Plummer,ID,47.3301,-116.8849
Green Lake,WI,43.8441,-88.9561
Housatonic,MA,42.2487,-73.3626
Glasgow,MO,39.2278,-92.8393
Spearville,KS,37.8481,-99.7548
Martin,SD,43.1749,-101.7323
Harlowton,MT,46.4368,-109.8353
Yale,OK,36.1151,-96.7011
Cleveland,NC,35.7331,-80.6817
Carpendale,WV,39.6278,-78.7896
Winding Cypress,FL,26.0641,-81.6782
St. Ignatius,MT,47.3187,-114.0956
Butte des Morts,WI,44.1058,-88.6564
Bloomfield,KY,37.9122,-85.314
Kamiah,ID,46.2269,-116.0283
Seelyville,IN,39.4936,-87.2667
Church Hill,MD,39.1452,-75.9808
Craigsville,VA,38.0838,-79.3853
Flat Top Mountain,TN,35.3319,-85.2
Reynolds,GA,32.5608,-84.0943
Coloma,MI,42.1864,-86.3083
Mahinahina,HI,20.954,-156.6564
Lake Santee,IN,39.4078,-85.3066
Norlina,NC,36.4451,-78.1952
Laverne,OK,36.7053,-99.8968
Clear Lake,WI,45.2491,-92.2675
Marlinton,WV,38.2245,-80.0905
Greensburg,LA,30.83,-90.6698
Wayne City,IL,38.3481,-88.5895
Lakeview,MI,43.4434,-85.2738
Dayton,IN,40.3752,-86.7739
Sunflower,MS,33.5444,-90.5373
Highlandville,MO,36.9417,-93.2832
Glenville,WV,38.9379,-80.834
George,IA,43.342,-96.0034
Mokelumne Hill,CA,38.3057,-120.7061
Halaula,HI,20.2233,-155.7739
Prentiss,MS,31.5995,-89.8746
South Windham,ME,43.738,-70.4236
Brooklyn,MI,42.1054,-84.2487
Holden Beach,NC,33.9121,-78.3182
Highland,KS,39.8603,-95.2649
Sanford,CO,37.2574,-105.9007
Pughtown,PA,40.1699,-75.6599
Poquott,NY,40.9529,-73.0904
Port Republic,NJ,39.5328,-74.4852
Lowellville,OH,41.039,-80.5463
Verdi,NV,39.5142,-119.9772
Grangerland,TX,30.2539,-95.3301
Livermore,KY,37.4919,-87.1343
Grover,WY,42.802,-110.9405
St. Paul,VA,36.9068,-82.3163
Burgin,KY,37.7543,-84.7632
Easton,WA,47.2405,-121.1733
El Macero,CA,38.544,-121.6852
McElhattan,PA,41.1543,-77.3522
Marianne,PA,41.2441,-79.431
Rocky Point,NC,34.4441,-77.8909
Fort Loudon,PA,39.9219,-77.9073
Collinwood,TN,35.1746,-87.7442
Wolcott,IN,40.7589,-87.042
South Lebanon,OR,44.5055,-122.8959
Lawtell,LA,30.5126,-92.1832
Drayton,SC,34.9762,-81.9026
Republic,WA,48.6483,-118.7333
Ohatchee,AL,33.7877,-86.0281
McGill,NV,39.4019,-114.7775
Raubsville,PA,40.6295,-75.2024
Chualar,CA,36.5711,-121.5103
Lake Linden,MI,47.1939,-88.4054
Markham,TX,28.9627,-96.0645
Shandon,CA,35.6536,-120.3831
DeLand Southwest,FL,29.0078,-81.3113
Lapwai,ID,46.4034,-116.8041
Lake Waynoka,OH,38.9401,-83.7786
Elliston,VA,37.2164,-80.2245
Yeagertown,PA,40.6413,-77.5803
Frisco,PA,40.8511,-80.268
Riverside,IA,41.4893,-91.5567
Fredericksburg,IA,42.9648,-92.1965
Green Village,NJ,40.7386,-74.446
Egypt,AL,34.076,-86.1651
Panacea,FL,30.0282,-84.3936
Drexel,MO,38.5005,-94.6025
Morse,LA,30.1221,-92.4985
Asotin,WA,46.3366,-117.0414
Dane,WI,43.2497,-89.4993
Despard,WV,39.2874,-80.3158
Cluster Springs,VA,36.6128,-78.9221
Vineyard Lake,MI,42.0868,-84.2102
Atoka,NM,32.7783,-104.3931
Hebron,PA,40.3389,-76.3997
Arlington Heights,OH,39.2154,-84.4556
Graettinger,IA,43.237,-94.7504
Fort Hunter Liggett,CA,36.0019,-121.2381
Dresser,WI,45.3616,-92.6344
Blue Ridge,AZ,34.6407,-111.1073
Riner,VA,37.0676,-80.4405
Johnsonville,SC,33.815,-79.4443
Belmont Estates,VA,38.4464,-78.9228
Topeka,IN,41.5394,-85.5475
Edon,OH,41.5562,-84.7693
Falcon Lake Estates,TX,26.8719,-99.2584
Cypress Landing,NC,35.4976,-77.055
Cambridge,NE,40.2843,-100.1653
Trumbauersville,PA,40.4133,-75.3803
Beaverton,MI,43.8809,-84.4883
Ansonia,OH,40.2141,-84.6344
Ellerslie,GA,32.6341,-84.7978
Almedia,PA,41.0144,-76.385
Macon,IL,39.7117,-88.9965
Sulphur Springs,AR,34.1709,-92.1298
Nashwauk,MN,47.3805,-93.1666
Hamburg,IA,40.6063,-95.6546
Campbellsburg,KY,38.522,-85.2195
Dixon,KY,37.5134,-87.6959
Sperry,OK,36.2976,-95.9963
Oppelo,AR,35.1003,-92.7733
Batesville,TX,28.9552,-99.6237
Old Field,NY,40.9614,-73.1324
Amherst,WI,44.4475,-89.2832
Robert Lee,TX,31.8955,-100.4857
Holgate,OH,41.2493,-84.1292
Mexico Beach,FL,29.948,-85.4156
Claverack-Red Mills,NY,42.2264,-73.7268
Milford,TX,32.1214,-96.9498
Chebanse,IL,41.0057,-87.9098
Avalon,FL,30.5366,-87.101
Roslyn Harbor,NY,40.8158,-73.6379
Knox,PA,41.2346,-79.536
Neffs,OH,40.032,-80.8171
Route 7 Gateway,CT,41.3171,-73.4746
Ouray,CO,38.0276,-107.6734
Wakefield,KS,39.2164,-97.0187
Paint,PA,40.242,-78.8501
Mounds,OK,35.8792,-96.0678
Morningside,MD,38.8266,-76.8897
Burneyville,OK,33.9043,-97.2903
Bradner,OH,41.3237,-83.4363
Williams,OR,42.2194,-123.2922
Payson,IL,39.8169,-91.2443
Stratford,CA,36.1885,-119.8222
Roscommon,MI,44.4915,-84.5914
Seco Mines,TX,28.7467,-100.5027
Santa Ana Pueblo,NM,35.3495,-106.5202
Talahi Island,GA,32.0331,-80.976
Allison,IA,42.752,-92.7957
Moenkopi,AZ,36.1125,-111.2212
Palmona Park,FL,26.6892,-81.8945
Mountain City,GA,34.9196,-83.3854
Magas Arriba,PR,18.0233,-66.7664
Leupp,AZ,35.2966,-111.0028
Gales Ferry,CT,41.4215,-72.0854
Kenmare,ND,48.6729,-102.0721
Waynesburg,OH,40.6682,-81.2598
Algonquin,MD,38.5843,-76.0965
Wilhoit,AZ,34.4082,-112.6156
Washburn,IL,40.9203,-89.2916
Shirley,IN,39.891,-85.5799
Crivitz,WI,45.2337,-88.0067
Atkins,VA,36.8659,-81.4045
Horatio,AR,33.941,-94.3554
English,IN,38.3408,-86.4592
Barker Heights,NC,35.3104,-82.4412
Douglas City,CA,40.6529,-122.9283
Williamsport,OH,39.5824,-83.1206
Junction City,OH,39.7217,-82.2998
Big River,CA,34.1393,-114.3604
Mesa Verde,CA,33.5957,-114.7317
Acalanes Ridge,CA,37.9046,-122.0786
Rolling Hills,KY,38.2825,-85.5784
Beckemeyer,IL,38.6058,-89.4321
Terre Hill,PA,40.1592,-76.0508
Lompico,CA,37.11,-122.0523
Delft Colony,CA,36.5137,-119.4465
Cologne,NJ,39.4933,-74.6091
Masaryktown,FL,28.4417,-82.461
Tombstone,AZ,31.7234,-110.0798
Bloomingburg,NY,41.5519,-74.4436
Racine,OH,38.9683,-81.9109
Forest View,IL,41.8072,-87.7798
Lake View,IA,42.3046,-95.041
Linesville,PA,41.6564,-80.4225
Mount Wolf,PA,40.0616,-76.7053
Lilbourn,MO,36.5907,-89.6132
Lakeshore Gardens-Hidden Acres,TX,28.1235,-97.8653
Burwell,NE,41.7801,-99.1342
Bassett,VA,36.7615,-79.9866
Squirrel Mountain Valley,CA,35.6175,-118.4047
Somerset,MD,38.9666,-77.0963
Wisner,LA,31.9805,-91.6551
Griswold,IA,41.2343,-95.1394
St. Paul,IN,39.4283,-85.6287
Martin's Additions,MD,38.9796,-77.0693
Foster Brook,PA,41.9792,-78.6063
Eagle Lake,WI,42.7014,-88.1291
Tyler,MN,44.2785,-96.1359
West Marion,NC,35.6525,-82.0191
Cohutta,GA,34.9539,-84.9592
Trezevant,TN,36.011,-88.6206
Fairfax,OK,36.5699,-96.708
Botkins,OH,40.4587,-84.1782
Pray,MT,45.415,-110.6533
Utica,IN,38.338,-85.6559
Country Club Hills,MO,38.7208,-90.2751
Mountain View,WY,41.2724,-110.3342
Stebbins,CA,35.4056,-119.3142
Mancos,CO,37.3466,-108.2939
Jonesville,SC,34.8348,-81.6811
Leroy,AL,31.4952,-87.969
Blue Ridge Summit,PA,39.7256,-77.4688
Lakewood Park,TN,35.6481,-86.1357
Sister Bay,WI,45.1835,-87.1271
Mammoth,AZ,32.6853,-110.7292
Granger,TX,30.718,-97.4411
Town Creek,AL,34.6718,-87.4063
Maricopa,CA,35.0516,-119.4058
Passapatanzy,VA,38.2942,-77.3266
Nelson,GA,34.3789,-84.3707
Overbrook,KS,38.7794,-95.5569
Woodville,AL,34.6256,-86.2792
New Franklin,MO,39.0175,-92.7406
Harbor Springs,MI,45.4326,-84.989
Moravian Falls,NC,36.1073,-81.1807
North Edwards,CA,35.0474,-117.8093
Lincoln Center,KS,39.043,-98.1468
Helena Flats,MT,48.2863,-114.2369
Medford,OK,36.8035,-97.7378
Percy,IL,38.0153,-89.6188
Perry,LA,29.9521,-92.154
Richland,MI,42.3762,-85.4553
Dovesville,SC,34.4028,-79.903
Keosauqua,IA,40.7347,-91.9604
Midvale,OH,40.4358,-81.37
Flovilla,GA,33.2524,-83.903
Buhl,MN,47.4994,-92.7691
Calumet,PA,40.2189,-79.4891
Olmito,TX,26.0233,-97.5379
Philipsburg,MT,46.3324,-113.296
Chums Corner,MI,44.6767,-85.6564
St. Leon,IN,39.2935,-84.9641
Rapids City,IL,41.5786,-90.3399
Newhall,IA,41.9933,-91.9672
Aplington,IA,42.5819,-92.8835
Janesville,IA,42.6462,-92.4626
Clarksburg,TN,35.8705,-88.3937
Fort Ashby,WV,39.4973,-78.7646
Mariaville Lake,NY,42.8252,-74.1287
Lynnville,IN,38.1988,-87.3141
Colman,SD,43.9835,-96.8148
Skyline,AL,34.7986,-86.1228
Parcelas Viejas Borinquen,PR,18.1739,-66.0406
Fordoche,LA,30.594,-91.6179
Dunnavant,AL,33.4977,-86.5421
Shady Point,OK,35.1276,-94.6686
South Corning,NY,42.1262,-77.0356
Arapahoe,NE,40.3052,-99.898
Las Ochenta,PR,17.9847,-66.3174
Ninilchik,AK,60.0745,-151.3843
Pisgah,AL,34.6844,-85.846
Convoy,OH,40.9174,-84.705
Ship Bottom,NJ,39.6459,-74.1835
Greene,RI,41.6988,-71.7339
Hooper Bay,AK,61.5262,-166.1146
Plumerville,AR,35.16,-92.643
Indian Springs,TX,30.6879,-94.7449
Marvell,AR,34.5563,-90.9153
Avonmore,PA,40.5272,-79.4693
New Philadelphia,PA,40.7178,-76.1167
Genoa,AR,33.3775,-93.8825
Kittery Point,ME,43.0883,-70.6988
Forrest,IL,40.7511,-88.4096
Millville,PA,41.1205,-76.5253
Stromsburg,NE,41.1159,-97.5912
Alcorn State University,MS,31.8804,-91.1407
Hesperia,MI,43.5691,-86.0407
Yemassee,SC,32.6733,-80.8515
Roseboro,NC,34.9551,-78.5137
Atwater,OH,41.0258,-81.16
White Plains,KY,37.1707,-87.3801
Embreeville,TN,36.1767,-82.4494
Wenona,IL,41.0487,-89.0523
Luttrell,TN,36.2096,-83.7485
Dexter,GA,32.4331,-83.0595
Chain O' Lakes,WI,44.3318,-89.1672
Woodbine,GA,30.9598,-81.7176
Waverly,IN,39.557,-86.2714
Elloree,SC,33.5301,-80.5712
Middlesex,NC,35.7894,-78.2047
Hartrandt,WY,42.8836,-106.3492
McConnellsburg,PA,39.932,-77.9958
Athens,WI,45.0349,-90.0792
Chapmanville,WV,37.9727,-82.0215
Goldsboro,PA,40.1542,-76.7515
Gordon,PA,40.7502,-76.3398
Hamel,IL,38.8894,-89.8425
Highland Holiday,OH,39.1949,-83.4703
Vardaman,MS,33.8822,-89.1778
Goshen,KY,38.4026,-85.5823
Marion,SD,43.4236,-97.2605
Far Hills,NJ,40.6906,-74.6257
Villisca,IA,40.9298,-94.981
Tribes Hill,NY,42.9479,-74.2989
Flushing,OH,40.1481,-81.0647
Mantorville,MN,44.0656,-92.7537
Bow Mar,CO,39.6251,-105.0511
Bray,OK,34.616,-97.8207
Woodward,IA,41.8528,-93.9207
Santa Clara Pueblo,NM,35.9726,-106.0927
Fulton,TX,28.0706,-97.0429
Liberty Center,OH,41.4436,-84.0078
Lake Victoria,MI,42.9168,-84.3749
Yorkville,OH,40.1528,-80.7079
Adams Center,NY,43.8616,-76.0001
Jackson Heights,NC,35.2236,-77.6333
Garrison,TX,31.8252,-94.4932
Palo Seco,PR,18.0093,-65.937
Blairs,VA,36.6958,-79.3774
Lake Colorado City,TX,32.3491,-100.9375
Simonton,TX,29.6824,-95.991
Harvard,NE,40.6201,-98.0961
Adwolf,VA,36.7942,-81.5937
Ashland,IL,39.8886,-90.0078
Buffalo Center,IA,43.3894,-93.9428
McBee,SC,34.467,-80.2571
Minier,IL,40.4336,-89.3139
Teton Village,WY,43.5907,-110.8419
Powderly,KY,37.2374,-87.1589
Accomac,VA,37.7196,-75.6673
Toksook Bay,AK,60.5333,-165.1557
Woods Hole,MA,41.5303,-70.6614
Killbuck,OH,40.496,-81.9823
Sunrise Lake,PA,41.3135,-74.9621
Absarokee,MT,45.5242,-109.4473
Ramsey,IL,39.1457,-89.1103
Riverdale Park,CA,37.6028,-121.0425
Section,AL,34.5816,-85.9849
Gladbrook,IA,42.1861,-92.7151
Browns Point,WA,47.3036,-122.4369
Shelter Island Heights,NY,41.0661,-72.3493
Shell Ridge,CA,37.906,-122.0345
Friars Point,MS,34.3679,-90.6379
Greeley Hill,CA,37.7505,-120.1228
Blue Lake,CA,40.8814,-123.993
Knippa,TX,29.3076,-99.6329
Mapleton,IA,42.1673,-95.7909
Twisp,WA,48.3619,-120.1171
Alakanuk,AK,62.6902,-164.6305
Galva,KS,38.3836,-97.5381
Exeter,MO,36.6707,-93.9399
Talkeetna,AK,62.2994,-149.9601
Velva,ND,48.0582,-100.9329
Saybrook-on-the-Lake,OH,41.8669,-80.8791
Crawford,GA,33.8831,-83.1551
Altamont,KS,37.1875,-95.2898
Morristown,IN,39.6738,-85.7052
Groveton,TX,31.0572,-95.1268
Marueno,PR,18.0585,-66.6569
Dyer,AR,35.4944,-94.1388
Point Lookout,NY,40.5906,-73.5796
Belmont,WI,42.7379,-90.3346
Olinda,HI,20.8261,-156.2917
Woodlawn,NC,36.1158,-79.2898
Tyrone,OK,36.9555,-101.068
Chetopa,KS,37.0376,-95.0923
Spring Hill,PA,40.3704,-78.6691
Beloit,OH,40.9196,-80.9964
Superior,MT,47.1935,-114.892
Laupahoehoe,HI,19.9723,-155.2345
Penryn,PA,40.2016,-76.3675
Kirklin,IN,40.1929,-86.3592
Womens Bay,AK,57.696,-152.6276
Pineland,TX,31.2467,-93.9744
Port Byron,NY,43.0366,-76.6263
Victoria,KS,38.8538,-99.1473
Lynn,IN,40.0488,-84.9424
Clendenin,WV,38.4859,-81.3503
Bowmanstown,PA,40.8019,-75.6611
Lookingglass,OR,43.1848,-123.4999
DeSales University,PA,40.5382,-75.3782
Medora,IN,38.8247,-86.1711
Togiak,AK,59.0693,-160.4728
Grant City,MO,40.4858,-94.4135
Laboratory,PA,40.1551,-80.2134
Ostrander,OH,40.269,-83.2075
Florence,MT,46.6345,-114.0813
York Haven,PA,40.1106,-76.7149
Wittenberg,WI,44.827,-89.1664
Reeds Spring,MO,36.7402,-93.3797
Laurie,MO,38.208,-92.8253
Encinal,TX,28.041,-99.3546
Afton,IA,41.0276,-94.1953
Campti,LA,31.898,-93.1158
Red Cloud,NE,40.0864,-98.5222
Jamaica Beach,TX,29.1904,-94.98
Browning,MT,48.5564,-113.0151
Marshallville,GA,32.4564,-83.9407
Oquawka,IL,40.9379,-90.9499
Palenville,NY,42.1773,-74.0226
Siletz,OR,44.7219,-123.9187
Laguna Heights,TX,26.081,-97.2592
Queenstown,MD,38.9868,-76.1633
Howard,SD,44.0117,-97.5246
Hanson,KY,37.4184,-87.4809
Pearlington,MS,30.2492,-89.6048
Tuscola,TX,32.2115,-99.7983
Cateechee,SC,34.7694,-82.7767
Hazelton,ID,42.5953,-114.1366
Mansfield Center,CT,41.7614,-72.1945
Loup City,NE,41.2766,-98.9677
Hummels Wharf,PA,40.8308,-76.841
Peach Lake,NY,41.3693,-73.5785
Atkinson,IL,41.4168,-90.0087
Minturn,CO,39.5463,-106.3871
Kekoskee,WI,43.5019,-88.5863
Pickett,OK,34.7795,-96.7755
Gilcrest,CO,40.2841,-104.782
Alcester,SD,43.0278,-96.6268
Enderlin,ND,46.6215,-97.5956
Edisto Beach,SC,32.4922,-80.3239
Curtisville,PA,40.6497,-79.8492
John Sevier,TN,36.038,-83.8257
Harleigh,PA,40.9862,-75.9703
Crosswicks,NJ,40.1439,-74.6409
Fort Davis,TX,30.5789,-103.8946
Goodfield,IL,40.6266,-89.2688
La Conner,WA,48.3926,-122.4945
Grand Rapids,OH,41.4078,-83.868
Boonville,CA,39.0115,-123.374
Point,TX,32.9302,-95.869
Pleasant Hill,IL,39.4432,-90.873
Chevy Chase Section Three,MD,38.9793,-77.0742
White Haven,PA,41.0566,-75.7802
Palo Alto,PA,40.6861,-76.1699
Merrill,OR,42.026,-121.6008
Flagtown,NJ,40.5232,-74.6909
Gibson,GA,33.2334,-82.5959
Cooleemee,NC,35.8125,-80.5563
Hi-Nella,NJ,39.8367,-75.022
Wortham,TX,31.7897,-96.461
Six Mile,SC,34.8082,-82.8154
Dash Point,WA,47.313,-122.4154
Lockport Heights,IL,41.6215,-88.0224
Port Orford,OR,42.7497,-124.4973
Vernon Valley,NJ,41.2396,-74.4833
Worden,IL,38.9316,-89.8402
Painted Hills,IN,39.3963,-86.3494
Santa Susana,CA,34.2586,-118.6642
Lake Koshkonong,WI,42.8838,-88.9424
New Waterford,OH,40.8478,-80.6188
Windsor,IL,39.4389,-88.5953
St. Paul,TX,33.0437,-96.5504
Avery,TX,33.5521,-94.7803
Rutledge,PA,39.901,-75.3274
Maysville,NC,34.907,-77.2324
Au Gres,MI,44.0432,-83.6934
Riverpoint,WA,47.4842,-121.7151
Roseland,IN,41.7176,-86.2506
Marrowstone,WA,48.057,-122.6938
Morristown,MN,44.2239,-93.4445
Brunswick,NC,34.2877,-78.7085
New Holland,OH,39.5544,-83.2595
Tignall,GA,33.8674,-82.742
Lake Roesiger,WA,47.9837,-121.9128
Clark Fork,ID,48.1472,-116.1768
Boyce,VA,39.0933,-78.0601
Mossyrock,WA,46.5305,-122.4887
Calmar,IA,43.1811,-91.8679
Flint Hill,MO,38.8627,-90.8724
Lewiston,MI,44.8771,-84.3047
Patterson Springs,NC,35.2335,-81.5159
Lake Bosworth,WA,48.0553,-121.9811
Upper Bear Creek,CO,39.6319,-105.4154
Audubon Park,NJ,39.8969,-75.089
Cuba,IL,40.4936,-90.1933
Brook,IN,40.8664,-87.3653
Waynesville,GA,31.2263,-81.788
Taylorsville,IN,39.2964,-85.9502
Sykesville,PA,41.0475,-78.8185
La Monte,MO,38.7726,-93.4237
Castle Hayne,NC,34.3583,-77.9114
Plantation,KY,38.2834,-85.5936
Alpine,WY,43.1646,-111.02
Cascade,ID,44.5087,-116.0425
Truesdale,MO,38.8124,-91.122
Sugar Notch,PA,41.1939,-75.9312
Underwood,IA,41.3807,-95.6821
Welcome,MN,43.6662,-94.6073
Ola,AR,35.031,-93.2244
Beasley,TX,29.4952,-95.9154
Hot Sulphur Springs,CO,40.0748,-106.1032
Grand Coulee,WA,47.9392,-119.0029
Tilden,NE,42.0435,-97.8318
Rupert,WV,37.9649,-80.687
Geronimo,TX,29.6728,-97.9686
Barker Ten Mile,NC,34.6825,-78.9889
Tonasket,WA,48.7075,-119.4409
Baileyton,AL,34.2609,-86.6083
Hubbard Lake,MI,44.8108,-83.5605
Atwood,IL,39.7992,-88.4626
Burlingame,KS,38.7517,-95.8351
Central Lake,MI,45.0694,-85.2625
Terramuggus,CT,41.6343,-72.4693
Roan Mountain,TN,36.1866,-82.0706
Villa Calma,PR,18.4428,-66.2321
Jagual,PR,18.161,-65.9993
Drain,OR,43.6623,-123.3143
Germania,NJ,39.5088,-74.5922
De Smet,SD,44.3862,-97.5496
Seligman,MO,36.5231,-93.9387
Lobelville,TN,35.7508,-87.7958
Evadale,TX,30.3369,-94.06
Potomac Park,MD,39.6124,-78.8082
Sundance,WY,44.4048,-104.3626
Friedens,PA,40.0449,-79.0028
Page Park,FL,26.5782,-81.8614
Rosendale,WI,43.808,-88.6732
Eden Roc,HI,19.4917,-155.0958
Parcelas La Milagrosa,PR,18.1716,-66.1868
Rowland,NC,34.5362,-79.2928
Frederica,DE,39.0081,-75.4667
Valley Springs,CA,38.1694,-120.826
Ashippun,WI,43.2182,-88.5159
Manns Harbor,NC,35.894,-75.7737
East Conemaugh,PA,40.3476,-78.8861
Zena,NY,42.0203,-74.085
North Hills,WV,39.315,-81.5088
Madisonville,LA,30.4003,-90.1653
Elkton,SD,44.2351,-96.4794
Danielsville,GA,34.1238,-83.2202
Frost,TX,32.0788,-96.8084
Mayville,MI,43.3363,-83.352
Alto Bonito Heights,TX,26.3158,-98.6413
Sprague,WV,37.7938,-81.1822
Redstone Arsenal,AL,34.6645,-86.653
Van Wyck,SC,34.8531,-80.8333
Wyanet,IL,41.361,-89.5828
Upper Exeter,PA,41.407,-75.8503
Hubbell,MI,47.177,-88.436
Vaughn,MT,47.5523,-111.5608
Grantsville,MD,39.6969,-79.1528
Galatia,IL,37.8414,-88.6148
Walnut Grove,CA,38.2478,-121.528
Davidsville,PA,40.2348,-78.9356
Chumuckla,FL,30.7826,-87.2309
Metolius,OR,44.5875,-121.176
Albany,LA,30.4993,-90.5839
Newtown,SC,34.4013,-79.3566
Tahoma,CA,39.064,-120.1434
Kraemer,LA,29.8606,-90.6337
Chicora,PA,40.9505,-79.7401
Farmington,PA,39.81,-79.5623
Napoleon,MI,42.1658,-84.2416
Ponderosa Pines,MT,46.0374,-111.35
Rincon,PR,18.15,-66.1569
Keys,OK,35.8022,-94.9606
Soda Bay,CA,39.0024,-122.7794
Elk Run Heights,IA,42.4662,-92.2502
Franklin,GA,33.2797,-85.0985
Oxford,AR,36.209,-91.9183
Valley Springs,SD,43.5824,-96.4656
Barnsdall,OK,36.5595,-96.1383
Hays,MT,48.0104,-108.6607
Johnstonville,CA,40.3791,-120.584
Misericordia University,PA,41.346,-75.971
Moapa Town,NV,36.6925,-114.6356
Hopland,CA,38.9691,-123.1173
Six Shooter Canyon,AZ,33.3569,-110.7719
Savoy,TX,33.5999,-96.3662
Timber Lakes,UT,40.4733,-111.2533
Nicollet,MN,44.2746,-94.1881
Egan,LA,30.246,-92.5135
Francesville,IN,40.9853,-86.8834
Allen,OK,34.8776,-96.4129
Thomasboro,IL,40.2438,-88.1876
Danville,IA,40.8599,-91.3145
Pigeon Creek,OH,41.1101,-81.6722
Rison,AR,33.9599,-92.1936
Crystal,MI,43.2642,-84.9276
Alma,KS,39.0152,-96.2871
Ore City,TX,32.8008,-94.7182
Tres Pinos,CA,36.7904,-121.3105
Primghar,IA,43.0864,-95.6207
Gila Crossing,AZ,33.2731,-112.1627
Daguao,PR,18.2217,-65.6798
Toa Baja,PR,18.4439,-66.2547
Bird Island,MN,44.7648,-94.8949
Williamsburg,CO,38.384,-105.171
Canyon Creek,TX,32.3927,-97.7405
Hillsboro,MS,32.4491,-89.4889
Dublin,IN,39.8127,-85.2056
Dammeron Valley,UT,37.3042,-113.6658
Woodbury,GA,32.9849,-84.5819
Ivey,GA,32.9092,-83.2983
Los Indios,TX,26.0493,-97.7351
Lake Park,GA,30.6851,-83.1873
Hobson City,AL,33.6148,-85.8561
Lincoln,PA,40.2994,-79.8555
Tunica,MS,34.6881,-90.3809
East Sparta,OH,40.6635,-81.3643
Hulmeville,PA,40.1421,-74.9075
Silver Lake,IN,41.0743,-85.8923
White Lake,NC,34.6418,-78.4969
Twin Lakes,NM,35.6833,-108.7709
Eton,GA,34.8282,-84.7655
El Rito,NM,36.338,-106.1844
Cissna Park,IL,40.567,-87.8922
Amador Pines,CA,38.4896,-120.5333
Calvert,TX,30.9791,-96.6716
Carrizozo,NM,33.6433,-105.8411
Greers Ferry,AR,35.5674,-92.1688
Seabrook,SC,32.5227,-80.7479
Luckey,OH,41.4525,-83.4839
Fort Sumner,NM,34.479,-104.2332
Elberfeld,IN,38.1617,-87.4482
Ririe,ID,43.6323,-111.7716
Greenwood,FL,30.8727,-85.1612
Folly Beach,SC,32.6692,-79.95
Inyokern,CA,35.6546,-117.8213
Redwater,TX,33.3585,-94.2551
Dayton,WY,44.8733,-107.2624
Orangeville,IL,42.4659,-89.6469
Crawford,NE,42.6845,-103.416
Parshall,ND,47.9595,-102.1338
Sultana,CA,36.5455,-119.3379
Mountainaire,AZ,35.0921,-111.6493
Marblehead,OH,41.5236,-82.7285
Offerman,GA,31.4088,-82.1132
Schoeneck,PA,40.2453,-76.1766
Haxtun,CO,40.642,-102.6297
Fair Haven,NY,43.3263,-76.7044
Piedmont,SD,44.2136,-103.3717
Fort Hancock,TX,31.2837,-105.8446
Round Lake,NY,42.9376,-73.7958
Essex,IL,41.1819,-88.1926
Daniel,UT,40.4668,-111.4096
Ashland,MT,45.5977,-106.2975
Merryville,LA,30.7571,-93.5246
Bunker Hill,IN,40.6601,-86.1015
Amity,AR,34.2662,-93.4634
Indian Lake Estates,FL,27.7988,-81.3563
Otisville,MI,43.1661,-83.5247
Colfax,IL,40.5666,-88.616
Cotter,AR,36.2819,-92.5212
Parcelas Penuelas,PR,18.0059,-66.3475
Osceola,MO,38.0458,-93.6972
Sandy Springs,SC,34.5974,-82.7493
Annawan,IL,41.3958,-89.8882
Fish Lake,IN,41.5616,-86.5513
Cammack Village,AR,34.7808,-92.3449
Bayview,TX,26.1327,-97.3974
Cleveland,MO,38.6788,-94.598
Grand Meadow,MN,43.7062,-92.5701
Woodridge,NY,41.7122,-74.5741
Arkport,NY,42.3926,-77.6955
North Haven,NY,41.023,-72.314
Plantersville,MS,34.2103,-88.6655
Springville,VA,37.194,-81.3999
Aspermont,TX,33.1405,-100.2253
Paducah,TX,34.0144,-100.3038
Weleetka,OK,35.3401,-96.136
Solana,FL,26.9388,-82.0277
Pamplico,SC,33.9957,-79.5698
River Road,WA,48.0677,-123.1276
North Perry,OH,41.8,-81.1241
Quinter,KS,39.0666,-100.2347
Danvers,IL,40.53,-89.1751
Elsie,MI,43.0895,-84.3889
Bell Hill,WA,48.055,-123.0869
Milmay,NJ,39.4433,-74.8668
Waterloo,NE,41.2856,-96.285
Marble Cliff,OH,39.9857,-83.0614
Pinopolis,SC,33.2287,-80.0386
Paradise Heights,FL,28.6237,-81.5439
South Pekin,IL,40.4955,-89.6524
Peggs,OK,36.0673,-95.0718
Lakeview,AR,36.3739,-92.5387
Cheyenne Wells,CO,38.8192,-102.3521
Stantonsburg,NC,35.6053,-77.8198
Nortonville,KY,37.186,-87.4556
New Cumberland,WV,40.5072,-80.6115
Bolivar,OH,40.6539,-81.455
West Pittsburg,PA,40.931,-80.3591
Willow Creek,CA,40.9385,-123.6412
Grand Coteau,LA,30.4202,-92.0438
Oakland,IL,39.6574,-88.0275
Cambridge,IA,41.9001,-93.536
Victor,MT,46.4161,-114.1492
Log Lane Village,CO,40.2697,-103.829
Fremont,NC,35.5436,-77.9751
Mazeppa,MN,44.2737,-92.5403
Harrison,IL,37.7979,-89.3364
South Wallins,KY,36.8152,-83.4044
Arlington,WI,43.3351,-89.3726
Laurel,NE,42.4301,-97.0986
Dolores,CO,37.4741,-108.4998
Salineville,OH,40.6207,-80.8345
Benkelman,NE,40.0468,-101.5402
Clarksville City,TX,32.5329,-94.8946
Vega,TX,35.2453,-102.4294
Ellendale,ND,46.0043,-98.5254
Christiana,PA,39.9545,-75.997
Canoncito,NM,35.5388,-105.8391
McNary,AZ,34.0923,-109.8541
Centerville,TX,31.2583,-95.9794
Ehrenberg,AZ,33.6175,-114.4883
Victor,IA,41.7306,-92.2949
Sherburn,MN,43.6549,-94.7275
Miamitown,OH,39.217,-84.7095
Eureka,SD,45.7707,-99.6207
Emmonak,AK,62.7762,-164.5157
Hospers,IA,43.0722,-95.9039
New Bloomfield,MO,38.7168,-92.0915
Wheelwright,KY,37.3392,-82.7186
Fifth Street,TX,29.5982,-95.552
Solomon,KS,38.9215,-97.3692
La Croft,OH,40.6469,-80.5998
Cottonwood Falls,KS,38.3686,-96.5425
Linn Valley,KS,38.3758,-94.712
Monongah,WV,39.4598,-80.2185
Ninnekah,OK,34.964,-97.9447
Grandfield,OK,34.2306,-98.6875
Meadow Vale,KY,38.2833,-85.5725
De Soto,IA,41.5371,-94.0103
Madison,KS,38.1336,-96.1372
Alanson,MI,45.4425,-84.7871
Viola,IL,41.2053,-90.5863
Wild Rose,WI,44.1788,-89.2442
Great Bend,NY,44.0198,-75.7076
Rockwell,IA,42.98,-93.1872
Foreman,AR,33.7198,-94.3979
Whitecone,AZ,35.6037,-110.0791
Lake Quivira,KS,39.0393,-94.7685
Jonestown,MS,34.3222,-90.4541
Odin,IL,38.6159,-89.0541
Oil City,LA,32.7454,-93.9758
Northwood,ND,47.7384,-97.5707
Start,LA,32.4902,-91.865
Union Bridge,MD,39.5731,-77.1744
Eureka,UT,39.9588,-112.1149
Schleswig,IA,42.1612,-95.4352
Vienna,NJ,40.8698,-74.881
Waitsburg,WA,46.2698,-118.1509
Grimsley,TN,36.2761,-84.997
Beechmont,KY,37.1714,-87.0364
West Union,WV,39.2963,-80.7751
Allenton,WI,43.4218,-88.3448
Hollywood,AL,34.7195,-85.9641
Vanceboro,NC,35.303,-77.1567
Los Olivos,CA,34.664,-120.117
Greenview,IL,40.0849,-89.7406
Dallas City,IL,40.6353,-91.1645
Schaefferstown,PA,40.2968,-76.2939
Mission,OR,45.6586,-118.6655
Skyline-Ganipa,NM,35.0361,-107.6162
Earth,TX,34.2338,-102.4091
Iva,SC,34.3071,-82.6636
Fremont,IA,41.2125,-92.4338
Alhambra Valley,CA,37.9668,-122.1361
Lewisville,AR,33.3643,-93.5751
Meredosia,IL,39.8308,-90.5569
Plandome Heights,NY,40.8021,-73.7049
New Bedford,PA,41.0955,-80.4953
Riceboro,GA,31.7264,-81.4438
Sidney,IA,40.7459,-95.6447
Saegertown,PA,41.7165,-80.1364
Bogata,TX,33.4699,-95.2136
Lake Andes,SD,43.156,-98.5361
Gerber,CA,40.0614,-122.1482
West Cape May,NJ,38.9423,-74.9378
Highland,WI,43.0475,-90.3801
Newman Grove,NE,41.7469,-97.7767
Park City,MT,45.631,-108.9253
Eagleville,TN,35.7391,-86.6528
Baroda,MI,41.9541,-86.4879
Henderson,MN,44.5278,-93.9091
East Tawakoni,TX,32.9011,-95.9397
Tye,TX,32.4522,-99.8665
Bessemer,PA,40.9756,-80.4878
Beach,ND,46.9189,-104.0055
Dillon,CO,39.6213,-106.0393
Waynoka,OK,36.5849,-98.8776
Ottoville,OH,40.9342,-84.3383
Disputanta,VA,37.1236,-77.2249
Iron Ridge,WI,43.3982,-88.532
Langdon Place,KY,38.2865,-85.5849
Mauna Loa Estates,HI,19.4274,-155.2213
Stephenson,MI,45.4137,-87.6091
Sunol,CA,37.59,-121.8847
Miner,MO,36.8972,-89.5355
Kingston,GA,34.2319,-84.9444
Pawnee City,NE,40.1106,-96.153
Sentinel,OK,35.157,-99.1736
Fort Totten,ND,47.9716,-98.9971
Oriental,NC,35.0357,-76.6816
Bellaire,MI,44.9739,-85.2057
Branford,FL,29.9623,-82.9243
Rural Valley,PA,40.7991,-79.3149
Clarkton,MO,36.4521,-89.968
Bigfoot,TX,29.0619,-98.8521
Gilmer Park,IN,41.6198,-86.2517
Silverhill,AL,30.5455,-87.7506
Pine River,MN,46.7224,-94.3974
Griggstown,NJ,40.44,-74.5989
New Hope,TN,35.0044,-85.6598
Belwood,NC,35.4794,-81.5227
Memphis,IN,38.4891,-85.7679
Cookson,OK,35.7155,-94.9199
Cobb,CA,38.8356,-122.723
Walhalla,ND,48.9211,-97.9176
Kindred,ND,46.6494,-97.0169
Loon Lake,WA,48.0661,-117.6288
New Union,AL,34.1422,-86.2218
Hingham,WI,43.6465,-87.9151
New Deal,TX,33.7322,-101.8435
Colfax,IN,40.1944,-86.6673
Manassa,CO,37.1738,-105.9373
Callender Lake,TX,32.3675,-95.6983
Lambert,MS,34.2006,-90.2845
Silverado Resort,CA,38.3536,-122.2556
Cedar Flat,CA,39.2101,-120.0965
Buckley,MI,44.5033,-85.672
Spanish Valley,UT,38.4743,-109.421
Warrenville,SC,33.5461,-81.799
Doerun,GA,31.3218,-83.917
Vaughn,WA,47.355,-122.7773
Pasatiempo,CA,37.0034,-122.0265
Spring Glen,UT,39.6561,-110.8461
Palestine,IN,41.1784,-85.9497
Pala,CA,33.3639,-117.0675
Newell,IA,42.6097,-95.004
Harris,MN,45.5976,-92.9869
Bethany Beach,DE,38.5391,-75.066
Knoxville,PA,41.9605,-77.4379
Goodland,IN,40.7637,-87.2951
Pineville,MO,36.5756,-94.3916
Beaver Creek,TX,30.4491,-96.5618
Browerville,MN,46.0805,-94.8645
Knappa,OR,46.1694,-123.5822
Hillsdale,MO,38.6858,-90.2869
Silver Lake,MN,44.9041,-94.1986
Whitelaw,WI,44.1453,-87.8278
New Salem,PA,39.9037,-76.7912
Wishek,ND,46.2554,-99.5546
Juncal,PR,18.3125,-66.9219
Bajandas,PR,18.1601,-65.7831
Wilbur,WA,47.7581,-118.7117
Rosiclare,IL,37.4239,-88.3501
East Mountain,TX,32.6008,-94.8525
Wheatland,IA,41.8331,-90.838
De Kalb,MS,32.7707,-88.656
Greenleaf,WI,44.317,-88.0972
Crofton,NE,42.7315,-97.4986
Luthersville,GA,33.2096,-84.7442
Sardis,GA,32.9756,-81.7621
Pringle,PA,41.2774,-75.9012
Belview,VA,37.1688,-80.511
Canyon City,OR,44.3931,-118.9494
South Canal,OH,41.1761,-80.9866
Elwood,NJ,39.5731,-74.7148
Pine Run,PA,40.6865,-80.2396
Brunswick,MO,39.4256,-93.1266
Ivyland,PA,40.2083,-75.0733
Fairview,MT,47.852,-104.051
Herald,CA,38.2913,-121.2318
Hato Viejo,PR,18.3605,-66.4813
Puxico,MO,36.9507,-90.1586
Cleone,CA,39.4928,-123.7812
Henderson,NE,40.78,-97.8117
Blue Rapids,KS,39.6791,-96.6593
Fairton,NJ,39.3758,-75.213
Morgantown,MS,31.5751,-91.3521
Vista West,WY,42.8622,-106.4363
Milstead,GA,33.6867,-83.9904
Duque,PR,18.2381,-65.7433
Dubach,LA,32.702,-92.6575
Beaumont,MS,31.1707,-88.9252
La Union,NM,31.9508,-106.6622
New Hope,VA,38.1954,-78.9044
Spaulding,IL,39.8663,-89.5447
Laurel Hill,NC,34.8102,-79.546
Buffalo City,WI,44.2203,-91.8579
Stephens,AR,33.4221,-93.067
Riverside,TX,30.8472,-95.3984
Newtonville,NJ,39.5633,-74.8559
Brantley,AL,31.5823,-86.2569
Grantwood Village,MO,38.5509,-90.3532
Pine Lake,GA,33.7906,-84.2061
Arenas Valley,NM,32.7765,-108.203
La France,SC,34.6115,-82.7667
Rand,WV,38.2818,-81.5653
Hugo,CO,39.1362,-103.4731
Campbell,TX,33.1483,-95.9532
New Columbia,PA,41.0424,-76.8764
Garland,NC,34.7859,-78.3947
Woodville,MS,31.1029,-91.2992
Green Acres,ND,48.8381,-99.6901
Lake Michigan Beach,MI,42.2127,-86.376
Brandon,WI,43.7352,-88.7819
Log Cabin,TX,32.223,-96.0223
Hyndman,PA,39.8207,-78.7214
Hoboken,GA,31.1813,-82.1313
Amherst,TX,34.012,-102.4147
Addison,WV,38.4782,-80.4082
Las Ollas,PR,18.0142,-66.4207
Converse,IN,40.5769,-85.8803
Emerson,NE,42.2783,-96.7263
Powell,AL,34.5326,-85.8975
Calvert Beach,MD,38.4728,-76.4895
Diamond,MO,36.9969,-94.3152
Elkhorn City,KY,37.3202,-82.3522
Minor,AL,33.539,-86.9401
Nauvoo,IL,40.5457,-91.3829
Chokoloskee,FL,25.8143,-81.3603
Pastos,PR,18.1194,-66.2601
Arnolds Park,IA,43.3602,-95.1264
Agency Village,SD,45.5796,-97.0782
Paw Paw,IL,41.6877,-88.98
Weir,KS,37.3095,-94.7741
Bulls Gap,TN,36.2615,-83.0788
Doniphan,NE,40.7742,-98.3708
Cooperstown,ND,47.4451,-98.1259
McCammon,ID,42.6504,-112.1901
Hamlet,IN,41.3792,-86.5831
Albany,OH,39.2245,-82.1975
Isleta,NM,34.9042,-106.6992
Newellton,LA,32.0724,-91.2392
New Bethlehem,PA,41.0044,-79.3283
Stevens,PA,40.2141,-76.1606
Prices Fork,VA,37.207,-80.4852
Cavetown,MD,39.6426,-77.5933
Seabrook Beach,NH,42.885,-70.8234
Belle Vernon,PA,40.1256,-79.8671
Marion,PA,39.8606,-77.7015
Volcano Golf Course,HI,19.4424,-155.2789
Crocker,MO,37.948,-92.2676
Wellston,OK,35.686,-97.0615
Desha,AR,35.7305,-91.6856
Tabor,IA,40.8949,-95.6736
Franklin,NE,40.0966,-98.9514
Troy,ID,46.738,-116.7731
Hide-A-Way Hills,OH,39.6551,-82.466
Walworth,NY,43.1396,-77.2793
Ridgeside,TN,35.0349,-85.247
North English,IA,41.5168,-92.0777
Mechanicsville,CT,41.9545,-71.8851
Goshen,OH,39.2325,-84.1532
Troy,MT,48.4614,-115.8909
Coyne Center,IL,41.4006,-90.5627
Lawton,IA,42.477,-96.1851
Mechanicsville,IA,41.9056,-91.2536
Ray City,GA,31.0729,-83.196
Chassell,MI,47.0316,-88.5285
Beaverdale,IA,40.8539,-91.2072
Odebolt,IA,42.3119,-95.2545
Aurelia,IA,42.7131,-95.4368
Rocky Boy West,MT,48.2972,-109.9918
Oak Grove,AL,33.1927,-86.304
Kansas,IL,39.5544,-87.9396
Wedowee,AL,33.3078,-85.4864
Hill Country Village,TX,29.5831,-98.4893
Hessmer,LA,31.0534,-92.1214
New Salem,ND,46.8431,-101.4178
West Mansfield,OH,40.4007,-83.5444
Pond Creek,OK,36.6679,-97.8024
Benton,WI,42.57,-90.3835
Dickeyville,WI,42.6246,-90.5914
Randolph,NE,42.3775,-97.3578
Sunrise Beach Village,TX,30.5862,-98.4187
Pomona Park,FL,29.5015,-81.5936
Edwards,MS,32.3326,-90.6055
Belmont,NY,42.2226,-78.0327
Dunnigan,CA,38.8926,-121.9741
Crescent Beach,FL,29.7355,-81.2413
Gainesville,MO,36.6063,-92.4245
Shipshewana,IN,41.6743,-85.5765
East Butler,PA,40.8788,-79.8473
Loreauville,LA,30.0602,-91.7378
Thrall,TX,30.5882,-97.2977
Pomeroy,PA,39.9642,-75.8823
Higginson,AR,35.1968,-91.7152
Stover,MO,38.4417,-92.9902
Minersville,UT,38.2333,-112.9602
Shellman,GA,31.7571,-84.6159
Hayden Lake,ID,47.7639,-116.7559
Rainbow City,AZ,33.8731,-109.9763
Oakland,SC,33.9868,-80.4972
Fivepointville,PA,40.1828,-76.0554
Rocky Ridge,UT,39.9197,-111.8258
Montezuma,IN,39.7911,-87.3694
Woodsburgh,NY,40.6216,-73.7068
Whitewater,KS,37.9636,-97.146
Turtle Lake,WI,45.3933,-92.1452
Coolidge,GA,31.0113,-83.866
Hastings,PA,40.6648,-78.7093
Cassville,WV,39.675,-80.0678
Billings,MO,37.0641,-93.5551
Kettleman City,CA,36.0089,-119.9629
Shoreham,MI,42.0604,-86.5115
Wagram,NC,34.8891,-79.3652
Coolidge,TX,31.7514,-96.6523
Newton,UT,41.8612,-111.9909
Ellenboro,NC,35.3309,-81.7612
Franklin,AL,32.4513,-85.7864
Bath,WV,39.6247,-78.2275
Honduras,PR,18.1412,-66.2004
Millersport,OH,39.898,-82.5387
Glenmoore,PA,40.0868,-75.782
Shinglehouse,PA,41.9662,-78.1907
Hughes,AR,34.9483,-90.4707
Leming,TX,29.0683,-98.4722
Schroon Lake,NY,43.8345,-73.7647
Fowlkes,TN,35.972,-89.388
Centuria,WI,45.4498,-92.5579
Svensen,OR,46.1543,-123.6528
Stockton,UT,40.4496,-112.3672
Longport,NJ,39.3136,-74.5261
Hollister,NC,36.2593,-77.9363
Monroe,OR,44.3168,-123.2989
Rennerdale,PA,40.4002,-80.1396
Chester Gap,VA,38.8534,-78.1325
Benton,KS,37.7882,-97.1078
Maud,OK,35.1334,-96.778
Geneva-on-the-Lake,OH,41.8561,-80.9491
Hauser,ID,47.7667,-117.0133
Layton,NJ,41.2192,-74.8229
Spiceland,IN,39.8433,-85.426
Inman Mills,SC,35.0408,-82.1024
Jeffersonville,GA,32.6863,-83.3433
Middlebourne,WV,39.4947,-80.907
Naches,WA,46.7258,-120.6909
Decaturville,TN,35.5819,-88.1195
Wickes,AR,34.2988,-94.3331
Sterrett,AL,33.449,-86.4645
White Plains,AL,33.7603,-85.688
Doe Run,MO,37.7454,-90.4994
Hayneville,AL,32.1822,-86.5787
Gowrie,IA,42.2779,-94.2897
Hoonah,AK,58.1118,-135.4248
University of Pittsburgh Bradford,PA,41.9443,-78.6727
Clarence,MO,39.7432,-92.2602
Milford Center,OH,40.179,-83.439
Hopedale,OH,40.3263,-80.8955
Rockford,OH,40.6912,-84.6497
Magazine,AR,35.1534,-93.8078
Millersburg,IN,41.5277,-85.6964
Carrollton,AL,33.2619,-88.0951
Ramblewood,PA,40.7238,-77.9432
China,TX,30.0522,-94.3331
Tivoli,NY,42.0587,-73.9119
Adelino,NM,34.7064,-106.7318
Santa Maria,PR,18.271,-65.6623
Cottondale,FL,30.7891,-85.3644
Indian Creek,IL,42.2272,-87.9783
Hills,IA,41.5569,-91.5362
Oxford,KS,37.2741,-97.1696
Scranton,KS,38.7778,-95.7402
Lake Nebagamon,WI,46.512,-91.6995
Carlton,MN,46.6628,-92.4067
Bowman,GA,34.2051,-83.0309
McLouth,KS,39.1961,-95.2083
Blue Mound,IL,39.7004,-89.1185
St. Charles,IA,41.2872,-93.8075
Norvelt,PA,40.205,-79.497
Smithers,WV,38.1685,-81.2991
Crawford,TX,31.5382,-97.4465
Mansfield,IL,40.2125,-88.5084
Stamping Ground,KY,38.2697,-84.6831
Westphalia,MI,42.9303,-84.7981
Rushville,NE,42.7134,-102.4665
Vandiver,AL,33.4601,-86.5247
Silverado,CA,33.7482,-117.6285
Braceville,IL,41.228,-88.2464
Rio Canas Abajo,PR,18.0396,-66.4683
West Bend,IA,42.96,-94.4457
Sylvan Beach,NY,43.2061,-75.7233
Hillside,NY,41.9177,-74.0337
Bellemeade,KY,38.251,-85.591
Walthill,NE,42.1489,-96.4929
Deerfield,MI,41.8901,-83.779
Royal Hawaiian Estates,HI,19.4413,-155.1841
Canon,GA,34.3455,-83.1107
St. Michaels,AZ,35.6606,-109.0962
Maryland Park,MD,38.8889,-76.9077
Jarratt,VA,36.816,-77.4689
Trout Lake,WA,45.9976,-121.529
Campobello,SC,35.126,-82.1488
Colcord,OK,36.2647,-94.6923
Mina,SD,45.4521,-98.7414
Ossineke,MI,44.9072,-83.4287
Sunlit Hills,NM,35.5957,-105.921
Arnold,NE,41.4231,-100.1936
Ridge Farm,IL,39.8957,-87.652
Deer River,MN,47.3391,-93.7929
Patoka,IN,38.4008,-87.5874
Dakota City,IA,42.7229,-94.1977
New Kent,VA,37.5095,-76.9863
Howe,IN,41.7228,-85.4255
Arena,WI,43.1636,-89.9103
Levan,UT,39.5561,-111.8607
Fort Braden,FL,30.4308,-84.5346
North Webster,IN,41.3239,-85.6979
Talmage,CA,39.1314,-123.1648
Maricao,PR,18.1838,-66.981
University of California-Merced,CA,37.3666,-120.4192
Hoagland,IN,40.952,-84.9955
Waterloo,CA,38.0365,-121.1846
Buckhead Ridge,FL,27.1331,-80.8868
Los Alamos,CA,34.7419,-120.2746
Lost City,OK,36.0006,-95.1223
Triadelphia,WV,40.0483,-80.623
Lake Madison,SD,43.9593,-97.021
Merrill,IA,42.7206,-96.2519
Mount Vernon,MD,38.2447,-75.7828
Archer,FL,29.54,-82.5186
Pentwater,MI,43.7793,-86.4303
Sloan,IA,42.2328,-96.2247
Owen,WI,44.9485,-90.5621
Mayer,AZ,34.4233,-112.2408
Roslyn,WA,47.2511,-121.099
Nina,TX,26.2811,-98.581
Brooksville,MS,33.2367,-88.5781
Highpoint,OH,39.2892,-84.3472
Clinton,MT,46.7718,-113.7169
Houston,MN,43.7583,-91.5706
Frankford,DE,38.5215,-75.2342
Forest Park,OK,35.5096,-97.4469
Sandoval,IL,38.6121,-89.1193
Biwabik,MN,47.555,-92.3234
Teec Nos Pos,AZ,36.9221,-109.0753
Patagonia,AZ,31.5436,-110.7478
Greene,ME,44.1898,-70.1418
Chilchinbito,AZ,36.5027,-110.0512
Strawberry,AZ,34.4012,-111.51
Hinton,IA,42.6212,-96.2977
Aurora,UT,38.9202,-111.9335
Yachats,OR,44.3127,-124.1023
St. Nazianz,WI,44.0067,-87.9246
Montgomery,LA,31.6677,-92.8877
Borden,IN,38.4699,-85.9491
Fern Forest,HI,19.4648,-155.1324
Havre North,MT,48.5632,-109.6713
Franklin,ID,42.0124,-111.8036
Mountainhome,PA,41.1779,-75.2633
Winona,TX,32.4928,-95.173
Greenup,KY,38.5578,-82.8191
Meadow View Addition,SD,43.6233,-96.7023
Fuig,PR,17.9857,-66.917
Gibbon,MN,44.5332,-94.5242
Jacumba,CA,32.6278,-116.1826
Moulton,TX,29.5723,-97.1465
Lattimer,PA,40.9929,-75.9607
Harlem,MT,48.5318,-108.7847
Mannsville,OK,34.1854,-96.8981
Killdeer,ND,47.3689,-102.7472
Montezuma,KS,37.5925,-100.45
Royalton,PA,40.1873,-76.7269
Rib Lake,WI,45.3195,-90.203
Berlin Heights,OH,41.3204,-82.4903
Camanche North Shore,CA,38.2442,-120.9538
Ocean View,NJ,39.1932,-74.7373
Gwinner,ND,46.2358,-97.6696
Texhoma,OK,36.5054,-101.7872
Homeland,GA,30.8603,-82.0214
Moncure,NC,35.6239,-79.0769
New Washington,OH,40.9604,-82.8547
Trinidad,TX,32.1562,-96.1054
Waldo,FL,29.7925,-82.1663
Rougemont,NC,36.221,-78.9207
Centerville,SD,43.1165,-96.9596
Springer,OK,34.291,-97.1255
Gratis,OH,39.6485,-84.5286
Hargill,TX,26.4423,-98.0146
Footville,WI,42.6715,-89.2084
St. Jo,TX,33.695,-97.5231
White Plains,NC,36.4451,-80.6351
Coffeeville,MS,33.9764,-89.6845
Lake Hughes,CA,34.6832,-118.4588
Argyle,WI,42.7014,-89.8657
Essex,IA,40.8327,-95.3038
Lake of the Woods,CA,34.8225,-119.0025
Clarkton,NC,34.4891,-78.6559
Russellville,MO,38.5127,-92.4385
Garrochales,PR,18.4572,-66.5675
Independence,CA,36.8275,-118.2132
Princeton,IA,41.672,-90.357
Telford,TN,36.2534,-82.5478
Grapeview,WA,47.3316,-122.8413
Clayton,IN,39.6892,-86.5234
Viborg,SD,43.1722,-97.0824
Tilghman Island,MD,38.7008,-76.3353
Burrton,KS,38.0237,-97.6715
Erlands Point,WA,47.6038,-122.694
La Fontaine,IN,40.6739,-85.7222
Eden,UT,41.3022,-111.8085
Blue Mounds,WI,43.0178,-89.8269
Swayzee,IN,40.5066,-85.8244
Piedmont,WV,39.4778,-79.0466
Innsbrook,MO,38.7629,-91.0552
Mountain Village,AK,62.0911,-163.7209
Oakman,AL,33.7141,-87.389
Garrett Park,MD,39.036,-77.0934
South Vinemont,AL,34.2349,-86.8642
Greenfields,PA,40.3627,-75.9565
Minkler,CA,36.7276,-119.4589
Bradley,ME,44.9127,-68.6246
Lime Ridge,PA,41.024,-76.3504
Eulonia,GA,31.5254,-81.432
Linton,ND,46.2685,-100.2337
Finzel,MD,39.7018,-78.952
Walnut Grove,AL,34.0641,-86.2863
Valders,WI,44.0696,-87.8858
Lanesville,IN,38.2394,-85.9821
Groveton,NH,44.6048,-71.5201
York Springs,PA,40.0093,-77.1159
Jupiter Island,FL,27.0451,-80.1101
Ider,AL,34.7026,-85.669
McCloud,CA,41.2541,-122.1361
Brushy,OK,35.5578,-94.7434
Mammoth Spring,AR,36.4925,-91.5413
Bloomfield,NE,42.5984,-97.6481
Butte Valley,CA,39.6571,-121.6363
Vassar,KS,38.6495,-95.6114
Tecumseh,IN,39.5654,-87.4326
Hart,TX,34.3857,-102.115
Westover Hills,TX,32.7437,-97.4123
St. Mary of the Woods,IN,39.5123,-87.4631
Clarkfield,MN,44.7907,-95.8079
Ringoes,NJ,40.4327,-74.8722
Holiday Lakes,OH,41.0923,-82.7292
Lincoln,MT,46.953,-112.6693
Ulm,MT,47.4197,-111.5252
Rocky Fork Point,OH,39.1878,-83.4901
New Harmony,IN,38.1289,-87.9304
Burr Oak,MI,41.8472,-85.3212
Osceola,NE,41.1781,-97.5498
Enchanted Hills,IN,41.402,-85.6667
Lebec,CA,34.845,-118.8992
Mound City,KS,38.1325,-94.8506
Odell,IL,41.0023,-88.523
Vandling,PA,41.631,-75.4703
Stony Creek Mills,PA,40.3494,-75.8641
Littleville,AL,34.595,-87.6719
Harwick,PA,40.5562,-79.8054
Alto,CA,37.9056,-122.5186
Meyers Lake,OH,40.8159,-81.4165
Bingen,WA,45.7139,-121.4704
Glenvar,VA,37.276,-80.1257
Pleasantville,OH,39.8098,-82.5223
Mosses,AL,32.1802,-86.6888
Orderville,UT,37.254,-112.6574
Copperton,UT,40.5662,-112.0977
New Castle,KY,38.4334,-85.1689
Oregon,MO,39.9861,-95.1433
Quinby,SC,34.2282,-79.7357
Delton,MI,42.4951,-85.4117
South Webster,OH,38.8169,-82.7282
Lamberton,MN,44.2306,-95.2676
Flanagan,IL,40.8771,-88.8596
Washington,LA,30.615,-92.0594
Gaston,NC,36.4965,-77.6449
Fellsburg,PA,40.1842,-79.8269
Earlville,IA,42.4827,-91.2702
Blythe,GA,33.3011,-82.2025
Bear River City,UT,41.6124,-112.125
Rutland,OH,39.0412,-82.1285
Cecilton,MD,39.4047,-75.8675
Menan,ID,43.7218,-111.9925
Mason,WV,39.0181,-82.0316
Dover,MN,43.9698,-92.134
Addyston,OH,39.1371,-84.7104
Seiling,OK,36.1556,-98.9304
Attica,MI,43.0313,-83.1607
Lyons,MI,42.9834,-84.9456
Lyons,IN,38.9884,-87.0812
Deltaville,VA,37.5525,-76.3331
Morgan,MN,44.4158,-94.9248
Lockwood,MO,37.3867,-93.9579
Estelline,SD,44.5768,-96.9011
Pocono Springs,PA,41.2798,-75.4016
Tickfaw,LA,30.5769,-90.4871
Geary,OK,35.5923,-98.2911
Clifton,SC,34.9846,-81.8222
Talihina,OK,34.7523,-95.0409
Pine Hill,AL,31.9859,-87.5872
Pettit,OK,35.765,-94.9693
Big Point,MS,30.5905,-88.4846
Stoddard,WI,43.6624,-91.2179
Brownsdale,MN,43.7404,-92.8681
Allen,SD,43.2792,-101.9265
Derby Line,VT,45.0008,-72.1035
Copake Lake,NY,42.1416,-73.5903
West Lebanon,IN,40.2724,-87.3862
Oaks,PA,40.1318,-75.4596
Hondah,AZ,34.086,-109.9149
Richland,NJ,39.4927,-74.8765
Warrenton,NC,36.3995,-78.1575
Arcadia,IA,42.0862,-95.0432
Cannon Ball,ND,46.3173,-100.6357
Walker,MN,47.0906,-94.5885
Broxton,GA,31.6248,-82.8877
Grove City,MN,45.1481,-94.6815
Houtzdale,PA,40.8251,-78.3511
Garden Grove,FL,28.4716,-82.4349
Logan,NM,35.3576,-103.4426
Van Buren,IN,40.6157,-85.5039
Gary,WV,37.3619,-81.5415
Texico,NM,34.3897,-103.0513
Kidron,OH,40.744,-81.7467
Knik River,AK,61.4606,-148.9155
Camargo,KY,37.997,-83.8926
Circle City,AZ,33.8149,-112.581
Altus,AR,35.4468,-93.7644
Helena,MS,30.4881,-88.5056
Coal Hill,AR,35.4375,-93.6647
Cole,OK,35.0992,-97.5663
Trego,MT,48.6558,-114.929
Mounds,IL,37.1145,-89.2023
McLean,TX,35.2324,-100.6001
Punaluu,HI,21.581,-157.8901
Derma,MS,33.8589,-89.2878
Mountain City,TX,30.0392,-97.8915
Henefer,UT,41.0137,-111.4931
Illiopolis,IL,39.8498,-89.2521
Millwood,NY,41.1947,-73.7964
Waverly,MO,39.2072,-93.5186
State Line,MS,31.436,-88.4738
Coon Valley,WI,43.7024,-91.0112
Quiogue,NY,40.8202,-72.628
Belmont,WV,39.3787,-81.2634
Falls City,TX,28.9822,-98.0217
Gun Club Estates,FL,26.6753,-80.108
Alpaugh,CA,35.889,-119.4858
Hardy,AR,36.3189,-91.4794
Dunseith,ND,48.813,-100.0622
Stone Harbor,NJ,39.0483,-74.7653
Belle Fontaine,AL,30.492,-88.1131
Blue Ridge Shores,VA,38.1091,-78.0236
Holiday Lakes,TX,29.2083,-95.5146
Adair,IA,41.5004,-94.6434
Crescent,GA,31.5153,-81.3752
Plain Dealing,LA,32.9074,-93.6991
Satanta,KS,37.4378,-100.988
Linnell Camp,CA,36.3089,-119.2225
Morrill,NE,41.964,-103.9249
East Sumter,SC,33.9261,-80.295
Arendtsville,PA,39.9233,-77.2999
Winnebago,NE,42.2383,-96.4716
Kwethluk,AK,60.7978,-161.4147
Morrisonville,IL,39.4217,-89.459
Salt Creek,CO,38.2407,-104.5867
Midway,LA,31.6788,-92.1493
Penn State Berks,PA,40.3612,-75.976
Bryson,TX,33.1636,-98.3894
Germanton,NC,36.2587,-80.236
Lake Tomahawk,OH,40.7638,-80.5952
Quinton,OK,35.1265,-95.3664
Fairplay,CO,39.2245,-105.9965
Cut and Shoot,TX,30.3403,-95.354
Winslow,IN,38.3834,-87.213
Kenesaw,NE,40.6189,-98.6576
Bridger,MT,45.2946,-108.9167
Moscow,TN,35.0611,-89.3893
Anna Maria,FL,27.5297,-82.7339
Prospect,NC,34.7359,-79.2251
Floyd Hill,CO,39.7217,-105.4313
South New Castle,PA,40.9748,-80.3456
Potlatch,ID,46.9235,-116.8976
Pleasant Hill,NC,36.258,-80.8904
Olin,IA,41.9978,-91.1417
Cedar Grove,NM,35.1788,-106.1728
Sidney,IL,40.025,-88.0721
Harrisville,PA,41.1365,-80.0105
Patterson,GA,31.3853,-82.1373
Elgin,IA,42.9553,-91.6354
Bechtelsville,PA,40.371,-75.6307
Orleans,VT,44.809,-72.2011
Cross Timber,TX,32.4832,-97.3259
Jennings,FL,30.5968,-83.107
Blowing Rock,NC,36.1298,-81.6706
Jewett,TX,31.3627,-96.1455
Ridge Spring,SC,33.8453,-81.6617
Lamboglia,PR,17.9847,-65.9859
Hanover,IL,42.2553,-90.2737
Pinesdale,MT,46.3339,-114.2232
Rocky Point,OK,36.0261,-95.3216
Hannawa Falls,NY,44.6016,-74.9738
Export,PA,40.417,-79.6232
Mitchell,IL,38.7631,-90.0816
Oilton,OK,36.0827,-96.5815
Satilla,GA,31.7919,-82.5638
Marshall,NC,35.7973,-82.6818
Oakley,ID,42.2417,-113.8824
Norris Canyon,CA,37.7457,-121.9881
Lakeview,LA,32.5239,-93.8297
Coleman,WI,45.0673,-88.0358
Yermo,CA,34.9073,-116.8235
Cardwell,MO,36.0475,-90.2909
Edgemont,SD,43.2973,-103.8323
Southwest City,MO,36.5205,-94.6103
Upton,WY,44.1039,-104.6362
Liberty,MS,31.1611,-90.8006
Matlacha,FL,26.6303,-82.0718
Carlls Corner,NJ,39.4659,-75.2036
Grand Ridge,FL,30.7083,-85.0207
Lake Panorama,IA,41.7199,-94.4026
Courtland,MN,44.2701,-94.3464
Isola,MS,33.2634,-90.5923
Strodes Mills,PA,40.5488,-77.6751
Witt,IL,39.2539,-89.3488
Bonnie Brae,IL,41.5999,-88.0343
La Puebla,NM,35.9882,-106.0005
Big Sandy,MT,48.1785,-110.1134
Paullina,IA,42.9798,-95.6835
Kittredge,CO,39.6593,-105.3045
Chappell,NE,41.0913,-102.47
Laurel Park,VA,36.6871,-79.7872
Raymond,IA,42.4694,-92.2297
Lorenzo,TX,33.6703,-101.5361
Arcadia Lakes,SC,34.0536,-80.9615
Wayne Lakes,OH,40.0216,-84.6625
Henry Fork,VA,36.9679,-79.871
Mathiston,MS,33.5391,-89.1275
Leadington,MO,37.8343,-90.4807
Poncha Springs,CO,38.514,-106.0944
Arco,ID,43.6316,-113.3017
Carnuel,NM,35.0609,-106.4587
Inwood,IA,43.3092,-96.4344
Sullivan,OH,41.028,-82.2212
Indio Hills,CA,33.8411,-116.2484
Running Y Ranch,OR,42.2751,-121.8747
Dufur,OR,45.4531,-121.1288
Wheatfield,IN,41.1911,-87.0531
Bigelow Corners,CT,41.4694,-73.5057
West Point,IA,40.7145,-91.4527
Nassau Lake,NY,42.5366,-73.6059
Whiting,IA,42.1272,-96.1507
Carrolltown,PA,40.6048,-78.7071
Sherwood Shores,TX,33.8478,-96.8147
Pound,VA,37.126,-82.6071
Shalimar,FL,30.4435,-86.583
Hanna,WY,41.8697,-106.5597
Mendon,MI,42.0089,-85.4544
Richfield,NC,35.4716,-80.2586
Norris,SC,34.7661,-82.7525
Argenta,IL,39.9855,-88.8197
Concrete,WA,48.537,-121.751
Parks,LA,30.2172,-91.8271
Willow Lake,IL,42.3333,-89.6356
Naalehu,HI,19.0698,-155.5751
Ashton,IL,41.8682,-89.2225
Wadley,AL,33.1239,-85.5683
Sharon Springs,KS,38.8943,-101.7511
Napanoch,NY,41.753,-74.3724
Tulelake,CA,41.9533,-121.4751
Kingston,OH,39.4722,-82.9121
Cheyenne,OK,35.6109,-99.6763
McConnell,WV,37.8282,-81.9652
Clover,VA,36.8389,-78.7284
Henning,MN,46.3234,-95.4424
Great Cacapon,WV,39.6144,-78.2857
Corinne,UT,41.5497,-112.1227
Sciotodale,OH,38.7539,-82.8605
McIntosh,MN,47.6369,-95.8864
Lincolnville,SC,33.0079,-80.156
Millville,CA,40.5576,-122.1697
Hymera,IN,39.1859,-87.2989
Tuttletown,CA,38.0003,-120.4503
Bear River,WY,41.3858,-111.0271
Cedar Hill,NM,36.9424,-107.8862
Kachemak,AK,59.6745,-151.4363
Villa Hugo II,PR,18.4,-65.8928
La Grange,MO,40.0471,-91.5024
Kezar Falls,ME,43.808,-70.8831
Salem,NM,32.7121,-107.2056
Norphlet,AR,33.3198,-92.6619
Phil Campbell,AL,34.3519,-87.7072
Pellston,MI,45.5519,-84.783
Meadow,TX,33.3377,-102.2058
Faxon,PA,41.2556,-76.9771
Nevada,OH,40.8188,-83.1312
Hills,MN,43.5277,-96.3594
Crab Orchard,TN,35.9066,-84.8847
Rockford,IA,43.0524,-92.9477
Orange Grove,TX,27.9562,-97.9386
Goshen,UT,39.9511,-111.9008
Perrysville,OH,40.6584,-82.3144
Selma,IN,40.1889,-85.2753
Arlington,SD,44.3635,-97.1338
Friedensburg,PA,40.6078,-76.2284
Ossian,IA,43.147,-91.7645
West Wood,UT,39.6051,-110.8424
Mabel,MN,43.5198,-91.768
Norwood,MO,37.1072,-92.4189
Benton,MO,37.099,-89.5624
Hinckley,UT,39.3336,-112.6736
Lake Arrowhead,WI,44.2036,-89.8377
Enterprise,KS,38.9029,-97.1163
Hanover,KS,39.8934,-96.8753
Beech Mountain,NC,36.2104,-81.8875
Kinmundy,IL,38.7729,-88.8527
Point Arena,CA,38.9123,-123.6955
Diamond City,AR,36.4574,-92.9129
Westbrook,MN,44.0422,-95.4374
Sioux Rapids,IA,42.8916,-95.1484
Simsboro,LA,32.5323,-92.7839
Loami,IL,39.6748,-89.8473
Stewardson,IL,39.2637,-88.6302
Roseville,IL,40.7307,-90.6638
Ringling,OK,34.1772,-97.5915
Hackberry,LA,29.9717,-93.3947
Fisher Island,FL,25.7607,-80.1416
Athol,ID,47.9469,-116.7079
Ubly,MI,43.7082,-82.9356
Geyserville,CA,38.7173,-122.9034
Rock Creek,OH,41.6604,-80.8543
Loyalton,CA,39.6768,-120.2448
McAlisterville,PA,40.6381,-77.273
Camp Wood,TX,29.6691,-100.0108
Sunnyland,IL,41.572,-88.1449
Mooresburg,TN,36.3531,-83.2362
Dumont,IA,42.7522,-92.9736
Pittsville,WI,44.439,-90.1301
Mount Crested Butte,CO,38.9083,-106.9606
Darlington,IN,40.1074,-86.7769
Hallock,MN,48.7659,-96.9427
Winona,MO,37.0042,-91.327
Chamita,NM,36.0706,-106.0974
Central Aguirre,PR,17.9559,-66.2265
Dexter,NY,44.0111,-76.0425
Freeport,MN,45.6626,-94.6888
Cartwright,OK,33.8556,-96.561
Butterfield Park,NM,32.4052,-106.6457
Allenspark,CO,40.2099,-105.5112
Hedrick,IA,41.1713,-92.3079
Riley,KS,39.299,-96.8277
New Market,PA,40.223,-76.8561
Reeseville,WI,43.3062,-88.8445
Ventura,NM,32.2438,-107.6832
Elmore City,OK,34.6282,-97.3918
Clarktown,OH,38.8498,-82.9085
Ector,TX,33.5793,-96.2731
Faison,NC,35.1164,-78.136
Manila,CA,40.8515,-124.163
Kerkhoven,MN,45.1925,-95.3202
Funkstown,MD,39.6068,-77.7053
Valley Head,AL,34.5558,-85.6224
Funston,GA,31.1989,-83.8771
McBain,MI,44.1961,-85.2154
Meigs,GA,31.0714,-84.0922
Merrill,MI,43.4091,-84.3345
Cashiers,NC,35.1066,-83.0971
Alto,TX,31.6509,-95.0708
Heath Springs,SC,34.5933,-80.675
Keystone,IA,41.9995,-92.1982
Wilson,KS,38.8255,-98.475
Council,ID,44.7328,-116.4376
Mucarabones,PR,18.3906,-66.2178
Chadwicks,NY,43.0291,-75.271
Bremond,TX,31.1657,-96.676
Grawn,MI,44.6611,-85.6883
Komatke,AZ,33.2953,-112.1615
Scobey,MT,48.7904,-105.4206
New Seabury,MA,41.5689,-70.4812
Saylorsburg,PA,40.8998,-75.3179
Marengo,IN,38.3714,-86.3444
Riegelsville,PA,40.5965,-75.1988
South Fork,PA,40.3635,-78.7919
Mesita,NM,35.0026,-107.3122
Clyde,KS,39.5918,-97.4003
Montandon,PA,40.9654,-76.8529
Knox City,TX,33.4176,-99.8158
Temple,OK,34.273,-98.235
Battle Creek,IA,42.317,-95.6
Stacey Street,FL,26.6978,-80.1239
Kansas,OK,36.2053,-94.7888
Alamo,NV,37.3771,-115.1678
Cripple Creek,CO,38.7467,-105.1851
Springport,MI,42.3783,-84.6965
Galeton,PA,41.7338,-77.6454
Downsville,MD,39.5549,-77.8016
Chauncey,OH,39.4007,-82.1271
Lynn,AL,34.0548,-87.5555
Olcott,NY,43.3292,-78.7171
Interlaken,NJ,40.235,-74.0166
Tahoe Vista,CA,39.2478,-120.0533
Lone Rock,WI,43.1857,-90.2012
Ohio City,OH,40.7702,-84.6162
Fawn Lake Forest,PA,41.5158,-75.0548
Scranton,SC,33.9174,-79.7441
Mignon,AL,33.1948,-86.265
Thunderbird Bay,TX,31.9087,-99.0207
Mertzon,TX,31.262,-100.8208
Burnside,KY,37.0042,-84.6489
Balsam Lake,WI,45.4585,-92.4528
Keota,IA,41.3651,-91.9533
Dubois,WY,43.5389,-109.6443
St. Lucie Village,FL,27.4967,-80.3417
Powder Horn,WY,44.6912,-106.9728
Magnet Cove,AR,34.4492,-92.8376
Drayton,ND,48.562,-97.1794
Dorchester,WI,45.0025,-90.3308
Chenequa,WI,43.1229,-88.3838
Schaller,IA,42.4965,-95.2963
Milltown,WI,45.5261,-92.5015
Bernville,PA,40.4334,-76.1107
Pembroke,KY,36.7752,-87.358
Willow Valley,AZ,34.9296,-114.6159
Charleston,TN,35.2862,-84.7611
Gifford,IL,40.3079,-88.0214
Monroe City,IN,38.6145,-87.3532
Sheridan,MI,43.2086,-85.0739
Klamath,CA,41.5442,-124.0245
Eldon,IA,40.9181,-92.2182
Blairsville,GA,34.876,-83.9546
Hancock,MN,45.4977,-95.795
Holly Pond,AL,34.1696,-86.6125
Lacomb,OR,44.5844,-122.7417
Alburnett,IA,42.1488,-91.6205
Loch Lloyd,MO,38.831,-94.5978
Lumpkin,GA,32.0487,-84.7981
Thornton,CA,38.2309,-121.4249
Garnavillo,IA,42.8667,-91.2362
Guernsey,WY,42.2656,-104.743
Sand Rock,AL,34.2312,-85.7704
Newland,NC,36.088,-81.9274
Petaluma Center,CA,38.2506,-122.7888
Monterey Park,NM,34.7511,-106.653
Rocky Hill,NJ,40.4001,-74.6405
Hartford,IA,41.4577,-93.4038
Mescalero,NM,33.1448,-105.7897
Buffalo,IN,40.888,-86.7374
Keefton,OK,35.5772,-95.3065
Leesburg,AL,34.1839,-85.775
Perryville,KY,37.6494,-84.9513
Maplesville,AL,32.7867,-86.8783
Donnellson,IA,40.6453,-91.5641
Point Blank,TX,30.7473,-95.2163
Vader,WA,46.4046,-122.9569
Morrisdale,PA,40.9484,-78.2277
The Cliffs Valley,SC,35.1458,-82.4481
Saucier,MS,30.6237,-89.1432
Granite,UT,40.5686,-111.8011
Kivalina,AK,67.733,-164.5212
Olympian Village,MO,38.1347,-90.4582
Alliance,NC,35.1434,-76.8084
Schurz,NV,38.9673,-118.824
Bromley,KY,39.0801,-84.5629
Manville,SC,34.1597,-80.2974
Natrona,PA,40.6145,-79.7195
Milltown,IN,38.3421,-86.2754
Harmony,NC,35.959,-80.7735
Brooklyn,IL,38.6542,-90.1679
Oak Ridge,TX,32.6478,-96.2596
Remington,VA,38.5346,-77.8083
Avoca,AR,36.398,-94.071
Alleghenyville,PA,40.2327,-75.9762
Inkom,ID,42.7955,-112.2448
Dorris,CA,41.9644,-121.9205
Freeburg,PA,40.7625,-76.9408
Morrison,TN,35.6048,-85.9117
Shueyville,IA,41.8462,-91.6513
McKee,KY,37.43,-83.9859
Kendall,WA,48.9156,-122.1336
Horine,MO,38.2669,-90.4325
Houck,AZ,35.2714,-109.2237
South Point,TX,25.8729,-97.383
Viburnum,MO,37.7149,-91.1295
Uniontown,KY,37.7732,-87.9318
Villa Hugo I,PR,18.3976,-65.8908
Sunset Village,GA,32.8946,-84.4057
Rio Grande,OH,38.8797,-82.3791
Beaverdale,PA,40.3242,-78.7014
Bude,MS,31.463,-90.8509
Miller,MO,37.2148,-93.8405
Agency,MO,39.6699,-94.7587
Pea Ridge,AL,33.1454,-86.9372
Glenwillow,OH,41.3608,-81.4727
Ashland,KS,37.1867,-99.7697
Baltic,OH,40.4435,-81.701
Burnsville,MS,34.8348,-88.3177
Auburndale,WI,44.6266,-90.0144
Castleton Four Corners,VT,43.6105,-73.2104
Beavertown,PA,40.7522,-77.169
Ferguson,KY,37.0632,-84.5922
Dunkirk,OH,40.788,-83.6429
Paradise,UT,41.5683,-111.8334
Okoboji,IA,43.3908,-95.1389
West Winfield,NY,42.8838,-75.1914
Williamsdale,OH,39.4421,-84.5298
Lebo,KS,38.4156,-95.8622
Lenkerville,PA,40.5327,-76.9594
Bunnlevel,NC,35.31,-78.7725
Pylesville,MD,39.688,-76.3876
Kanawha,IA,42.9342,-93.7932
Greendale,MO,38.6938,-90.3125
Swedesburg,PA,40.1043,-75.3288
Loretto,MN,45.0548,-93.6353
Netarts,OR,45.4356,-123.9344
Bloomsbury,NJ,40.6537,-75.084
Brooksville,KY,38.6818,-84.0665
Volente,TX,30.4454,-97.908
Sweetwater,NJ,39.617,-74.6415
Afton,OK,36.6965,-94.9575
Chilton,TX,31.2848,-97.0607
Green River,UT,38.9935,-110.1723
Chesnee,SC,35.1461,-81.863
Hato Arriba,PR,18.352,-67.0336
Evarts,KY,36.8645,-83.1926
Beaver Meadows,PA,40.9299,-75.9131
Bluewater,AZ,34.1681,-114.2667
Abbottstown,PA,39.8843,-76.9888
Lowden,IA,41.8589,-90.923
New Madison,OH,39.9671,-84.7082
Lanesboro,MN,43.7171,-91.9719
Coggon,IA,42.2783,-91.5301
Hilltop Lakes,TX,31.0755,-96.1915
Pleasant Lake,IN,41.5753,-85.0161
Colton,SD,43.7871,-96.928
Arapaho,OK,35.5778,-98.9592
Hernandez,NM,36.0567,-106.1185
Landfall,MN,44.9508,-92.9766
Alpha,IL,41.1915,-90.3805
Mayesville,SC,33.9849,-80.2044
La Rue,OH,40.578,-83.3821
Leesburg,IN,41.3307,-85.849
Plymptonville,PA,41.0426,-78.4466
Mankato,KS,39.7871,-98.2083
Cowley,WY,44.8834,-108.4693
Millerton,NY,41.9534,-73.5113
May Creek,WA,47.8555,-121.6745
Homecroft,IN,39.6696,-86.1312
Mifflintown,PA,40.5713,-77.3951
Glasgow,WV,38.2109,-81.4218
Scotland,SD,43.1481,-97.7199
Elkview,WV,38.4327,-81.4771
Unalakleet,AK,63.8924,-160.7861
Electric City,WA,47.9218,-119.0475
Klondike Corner,NH,42.964,-71.6389
Montreal,WI,46.4312,-90.2382
Bogue,NC,34.698,-77.0311
Floyd,AR,35.1989,-91.9645
Tribune,KS,38.472,-101.7546
Dunkerton,IA,42.5678,-92.1609
Buffalo Soapstone,AK,61.7071,-149.1093
Red Butte,WY,42.8051,-106.434
La Hacienda,NM,32.206,-107.725
Queen Valley,AZ,33.2831,-111.3049
Meriden,KS,39.1897,-95.568
Roy,WA,46.997,-122.5423
Pearl City,IL,42.2668,-89.8271
Empire City,OK,34.4803,-98.0552
Kenefick,TX,30.1069,-94.8502
Brenda,AZ,33.6721,-113.9379
New Haven,KY,37.6592,-85.5886
Lake Kathryn,FL,29.0072,-81.4906
Fieldale,VA,36.7009,-79.9424
Nortonville,KS,39.4159,-95.3304
Gratton,VA,37.1351,-81.4212
Quapaw,OK,36.9497,-94.7805
Forest Hill,LA,31.047,-92.5258
Watkins,MN,45.3153,-94.412
Shelby,IA,41.5067,-95.4506
Alice Acres,TX,27.7119,-98.108
Tabernash,CO,39.9788,-105.8441
Keiser,AR,35.674,-90.0958
Coleman,FL,28.8028,-82.0707
Breesport,NY,42.1816,-76.7358
Davis,WV,39.1266,-79.4609
Newman,IL,39.797,-87.9878
Ocean Isle Beach,NC,33.9011,-78.4393
Ballard,CA,34.6395,-120.1091
Riceville,IA,43.362,-92.5538
Tomas de Castro,PR,18.184,-66.0186
Macy,NE,42.1159,-96.3667
Reece City,AL,34.0772,-86.0345
Apple Canyon Lake,IL,42.4302,-90.1642
Auxier,KY,37.7356,-82.7663
Lavalette,WV,38.3224,-82.4479
Bufalo,PR,18.4166,-66.5749
Eighty Four,PA,40.1777,-80.1303
Weston,CT,41.2033,-73.3788
Wamac,IL,38.4973,-89.1457
Preston,MD,38.7112,-75.9087
Troy,KS,39.7846,-95.0937
Challis,ID,44.5055,-114.2281
Pleasantville,PA,41.5935,-79.5808
Pocahontas,IL,38.8234,-89.5394
Blue Hill,NE,40.3328,-98.4483
Stoneboro,PA,41.3336,-80.112
Hopkins,MI,42.6251,-85.7633
Battle Lake,MN,46.285,-95.7186
Deport,TX,33.5291,-95.3174
Howe,OK,34.9496,-94.6403
Mentone,IN,41.174,-86.0382
Middleburg,VA,38.9715,-77.7429
Hana,HI,20.772,-156.0107
Bearden,AR,33.7276,-92.6187
Summertown,TN,35.4344,-87.3084
Zia Pueblo,NM,35.52,-106.7149
Berry Creek,CA,39.6314,-121.4052
Alden,IA,42.5115,-93.3805
Alma,WI,44.3374,-91.9221
Walnut Springs,TX,32.0562,-97.7507
Hardin,IL,39.1591,-90.6248
Lyndon Station,WI,43.7088,-89.8937
Varnamtown,NC,33.943,-78.2363
East Stone Gap,VA,36.8657,-82.7435
Rockwood,PA,39.9157,-79.1574
Anacoco,LA,31.2545,-93.344
Challenge-Brownsville,CA,39.4646,-121.2633
Johnson Park,CA,40.9212,-121.6295
New Vernon,NJ,40.7343,-74.4877
Lilesville,NC,34.9675,-79.9845
McClure,OH,41.3709,-83.9415
Stockbridge,WI,44.0717,-88.3104
Hewitt,WI,44.6425,-90.1048
Taylor Ferry,OK,35.9391,-95.2989
Livingston,IL,38.9684,-89.7641
Spring Ridge,PA,40.3533,-75.9892
Cedarville,MD,38.6623,-76.819
Gardiner,MT,45.057,-110.7421
Scottsmoor,FL,28.768,-80.871
Woodlawn Park,KY,38.2615,-85.6306
Talbotton,GA,32.6773,-84.5406
Hennepin,IL,41.2589,-89.3216
Le Roy,MN,43.5133,-92.5079
Climax,MI,42.2383,-85.336
Black Rock,AR,36.107,-91.1074
Waynetown,IN,40.088,-87.0655
Eden,MD,38.2792,-75.6533
Science Hill,KY,37.1741,-84.6329
Iron Mountain Lake,MO,37.6854,-90.6185
Dexter,OR,43.9188,-122.822
Maxwell,IA,41.8912,-93.3962
Sheffield,IL,41.358,-89.7391
Atlanta,IN,40.2139,-86.027
Bowman,SC,33.3483,-80.6843
Silver City,NC,34.9972,-79.2292
Hoffman,NC,35.0313,-79.5491
Pastoria,VA,37.7446,-75.6352
Dayton,IA,42.2622,-94.0711
Eldorado,OH,39.9044,-84.6752
Brady,WA,47.0064,-123.5321
Allgood,AL,33.9064,-86.5178
St. Mary's,AK,62.0718,-163.2805
St. Joseph,TN,35.0331,-87.5007
Micro,NC,35.5624,-78.2035
Hoytsville,UT,40.8757,-111.3847
Philo,OH,39.8613,-81.9087
Sheridan,MT,45.4588,-112.1946
Crowell,TX,33.9839,-99.7241
Bradbury,CA,34.1536,-117.9684
Sadsburyville,PA,39.983,-75.8937
Genoa,NE,41.4462,-97.7322
Bloomville,OH,41.0514,-83.0137
Alger,OH,40.7096,-83.8441
Wayne,OK,34.917,-97.3166
Denali Park,AK,63.5909,-148.7107
Exira,IA,41.5919,-94.8811
Lometa,TX,31.2168,-98.3924
Matinecock,NY,40.864,-73.5818
Orrick,MO,39.2133,-94.1254
Port Sanilac,MI,43.4275,-82.5449
Edgewood,IA,42.6442,-91.4024
Petersburg,TX,33.871,-101.5974
Teton,ID,43.8871,-111.6723
Laguna,NM,35.0473,-107.4031
Falkner,MS,34.838,-88.9424
Bardwell,TX,32.2671,-96.6955
Glasford,IL,40.5728,-89.813
Ogden,IL,40.115,-87.9563
Highland,MD,39.1814,-76.957
St. Clair,MN,44.0839,-93.8605
Lilly,PA,40.4244,-78.6202
Airport Drive,MO,37.1405,-94.5162
Jasper,MO,37.3354,-94.3023
Pleasant Plains,IL,39.8747,-89.9183
Sunbright,TN,36.2428,-84.6798
Duck Hill,MS,33.6316,-89.7154
Roff,OK,34.6286,-96.8412
New Florence,MO,38.9092,-91.4529
Markleville,IN,39.9763,-85.6168
Lakewood Village,TX,33.1379,-96.9751
Opal,VA,38.6201,-77.8049
Baneberry,TN,36.0465,-83.2782
Shenandoah Shores,VA,38.9621,-78.1414
Calhoun,KY,37.5411,-87.2596
Sausal,NM,34.6803,-106.7589
Grandview,IN,37.937,-86.9842
Silver Cliff,CO,38.1204,-105.4104
Wood Heights,MO,39.3414,-94.1635
Spokane Creek,MT,46.5343,-111.7391
Albany,IL,41.7861,-90.2163
Gibsland,LA,32.5395,-93.0541
Butte Creek Canyon,CA,39.7489,-121.6968
North,SC,33.6164,-81.103
Tresckow,PA,40.916,-75.9656
Fertile,MN,47.5339,-96.2893
Wataga,IL,41.0253,-90.2754
Parksley,VA,37.7863,-75.6539
Redfield,IA,41.5905,-94.1963
Salem,KY,37.2653,-88.241
Grundy,VA,37.2754,-82.0988
Wonderland Homes,SD,44.2029,-103.3433
Whitley City,KY,36.7238,-84.4731
Pepin,WI,44.4425,-92.1481
Stewartsville,MO,39.7551,-94.4987
Road Runner,TX,33.483,-97.0849
Sand Springs,TX,32.2795,-101.3496
Pamelia Center,NY,44.0356,-75.9033
Evansville,IL,38.0889,-89.9322
Rich Creek,VA,37.3831,-80.8203
Vici,OK,36.1488,-99.2994
Elkville,IL,37.91,-89.2367
Dexter,IA,41.5154,-94.2276
Gisela,AZ,34.1015,-111.2895
Candelero Arriba,PR,18.1016,-65.8342
Kiowa,KS,37.0174,-98.4848
Hunting Valley,OH,41.4802,-81.4108
Humboldt,NE,40.1658,-95.9443
Rich Square,NC,36.2739,-77.2839
Kinsman Center,OH,41.4544,-80.5854
Belle Center,OH,40.509,-83.7453
Peletier,NC,34.727,-77.0758
Blooming Grove,TX,32.0924,-96.7173
Utica,MS,32.1061,-90.6221
Le Grand,IA,42.0067,-92.775
Cyril,OK,34.8985,-98.203
Chesapeake City,MD,39.528,-75.8095
Taholah,WA,47.3283,-124.2728
Ringwood,IL,42.3973,-88.304
Indian Hills,NM,34.9832,-106.1398
Luxora,AR,35.7575,-89.9298
Wadesville,IN,38.1025,-87.7861
La Belle,MO,40.1166,-91.9146
Bradenton Beach,FL,27.4651,-82.6958
Courtland,AL,34.6703,-87.326
Boswell,OK,34.0278,-95.8685
Lower Brule,SD,44.0742,-99.5838
Rockport,AR,34.4069,-92.8077
Orebank,TN,36.556,-82.4642
West Milton,PA,41.0186,-76.8765
Riceville,TN,35.3895,-84.6989
Rockford,AL,32.8895,-86.215
Farmersville,PA,40.1291,-76.1551
Plain,WI,43.2779,-90.0423
Shiocton,WI,44.4449,-88.5768
East Bank,WV,38.2153,-81.4442
Beckville,TX,32.2436,-94.4561
Freelandville,IN,38.8653,-87.3102
Pickensville,AL,33.2336,-88.2744
Liberal,MO,37.559,-94.5161
Harwood,ND,46.9762,-96.8802
Elkton,MI,43.8183,-83.1809
Oshkosh,NE,41.408,-102.3452
Brinnon,WA,47.6689,-122.9248
Clifton,ID,42.1873,-112.0046
Lee,FL,30.4114,-83.3003
Valley View,TX,33.4859,-97.1601
Bradford,IL,41.1772,-89.6583
Frenchburg,KY,37.9542,-83.6226
Wurtemburg,PA,40.8565,-80.2506
Central,UT,37.415,-113.6262
Happy Valley,AK,59.9137,-151.6072
Tipton,OK,34.4879,-99.15
Milo,IA,41.2892,-93.4403
Lake Timberline,MO,37.9966,-90.5481
Seabeck,WA,47.6436,-122.8222
Redmond,UT,39.0057,-111.867
Imboden,AR,36.1997,-91.1774
Johnson,OK,35.4064,-96.8444
Randolph,UT,41.6655,-111.1846
Ryan,OK,34.0213,-97.9541
Deshler,NE,40.1396,-97.7233
Shannon,IL,42.1525,-89.7402
Beemer,NE,41.9298,-96.8091
Catheys Valley,CA,37.4308,-120.0995
Lockesburg,AR,33.9716,-94.1761
Gilbertown,AL,31.8663,-88.3075
Kapp Heights,PA,40.8995,-76.809
New Chapel Hill,TX,32.3011,-95.1674
Bradley Junction,FL,27.7942,-81.9784
Moores Hill,IN,39.1129,-85.0892
Velda Village Hills,MO,38.6923,-90.2877
Holdingford,MN,45.7304,-94.4714
Fieldbrook,CA,40.9723,-124.025
Krotz Springs,LA,30.5323,-91.7518
Raymond,MN,45.0184,-95.2367
Golinda,TX,31.3715,-97.0765
Peconic,NY,41.0369,-72.459
Desoto Acres,FL,27.3823,-82.5167
Steinhatchee,FL,29.6795,-83.3837
Las Palmas II,TX,26.2032,-97.7395
Fort Chiswell,VA,36.9444,-80.9577
Oneida,IL,41.0722,-90.2247
Oak City,UT,39.3761,-112.339
Valle Hill,PR,18.3953,-65.894
Anchor Bay,CA,38.8126,-123.5704
Coulterville,IL,38.185,-89.6045
Roachdale,IN,39.8491,-86.8004
West Salem,IL,38.5198,-88.0092
Lake Norden,SD,44.5799,-97.2109
Cleveland,NY,43.2398,-75.8846
Garibaldi,OR,45.5607,-123.9112
Columbia,AL,31.2968,-85.1103
Limestone,OK,36.3143,-95.7477
Lake Petersburg,IL,39.9831,-89.8652
Hosford,FL,30.3944,-84.8034
Kirkwood,IL,40.8678,-90.7483
Lyons,OH,41.7004,-84.0718
Westwood,CA,40.3049,-121.0036
JAARS,NC,34.8623,-80.7489
Antioch,GA,32.679,-85.0577
Mineral Springs,IN,39.1322,-85.8609
Owensville,OH,39.1242,-84.1366
Napoleon,ND,46.5039,-99.7683
Turbotville,PA,41.1019,-76.7694
Hankinson,ND,46.0734,-96.8918
Maple Hill,KS,39.0855,-96.0278
Correctionville,IA,42.4775,-95.7831
Carson,IA,41.2356,-95.4199
Bartelso,IL,38.5371,-89.4672
Chevy Chase Section Five,MD,38.984,-77.074
Delano,TN,35.2545,-84.5579
Parker Strip,AZ,34.2797,-114.1277
Harveysburg,OH,39.5022,-83.9984
Clarence,PA,41.0466,-77.9507
Eastborough,KS,37.6856,-97.2591
Vermontville,MI,42.627,-85.0249
Paragon Estates,CO,39.9802,-105.1812
Waleska,GA,34.3172,-84.5499
Savoonga,AK,63.6797,-170.4831
Nunapitchuk,AK,60.8772,-162.4615
Gallipolis Ferry,WV,38.7745,-82.204
Gulf Stream,FL,26.4894,-80.0573
Damascus,VA,36.6326,-81.7891
Cameron,AZ,35.8537,-111.4269
Belle Terre,NY,40.9607,-73.0672
Ruthven,IA,43.13,-94.8987
Galena,MD,39.3425,-75.8787
Potter Lake,WI,42.8195,-88.349
Oxford,IA,41.7228,-91.7911
Eden,WI,43.6928,-88.3642
Monte Rio,CA,38.4684,-123.0148
Cambria,WI,43.5416,-89.1108
Erick,OK,35.2156,-99.8686
Moreauville,LA,31.0342,-91.9818
Seven Mile,AZ,33.7883,-109.9576
East Bend,NC,36.2178,-80.5085
Elmwood,NE,40.8426,-96.2947
Ashkum,IL,40.8783,-87.9533
Sharptown,MD,38.5381,-75.719
Union Grove,TX,32.5798,-94.9095
Magdalena,NM,34.1095,-107.2319
Sutton,WV,38.6663,-80.7116
Lucerne Mines,PA,40.5559,-79.1558
Readlyn,IA,42.7037,-92.225
Shelter Cove,CA,40.0389,-124.0558
Adams,MN,43.5654,-92.719
Ridgway,IL,37.7979,-88.2606
Elizabeth,IL,42.3164,-90.2216
Lake Ivanhoe,WI,42.5792,-88.3359
Welling,OK,35.8808,-94.8712
Unionville,PA,39.8977,-75.7304
Fairchilds,TX,29.4399,-95.7765
Lake Carroll,IL,42.1705,-89.8699
Valliant,OK,34.0058,-95.0861
Ingleside on the Bay,TX,27.8303,-97.2211
Gillis,LA,30.3769,-93.1999
New Hartford,IA,42.5682,-92.6214
Boys Town,NE,41.2558,-96.1292
Latimer,IA,42.763,-93.3658
Mountain Gate,CA,40.7185,-122.3262
Franklin,KS,37.523,-94.6994
Bauxite,AR,34.5602,-92.4989
Paisley,FL,28.985,-81.5404
Beulah Valley,CO,38.0709,-104.983
Crab Orchard,KY,37.4627,-84.5067
Lincoln Park,GA,32.8674,-84.3348
Tiskilwa,IL,41.2928,-89.5082
Ray,ND,48.3416,-103.1636
Bantam,CT,41.7247,-73.2422
Lecompton,KS,39.0358,-95.3929
Wanamie,PA,41.1763,-76.0384
Rockford,IN,38.9859,-85.8868
Bryant,SD,44.5899,-97.4673
Curtis,NE,40.6336,-100.5112
Metamora,MI,42.9422,-83.2897
Cokeburg,PA,40.1,-80.0656
Barton,MD,39.5323,-79.0171
Manilla,IA,41.8926,-95.2345
Puryear,TN,36.4413,-88.3324
Lacona,NY,43.6434,-76.0666
Richardton,ND,46.8841,-102.3332
Cedar Bluffs,NE,41.3972,-96.6097
Owyhee,NV,41.9165,-116.1825
Kinston,AL,31.22,-86.1705
Fillmore,IN,39.6697,-86.7532
Deerfield,KS,37.9819,-101.1332
Inez,KY,37.8693,-82.5398
Elsinore,UT,38.6834,-112.1488
Hoyt,KS,39.2493,-95.708
Valle Vista,NM,35.5841,-106.0584
Copan,OK,36.9004,-95.9253
Rosa,AL,33.9899,-86.5045
Ringtown,PA,40.8565,-76.2352
Weir,MS,33.2635,-89.2905
Norwood Court,MO,38.7141,-90.2895
Mullan,ID,47.4687,-115.7963
Kykotsmovi Village,AZ,35.8576,-110.6338
Happy,TX,34.7416,-101.8572
Falcon Heights,OR,42.1314,-121.7566
Sunray,OK,34.4112,-97.9602
Camptown,VA,36.6833,-76.8965
Earlville,NY,42.7401,-75.5436
Hubbard,IA,42.3058,-93.3022
Buras,LA,29.3528,-89.5247
Early,IA,42.461,-95.1526
Los Luceros,NM,36.1151,-106.0371
Pilot Knob,MO,37.6236,-90.6455
Boissevain,VA,37.2809,-81.3802
Belgrade,MN,45.4506,-94.9998
Inverness,MS,33.3543,-90.5913
Oscoda,MI,44.425,-83.3339
Cedar Key,FL,29.146,-83.0388
Aguanga,CA,33.4522,-116.8555
Farmersville,IL,39.4412,-89.6521
Mound City,IL,37.0854,-89.1628
Hester,LA,30.0277,-90.771
Shabbona,IL,41.7654,-88.8845
Castlewood,SD,44.7242,-97.0309
Horseshoe Bend,ID,43.9165,-116.1997
Lumberport,WV,39.3741,-80.3484
Spring Valley,KY,38.2968,-85.6108
East Prospect,PA,39.9711,-76.5214
Golconda,IL,37.3619,-88.487
Arthurdale,WV,39.4953,-79.8168
Duck Key,FL,24.771,-80.9132
White,GA,34.2823,-84.7481
Normangee,TX,31.03,-96.1161
Koppel,PA,40.8355,-80.3212
Reid Hope King,TX,25.9227,-97.4141
Port Royal,PA,40.5338,-77.3894
Carthage,IN,39.7366,-85.5715
Mount Hope,KS,37.8735,-97.6619
Jonesburg,MO,38.8546,-91.3028
Lake Tapawingo,MO,39.0195,-94.3132
New Houlka,MS,34.0363,-89.0211
Corriganville,MD,39.6947,-78.797
Surfside Beach,TX,28.9559,-95.2836
Junction City,IL,38.5774,-89.1258
West Concord,MN,44.1529,-92.8995
Union,IL,42.2316,-88.5448
Jefferson,SC,34.6512,-80.3866
Rock Island,OK,35.1831,-94.4811
Woonsocket,SD,44.0541,-98.2724
Melbourne Village,FL,28.088,-80.6652
Fripp Island,SC,32.3231,-80.4789
Shellsburg,IA,42.0929,-91.8712
La Center,KY,37.0749,-88.9748
Vienna,MO,38.1874,-91.9501
Heritage Bay,FL,26.2837,-81.6629
Upper Marlboro,MD,38.8153,-76.7514
Middleton,TN,35.0593,-88.8902
Iron River,WI,46.5671,-91.4069
Annetta South,TX,32.6743,-97.6482
Munds Park,AZ,34.9382,-111.6318
Eastview,TN,35.0877,-88.5518
Gibson,NC,34.7595,-79.6069
Tumbling Shoals,AR,35.5472,-91.9734
Green Meadows,OR,45.6131,-118.8
Lilydale,MN,44.9095,-93.1305
North High Shoals,GA,33.8271,-83.5014
Saugatuck,MI,42.6592,-86.2061
La Veta,CO,37.5085,-105.0085
Neapolis,OH,41.4905,-83.8747
Lyons,NE,41.936,-96.4717
Neotsu,OR,44.9944,-123.9783
Union Deposit,PA,40.2911,-76.6812
Appling,GA,33.5588,-82.3183
Myrtle,MS,34.5605,-89.1179
Morehouse,MO,36.8463,-89.6911
Colo,IA,42.0145,-93.3186
Welcome,LA,30.0474,-90.8823
Dunbar,SC,33.5341,-79.3533
Sligo,PA,41.1081,-79.4964
Hillman,MI,45.0648,-83.8974
Rockford,TN,35.8328,-83.9358
Clay Center,NE,40.5256,-98.055
Kenwood,CA,38.4153,-122.5387
Chalfant,PA,40.4101,-79.8387
Durhamville,NY,43.1225,-75.665
Mississippi Valley State University,MS,33.5172,-90.3444
Laytonsville,MD,39.2088,-77.1415
Wiconsico,PA,40.5742,-76.6775
Ashmore,IL,39.5306,-88.0201
Tetherow,OR,44.0389,-121.3667
Winter Park,CO,39.8785,-105.7828
Hickman,CA,37.6193,-120.7513
Winfall,NC,36.2105,-76.4548
Medaryville,IN,41.0803,-86.8905
Almena,WI,45.4149,-92.0384
Crossville,IL,38.1626,-88.0643
Quasqueton,IA,42.3945,-91.7578
San Leanna,TX,30.1442,-97.8195
Waterville,KS,39.6919,-96.747
Aulander,NC,36.228,-77.1136
Garrison,KY,38.6075,-83.1833
Chama,NM,36.8931,-106.5843
Quitman,AR,35.3817,-92.2147
Buffalo,OH,39.9168,-81.5205
DeBordieu Colony,SC,33.3707,-79.1776
Mechanicsburg,IL,39.8021,-89.4067
Grenloch,NJ,39.7825,-75.0562
Fountain City,WI,44.1202,-91.697
Furman,SC,32.6813,-81.1877
Barboursville,VA,38.1704,-78.2831
Pikeville,NC,35.4972,-77.9877
Wessington Springs,SD,44.0805,-98.5712
Isle,MN,46.1389,-93.4592
Nittany,PA,40.9947,-77.5521
Sulphur Rock,AR,35.7517,-91.5003
Royal Center,IN,40.8643,-86.5001
Danville,OH,40.4473,-82.2612
Sewickley Heights,PA,40.5595,-80.1528
Spur,TX,33.4703,-100.8556
Glenwood,GA,32.1805,-82.6709
Mortons Gap,KY,37.2402,-87.4668
Fairfield,MT,47.6151,-111.9813
Cedar Crest,NM,35.1114,-106.3802
Bethel Springs,TN,35.2342,-88.6131
Lakeport,MI,43.1072,-82.4937
Whitewood,SD,44.4617,-103.6381
Oldenburg,IN,39.3389,-85.204
Hopeland,PA,40.2337,-76.2615
Startup,WA,47.8673,-121.7501
Marco Shores-Hammock Bay,FL,25.9964,-81.6889
North Irwin,PA,40.3389,-79.7114
King City,MO,40.0505,-94.5252
Smoot,WY,42.6184,-110.9155
La Farge,WI,43.5782,-90.6381
Odessa,WA,47.3326,-118.6894
West Alto Bonito,TX,26.3144,-98.6632
Crowder,MS,34.1729,-90.1376
Owaneco,IL,39.4815,-89.195
Clay City,IL,38.6858,-88.3486
Axtell,NE,40.4798,-99.1292
Wanblee,SD,43.5705,-101.6614
Attapulgus,GA,30.7495,-84.4839
Klawock,AK,55.5556,-133.0868
Hemingford,NE,42.3214,-103.0754
Strykersville,NY,42.7063,-78.444
Bardwell,KY,36.874,-89.0091
Dewar,OK,35.4581,-95.9483
Ivy,VA,38.0611,-78.5987
Pleasant Hill,TX,31.0033,-94.7936
Cumby,TX,33.1354,-95.8394
Rockvale,CO,38.3644,-105.1646
Nuangola,PA,41.1583,-75.9781
Saltillo,TN,35.3821,-88.2396
Sanford,MI,43.6777,-84.3803
Motley,VA,37.0657,-79.3474
Bayshore,OR,44.4419,-124.0754
Wallace,CA,38.2039,-120.9609
Mi-Wuk Village,CA,38.057,-120.1793
Accoville,WV,37.7652,-81.827
Bevier,MO,39.7513,-92.5638
Lyndonville,NY,43.3213,-78.3891
Mount Summit,IN,40.0035,-85.3861
Hopedale,IL,40.4233,-89.4214
Jasper,MN,43.8491,-96.3999
Steele,ND,46.8568,-99.9181
Fort Green Springs,FL,27.5876,-81.9402
Plattsville,CT,41.226,-73.2591
Quebrada,PR,18.3602,-66.8353
Arabi,GA,31.8282,-83.7302
Lake Latonka,PA,41.283,-80.1831
Wells,TX,31.4916,-94.9473
East Avon,NY,42.9128,-77.7073
Conneautville,PA,41.7577,-80.3684
Pleasant View Village,IN,39.3337,-85.9736
Browndale,PA,41.6563,-75.4543
Deer Park,CA,38.536,-122.4679
Alta,CA,39.2138,-120.8033
McCool Junction,NE,40.744,-97.6007
Beaver Springs,PA,40.7448,-77.2168
Red Cross,NC,35.2659,-80.3623
New Site,AL,33.0282,-85.7801
Ponemah,MN,48.0348,-94.8983
North Haverhill,NH,44.0915,-72.0236
Batavia,MT,48.1778,-114.4107
McLeansville,NC,36.1045,-79.6554
San Jose,NM,36.0367,-106.1004
Malin,OR,42.0133,-121.4096
Sabinal,TX,29.3214,-99.4696
Prairie City,OR,44.4611,-118.7094
Foxfield,CO,39.5881,-104.7857
Oakville,WA,46.8403,-123.2337
Hebron,ND,46.9023,-102.0444
Meridian Station,MS,32.5484,-88.609
Mulberry Grove,IL,38.9245,-89.2662
Tidioute,PA,41.6847,-79.4004
Middle Amana,IA,41.7948,-91.9015
Denmark,IA,40.7385,-91.3381
Mott,ND,46.3744,-102.3189
Ponce de Leon,FL,30.7234,-85.9374
Rule,TX,33.1819,-99.8933
Sanders,AZ,35.2095,-109.3224
Maringouin,LA,30.4907,-91.5185
Andrews,FL,29.5496,-82.8883
St. Florian,AL,34.8739,-87.6241
Friendship,WI,43.972,-89.8203
Midway,PA,39.8081,-77.0053
Akutan,AK,54.1594,-165.7328
Wartrace,TN,35.5253,-86.3301
Waikoloa Beach Resort,HI,19.9279,-155.8704
Hemlock,NY,42.7938,-77.6073
Watterson Park,KY,38.189,-85.6864
Menno,SD,43.2386,-97.5774
Black Creek,NC,35.6366,-77.9326
Houston Acres,KY,38.2146,-85.6143
Bridge Creek,OK,35.2382,-97.732
Gilbertville,IA,42.4182,-92.2141
Downey,ID,42.4288,-112.1233
Keysville,VA,37.039,-78.4804
Tatum,NM,33.2553,-103.3112
Indian Springs,NV,36.5719,-115.7204
Wilroads Gardens,KS,37.7153,-99.9269
Braymer,MO,39.5905,-93.7961
Grand View Estates,CO,39.5439,-104.8206
Georgetown,ID,42.479,-111.3639
Benzonia,MI,44.6161,-86.0989
Hamer,SC,34.4741,-79.3258
Little Falls,ME,43.7312,-70.4301
Scribner,NE,41.6651,-96.6653
Foreston,MN,45.7321,-93.7095
Niota,TN,35.5171,-84.5499
Hardwood Acres,MI,44.7213,-85.8263
Scooba,MS,32.8302,-88.4771
Palmer,TN,35.3576,-85.5656
Walton,IN,40.6622,-86.2441
McClellanville,SC,33.0865,-79.468
Pioneer Junction,MT,48.3157,-115.5182
Columbiaville,MI,43.1567,-83.4069
Waverly Hall,GA,32.6837,-84.7378
Rising Star,TX,32.0976,-98.9665
Virgin,UT,37.1979,-113.2071
Miracle Valley,AZ,31.3829,-110.1485
Briaroaks,TX,32.4958,-97.3033
Milton,KY,38.7113,-85.3734
Niantic,IL,39.8541,-89.1653
Lashmeet,WV,37.4228,-81.1967
Lakeside,CA,35.2347,-119.0829
Cumberland,OK,34.0609,-96.5925
Russia,OH,40.2341,-84.4076
Morning Sun,IA,41.0941,-91.2506
Nelliston,NY,42.9318,-74.6099
Cranesville,PA,41.904,-80.3418
Rohrerstown,PA,40.0529,-76.36
La Moille,IL,41.5299,-89.2833
Patton Village,CA,40.1407,-120.1782
Tonica,IL,41.2159,-89.0702
Boling,TX,29.2584,-95.9436
Walker,IA,42.2874,-91.781
Dugger,IN,39.0704,-87.259
Gray Court,SC,34.6079,-82.1143
Minatare,NE,41.8111,-103.5017
Seligman,AZ,35.3256,-112.8574
Frankfort,KS,39.7039,-96.4169
Lomas,PR,18.2688,-65.9096
Onamia,MN,46.0703,-93.6669
Arcadia University,PA,40.0917,-75.1652
Ferrelview,MO,39.3143,-94.6653
McKenzie,AL,31.5429,-86.7246
Browns Crossing,IN,39.4064,-86.5056
Morrison,OK,36.2927,-97.0276
Salome,AZ,33.7778,-113.606
Deer Lake,PA,40.6213,-76.0565
Loretto,KY,37.6351,-85.3985
Bonanza,AR,35.2335,-94.4167
Rosman,NC,35.1458,-82.82
North Freedom,WI,43.459,-89.8603
Riviera,TX,27.2993,-97.7997
McLean,IL,40.3136,-89.1686
Sterling,OK,34.7494,-98.1725
Stockertown,PA,40.7547,-75.2627
Pecan Hill,TX,32.4907,-96.7813
Chickasaw Point,SC,34.5363,-83.0751
Conway,NC,36.4371,-77.2288
Millerton,CA,36.9769,-119.6658
Bailey's Prairie,TX,29.1527,-95.4977
Polvadera,NM,34.202,-106.9172
Terrytown,NE,41.8465,-103.6706
El Duende,NM,36.0738,-106.1269
Neopit,WI,44.9877,-88.8227
Waldron,IN,39.4535,-85.663
Jeffersonville,VT,44.6427,-72.8282
Ellsworth,PA,40.1073,-80.0214
San Pablo,NM,32.2507,-106.7626
Stratton,CO,39.3029,-102.6034
Cherry Grove,WA,45.8022,-122.5767
Pleasant Ridge,KY,37.5939,-86.9935
Taylortown,NC,35.2146,-79.4916
New Hamburg,NY,41.5891,-73.9428
Esperanza,PR,18.1021,-65.4798
McKnightstown,PA,39.8735,-77.3302
Milan,GA,32.0194,-83.0631
Lynch,KY,36.9641,-82.9138
Matador,TX,34.015,-100.8211
Lost Nation,IL,41.9125,-89.369
Yukon,PA,40.2139,-79.6864
San Mateo,NM,35.3381,-107.645
Augusta,MI,42.3378,-85.3525
Lime Lake,NY,42.4327,-78.4808
New Summerfield,TX,31.9807,-95.115
Rushford Village,MN,43.8033,-91.7915
Benitez,PR,18.2726,-65.8788
Twin Valley,MN,47.2588,-96.2592
Alexandria,SD,43.6541,-97.7798
Patterson Heights,PA,40.739,-80.3263
Lake Eliza,IN,41.4289,-87.172
Oxford,NE,40.253,-99.6323
Hollis Crossroads,AL,33.5231,-85.6437
Branchville,NJ,41.1471,-74.7494
Oxford,MD,38.685,-76.1702
Oaktown,IN,38.8717,-87.4412
Maple Rapids,MI,43.1077,-84.6898
Roanoke,LA,30.2356,-92.7481
Savona,NY,42.283,-77.2238
New Berlin,TX,29.4892,-98.1094
Aspen Park,CO,39.5423,-105.2967
Woodson,AR,34.538,-92.2211
Prospect,OR,42.7526,-122.4757
Toughkenamon,PA,39.8313,-75.7565
La Cueva,NM,35.5776,-105.7339
Saxton,PA,40.2127,-78.247
Vernon,FL,30.6197,-85.7062
Sequoyah,OK,36.3798,-95.5969
Ainsworth,IA,41.2901,-91.5545
Congerville,IL,40.6168,-89.2051
Solon Springs,WI,46.3495,-91.8207
Manderson-White Horse Creek,SD,43.235,-102.4916
Grafton,IL,38.9764,-90.4258
Wadsworth,NV,39.6322,-119.2901
Healy,AK,63.9454,-149.0151
Maricopa Colony,AZ,33.3626,-112.2267
Presque Isle Harbor,MI,45.3226,-83.4858
Folsom,LA,30.631,-90.1941
Noorvik,AK,66.8292,-161.0377
Oak Run,IL,40.9635,-90.1331
Tilden,IL,38.2124,-89.684
Hartland,MI,42.6597,-83.7446
Philadelphia,TN,35.6791,-84.3999
Iron Station,NC,35.4515,-81.1568
Sarepta,LA,32.8963,-93.4517
Point Hope,AK,68.3445,-166.6738
Rocksprings,TX,30.0172,-100.2128
Sonoita,AZ,31.6646,-110.6427
East Tulare Villa,CA,36.2038,-119.2803
Westley,CA,37.5469,-121.2009
Virginia City,NV,39.3074,-119.6483
Allenwood,NJ,40.1384,-74.1032
Oceanville,NJ,39.4774,-74.4569
Adena,OH,40.2166,-80.8762
New Berlin,PA,40.8806,-76.9843
Scurry,TX,32.5125,-96.3846
Port Trevorton,PA,40.6924,-76.894
McIntyre,GA,32.8466,-83.2011
Renova,MS,33.7805,-90.7232
Hamden,OH,39.1592,-82.5243
Arlington,OR,45.7207,-120.1887
Brantleyville,AL,33.2196,-86.882
Schram City,IL,39.1631,-89.4609
Greenwood,MN,44.9122,-93.555
Baywood,VA,36.6172,-81.0094
Walnut Grove,MN,44.225,-95.4692
Davenport,OK,35.7094,-96.7645
Mackay,ID,43.912,-113.6128
North Gate,CA,37.9055,-121.9978
Glendale,OR,42.7381,-123.4294
Alexis,IL,41.063,-90.5555
Annabella,UT,38.7059,-112.0587
Russellville,TN,36.258,-83.1966
Atlas,PA,40.7974,-76.4284
Ridgecrest,LA,31.6018,-91.5304
Cedarville,CA,41.5281,-120.1748
Corfu,NY,42.9611,-78.4028
Fountain City,IN,39.9549,-84.9192
Cloverdale,MS,31.496,-91.4152
Bass Lake,OH,41.5555,-81.2257
Madison Place,OH,39.1553,-84.3765
Picture Rocks,PA,41.2804,-76.7079
Blue Ridge Manor,KY,38.2434,-85.5647
White Mills,PA,41.535,-75.2021
La Puerta,TX,26.3468,-98.7505
Bakersville,NC,36.0154,-82.1582
Jefferson,SD,42.6043,-96.5661
Highmore,SD,44.5214,-99.4394
Myrtle Springs,TX,32.6151,-95.9329
Carnesville,GA,34.3729,-83.2328
McRae,AR,35.1119,-91.8253
White Springs,FL,30.3317,-82.7562
Green Mountain Falls,CO,38.9344,-105.0238
Unionville,PA,40.9423,-79.9613
Cimarron,NM,36.5083,-104.9104
Kopperston,WV,37.7502,-81.5764
Crabtree,OR,44.6376,-122.9059
Continental Courts,PA,40.8705,-77.8658
Satsop,WA,47.0223,-123.4737
Sebeka,MN,46.6292,-95.0879
Dalzell,IL,41.3559,-89.1763
Piper City,IL,40.7562,-88.189
Bloomington,WI,42.8931,-90.9264
Yatesville,PA,41.3038,-75.7822
Clyde,CA,38.0253,-122.028
Forkland,AL,32.6489,-87.8671
Edenburg,PA,40.5658,-75.9593
Blandinsville,IL,40.554,-90.8683
Bentleyville,OH,41.4121,-81.4121
Blackduck,MN,47.7263,-94.548
Eleva,WI,44.5764,-91.4705
Saybrook,IL,40.4283,-88.5266
Hickory Flat,MS,34.616,-89.1913
Allenhurst,GA,31.7839,-81.6078
Melbourne,IA,41.9416,-93.1023
Nelsonville,NY,41.4291,-73.9466
Tekoa,WA,47.2248,-117.0731
Plandome Manor,NY,40.8147,-73.6984
Sunset Valley,TX,30.2258,-97.8158
Beverly,WV,38.8443,-79.8717
Laytonville,CA,39.6715,-123.4945
Umapine,OR,45.976,-118.501
Plains,GA,32.0331,-84.3946
Valley Bend,WV,38.7694,-79.928
Encore at Monroe,NJ,40.3197,-74.4663
Asharoken,NY,40.9381,-73.3816
Ryland Heights,KY,38.9701,-84.4607
Marine on St. Croix,MN,45.1983,-92.7783
White River,SD,43.5671,-100.7449
Pittsford,MI,41.8619,-84.4771
Dudley,GA,32.532,-83.0805
Van Dyne,WI,43.8862,-88.5012
Dobbins Heights,NC,34.9068,-79.6933
Leighton,AL,34.6941,-87.5282
Ivanhoe,VA,36.8428,-80.9683
East Herkimer,NY,43.0316,-74.9636
Sullivan,WI,43.0118,-88.5903
Cotton Valley,LA,32.8135,-93.4228
Flat Lick,KY,36.8353,-83.7598
Golden,IL,40.1104,-91.0193
Gideon,MO,36.4489,-89.9128
Perry,MO,39.43,-91.6662
Augusta,IL,40.2307,-90.95
Williamson,GA,33.1777,-84.3581
Bowen,IL,40.2321,-91.0633
Wellsburg,IA,42.4339,-92.9266
Holcomb,MO,36.4022,-90.0249
Santa Fe Foothills,NM,35.6279,-105.898
Summerton,SC,33.6013,-80.3527
Heidelberg,MS,31.8897,-88.9878
Vineland,MN,46.1832,-93.7822
Shelby,NE,41.194,-97.426
Notus,ID,43.7267,-116.7998
Clallam Bay,WA,48.2534,-124.2579
Ocracoke,NC,35.1264,-75.9212
St. Joseph,LA,31.9203,-91.24
Horseshoe Bend,TX,32.5752,-97.8782
Jamestown,PA,41.4843,-80.437
Penns Creek,PA,40.8631,-77.0562
Medway,OH,39.8837,-84.0135
Gaston,IN,40.314,-85.501
Paradis,LA,29.868,-90.4397
Armstrong,IA,43.3944,-94.4836
Malott,WA,48.2918,-119.6955
Tannersville,NY,42.1936,-74.135
Clarks,LA,32.0288,-92.1408
Ventura,IA,43.1282,-93.462
Doyle,CA,40.0275,-120.1173
Harmony,IN,39.5337,-87.073
North City,IL,37.9918,-89.0635
Wilson,LA,30.9236,-91.109
Hoffman,MN,45.8345,-95.787
Ducor,CA,35.8927,-119.047
Reardan,WA,47.6698,-117.878
San Miguel,NM,32.1535,-106.7269
Long Grove,IA,41.6923,-90.5803
Poulan,GA,31.5145,-83.7898
Ponca,NE,42.5649,-96.7092
Bertrand,MO,36.9081,-89.45
Anguilla,MS,32.9719,-90.8284
Tovey,IL,39.5883,-89.4486
Peeples Valley,AZ,34.2773,-112.7653
Tranquillity,CA,36.648,-120.2526
Hightsville,NC,34.2667,-77.9344
South Cle Elum,WA,47.1862,-120.9526
San Antonito,NM,35.1574,-106.3475
Ariton,AL,31.5978,-85.7131
Russellville,OH,38.8674,-83.7879
Louise,TX,29.1118,-96.4123
Jay,FL,30.9504,-87.1523
Hamersville,OH,38.9189,-83.9853
Kelly,NC,34.4639,-78.3109
Aaronsburg,PA,40.9042,-77.4513
Washington,OK,35.0582,-97.4923
Clarks Hill,IN,40.2472,-86.7243
New Hope,TX,33.2116,-96.5635
Malta,OH,39.6515,-81.864
Sherrard,IL,41.3109,-90.4991
Cedarville,IL,42.3757,-89.6362
Ruby,MI,43.0323,-82.6118
Spring Lake,UT,40.006,-111.7503
Foristell,MO,38.8156,-90.9627
Many Farms,AZ,36.3532,-109.6271
North San Pedro,TX,27.8027,-97.682
Masthope,PA,41.5155,-75.0257
Kiowa,CO,39.3436,-104.458
University Park,IA,41.2856,-92.615
Blooming Glen,PA,40.3695,-75.2482
Cullen,LA,32.9699,-93.4464
Chester,MT,48.5113,-110.9663
Highland Hills,OH,41.4507,-81.5191
McDonald Chapel,AL,33.519,-86.9385
Lincoln Heights,OH,40.7673,-82.4795
Minneola,KS,37.4421,-100.0131
Greensburg,KS,37.6049,-99.2895
LaMoure,ND,46.3574,-98.2966
Olanta,SC,33.9357,-79.932
Boswell,IN,40.5173,-87.3754
Millersburg,KY,38.304,-84.145
Matherville,IL,41.2594,-90.6055
Saltsburg,PA,40.4848,-79.448
Kearney Park,MS,32.5897,-90.3158
Turbeville,SC,33.8895,-80.0161
Dighton,KS,38.481,-100.4663
Wheatland,PA,41.1969,-80.4958
Cromwell,IN,41.4033,-85.6142
Loraine,TX,32.4087,-100.7125
Boyden,IA,43.1892,-96.0032
Parkin,AR,35.2629,-90.553
South Mount Vernon,OH,40.3823,-82.5018
Peters,CA,37.9763,-121.0439
Hardin,TX,30.1493,-94.7377
Scalp Level,PA,40.2495,-78.8442
Aroma Park,IL,41.0788,-87.8011
Botsford,CT,41.3589,-73.2671
Avella,PA,40.2737,-80.4672
Pultneyville,NY,43.2739,-77.1814
Millerstown,PA,40.5543,-77.153
Underwood,ND,47.455,-101.1417
Fieldsboro,NJ,40.1364,-74.7315
Onaway,MI,45.3589,-84.2274
Etna,CA,41.4582,-122.8945
Humphrey,NE,41.6884,-97.4852
Parcelas Nuevas,PR,18.14,-66.1702
Rivesville,WV,39.5319,-80.1205
Christiansburg,OH,40.0568,-84.0255
Pena Blanca,NM,35.5709,-106.3319
Hollow Rock,TN,36.0355,-88.274
Clarissa,MN,46.1284,-94.949
Swansea,SC,33.7397,-81.1052
Oneida Castle,NY,43.0812,-75.6331
Green Valley,IL,40.4072,-89.6443
Noatak,AK,67.5986,-163.0309
Siren,WI,45.7826,-92.3823
Roche Harbor,WA,48.6079,-123.1347
Shoals,IN,38.6669,-86.7938
Wickliffe,KY,36.9666,-89.0813
Washingtonville,OH,40.8991,-80.7678
Hometown,WV,38.5289,-81.8552
North Lynbrook,NY,40.6685,-73.6736
North Topsail Beach,NC,34.4931,-77.434
Raleigh,FL,29.4479,-82.468
Elmwood,WI,44.78,-92.1491
Lake Winola,PA,41.5105,-75.8509
Oconomowoc Lake,WI,43.0975,-88.4521
Mill Creek,WV,38.7319,-79.9725
Hill City,SD,43.9337,-103.5694
Mount Calvary,WI,43.8263,-88.2461
Hazleton,IA,42.6178,-91.9057
Lake Benton,MN,44.2642,-96.2891
Florien,LA,31.448,-93.4583
Island Pond,VT,44.8125,-71.8862
Tigerton,WI,44.7409,-89.0459
Rockland,WI,43.9077,-90.9165
Grantsboro,NC,35.1449,-76.8447
Chester Hill,PA,40.8903,-78.2293
Port O'Connor,TX,28.4463,-96.4205
Kahite,TN,35.569,-84.2358
Colmesneil,TX,30.9097,-94.4221
Harlingen,NJ,40.4502,-74.6581
Orason,TX,26.0742,-97.4458
Stratford,IA,42.2696,-93.9274
Valley City,OH,41.2336,-81.9396
Porum,OK,35.3571,-95.2637
Marshallville,OH,40.8997,-81.7329
Fultonville,NY,42.9463,-74.3704
Woods Bay,MT,48.0083,-114.0613
Hotevilla-Bacavi,AZ,35.9225,-110.6569
Modjeska,CA,33.7091,-117.6299
Brecon,OH,39.2798,-84.3531
Wilseyville,CA,38.3791,-120.5146
Rail Road Flat,CA,38.3246,-120.5169
Gadsden,AZ,32.5564,-114.7811
Portland,PA,40.9216,-75.0985
Tohatchi,NM,35.8423,-108.7503
Lenox,GA,31.2672,-83.4673
Maguayo,PR,18.01,-67.0855
Penn,PA,40.3293,-79.642
Sorrel,LA,29.8879,-91.6225
Britton,MI,41.9877,-83.8304
Fuller Acres,CA,35.3023,-118.9143
Nineveh,IN,39.3612,-86.0927
Driscoll,TX,27.673,-97.751
Marion Heights,PA,40.8036,-76.4643
Mantua,OH,41.282,-81.2223
Biron,WI,44.4281,-89.766
Elk Park,NC,36.1582,-81.9808
Marion,UT,40.681,-111.2773
Sierra Blanca,TX,31.1835,-105.3395
Edgewater,AL,33.5287,-86.9572
Adairville,KY,36.671,-86.856
Park City,KY,37.0934,-86.0486
Windfall City,IN,40.3619,-85.9584
Brooks,GA,33.2925,-84.4588
Manokotak,AK,58.893,-158.9109
Pocono Pines,PA,41.1162,-75.4588
Malaga,CA,36.6816,-119.7318
Leeds,UT,37.2373,-113.3471
Cassville,WI,42.715,-90.9891
Round Top,NY,42.2616,-74.0284
Millheim,PA,40.8936,-77.4765
Brownsville,WI,43.6147,-88.4953
Pleasant View,PA,40.609,-79.5759
Bolton,MS,32.3546,-90.4586
Supreme,LA,29.8604,-90.9955
Brimfield,IL,40.8379,-89.8827
Polk,PA,41.369,-79.9311
Eva,AL,34.3272,-86.7614
Cherokee,KS,37.345,-94.8215
Holland,AR,35.166,-92.277
Somerville,AL,34.4679,-86.7909
Piney View,WV,37.835,-81.1275
Kasigluk,AK,60.8785,-162.5272
Wilton,AL,33.0813,-86.8799
Peru,NE,40.4786,-95.7313
Shelby,AL,33.1068,-86.5825
Wonewoc,WI,43.6531,-90.2239
Brevig Mission,AK,65.3413,-166.4953
Napi Headquarters,NM,36.6505,-108.2145
West Goshen,CA,36.3492,-119.4574
Roby,TX,32.746,-100.3795
Dauberville,PA,40.4606,-75.9983
Taylor Springs,IL,39.1312,-89.4946
Huntington,OR,44.3501,-117.2668
Institute,WV,38.3797,-81.7662
Bovey,MN,47.2962,-93.4036
Warsaw,MN,44.2576,-93.3771
Reeltown,AL,32.5788,-85.8189
Northwest,NC,34.316,-78.1448
West Wilmerding,PA,40.3987,-79.8209
Caddo Valley,AR,34.1898,-93.0679
Crofton,KY,37.0477,-87.4842
Seneca Gardens,KY,38.2272,-85.6773
Benjamin,UT,40.0968,-111.729
Santa Rosa,AZ,32.3325,-112.0464
Pendleton,TX,31.1953,-97.3368
Livingston Manor,NY,41.8931,-74.8255
Dixonville,PA,40.7151,-79.0105
Kernville,CA,35.7533,-118.4321
Joaquin,TX,31.9659,-94.0504
Jackson,NC,36.3901,-77.4193
Murray,CT,41.1974,-73.2895
Pattison,TX,29.8184,-95.9765
Las Croabas,PR,18.3695,-65.6293
Barataria,LA,29.7092,-90.1217
Birnamwood,WI,44.9319,-89.2094
Tom Bean,TX,33.52,-96.4844
Montrose,IA,40.5258,-91.416
South Weldon,NC,36.4135,-77.6024
Bluetown,TX,26.0734,-97.8199
Minden,IA,41.47,-95.5429
Delta,PA,39.7267,-76.3271
McGregor,IA,43.0246,-91.1819
Seama,NM,35.0429,-107.5272
Central Valley,UT,38.6991,-112.0967
Dalton City,IL,39.7169,-88.807
Wibaux,MT,46.9865,-104.1899
Natural Steps,AR,34.8668,-92.4881
Darrtown,OH,39.4975,-84.669
El Refugio,TX,26.3406,-98.7589
Wickliffe,OK,36.312,-95.1074
Fairfax,MO,40.3392,-95.3919
St. John,WA,47.0915,-117.5887
Sterling,NE,40.4612,-96.3776
Hodge,LA,32.272,-92.7304
Waco,GA,33.7026,-85.1893
Fouke,AR,33.2622,-93.8852
Twin Oaks,MO,38.5657,-90.501
North Chevy Chase,MD,39.002,-77.074
Maury City,TN,35.8145,-89.2239
Hurst,IL,37.8349,-89.1443
Greenbush,MN,48.7011,-96.1835
Grayland,WA,46.8304,-124.0898
Stockton,MN,44.0271,-91.7697
Lacey,AR,33.4503,-91.8496
Derby Center,VT,44.9549,-72.1361
Smiths Grove,KY,37.0503,-86.2083
Lake Tanglewood,TX,35.057,-101.7817
Juniata,NE,40.5903,-98.5069
Bertrand,NE,40.5263,-99.6324
Allenport,PA,40.3686,-77.8707
Wyocena,WI,43.4931,-89.3099
Greensboro,FL,30.5705,-84.7324
Melville,LA,30.6917,-91.7485
Unionville,NY,41.3013,-74.5619
Candlewood Orchards,CT,41.4728,-73.4381
Hermitage,MO,37.9443,-93.3257
Clarks Grove,MN,43.7617,-93.3286
Riverton,KS,37.0732,-94.706
Francis Creek,WI,44.2006,-87.7209
Corydon,KY,37.7403,-87.7063
Sandyfield,NC,34.3738,-78.3
Hardin,MO,39.2676,-93.8313
Oljato-Monument Valley,UT,37.0309,-110.2512
Kooskia,ID,46.1415,-115.9765
Gaston,OR,45.4348,-123.1449
Blucksberg Mountain,SD,44.3593,-103.4538
Carlisle Barracks,PA,40.2101,-77.173
Rockaway Beach,MO,36.7019,-93.1617
Valley Brook,OK,35.4027,-97.4814
Norborne,MO,39.3024,-93.6759
Taycheedah,WI,43.8118,-88.3916
Stella,PR,18.324,-67.2464
Woodsdale,OH,39.4331,-84.4845
Gratz,PA,40.6073,-76.7157
Madison,CA,38.675,-121.9702
New Straitsville,OH,39.5793,-82.2343
Palatine Bridge,NY,42.9143,-74.5756
Tuxedo Park,NY,41.2007,-74.206
Sewickley Hills,PA,40.568,-80.1271
Fairview,AL,34.2501,-86.6846
Fordland,MO,37.1556,-92.9416
Antonito,CO,37.0762,-106.0104
Osmond,NE,42.3583,-97.599
Dove Creek,CO,37.7668,-108.9071
North Brentwood,MD,38.945,-76.951
Albert City,IA,42.7816,-94.9491
Stafford,KS,37.9624,-98.5995
Dale,WI,44.2757,-88.673
Port Leyden,NY,43.5838,-75.3412
Lemannville,LA,30.1028,-90.9239
Onaga,KS,39.4892,-96.1703
Sedalia,NC,36.076,-79.6208
Andover,OH,41.6066,-80.5686
Brookport,IL,37.1261,-88.6276
Elkhart,IA,41.7939,-93.5241
Pecan Park,NM,32.2704,-107.674
Bloomdale,OH,41.1716,-83.5534
Pinckard,AL,31.3173,-85.543
Quentin,PA,40.283,-76.4363
Rawson,OH,40.9569,-83.7851
Pleasant Hope,MO,37.465,-93.2743
Kersey,PA,41.357,-78.6101
Ramona,OK,36.5367,-95.9264
Chatham,LA,32.3096,-92.4522
Lakeside,OH,41.5407,-82.7534
Lakeside,IA,42.6174,-95.1775
Paragonah,UT,37.8853,-112.7707
Thorntonville,TX,31.5789,-102.9221
Jetmore,KS,38.0301,-99.9098
Sanderson,TX,30.1508,-102.4079
Grey Forest,TX,29.6171,-98.6835
Cannondale,CT,41.2161,-73.4252
Timber Lake,SD,45.4294,-101.0715
Santa Clara,TX,29.5911,-98.1614
Robbinsville,NC,35.3217,-83.8094
Wingo,KY,36.6422,-88.7395
Calumet,MI,47.2478,-88.4535
Overton,NE,40.7405,-99.5374
Chaires,FL,30.4421,-84.1269
Remington,OH,39.2288,-84.3223
Shiloh,GA,32.8115,-84.6989
East Galesburg,IL,40.9429,-90.3109
Diamondville,WY,41.7772,-110.5357
Saluda,NC,35.2375,-82.3469
Port Austin,MI,44.0431,-82.9945
Freeport,OH,40.2109,-81.2686
Purple Sage,WY,41.5515,-109.3199
Weiner,AR,35.6197,-90.9054
Crooked Creek,WV,37.8839,-81.9747
Millington,IL,41.5623,-88.6024
Crenshaw,MS,34.5047,-90.1946
Cambalache,PR,18.3577,-65.8841
Caseville,MI,43.9416,-83.2734
Ellendale,DE,38.8102,-75.425
Arizona Village,AZ,34.8546,-114.5895
Flint Creek,OK,36.1765,-94.7436
Trenton,TX,33.4272,-96.3409
Mosier,OR,45.685,-121.3951
Belleplain,NJ,39.2662,-74.8672
Humboldt,SD,43.6447,-97.0745
Pine Valley,NY,42.2272,-76.847
Marion,MI,44.1006,-85.1438
Columbia,NC,35.92,-76.2421
Martin,LA,32.0982,-93.2193
Yaurel,PR,18.03,-66.056
Buena,WA,46.4277,-120.3183
Avon,SD,43.0052,-98.0593
Woodhull,IL,41.1784,-90.3221
Red Creek,NY,43.2488,-76.7225
Qulin,MO,36.5977,-90.2522
East Bernstadt,KY,37.1923,-84.1209
Garza-Salinas II,TX,26.3518,-98.7595
Brookside,OH,40.0708,-80.7607
Hokah,MN,43.7599,-91.3498
Parkway,MO,38.3361,-90.9712
Lidgerwood,ND,46.0738,-97.1451
Midland,MD,39.5896,-78.9486
Pennsbury Village,PA,40.4283,-80.1011
Solis,TX,26.1708,-97.844
Newborn,GA,33.5164,-83.6959
St. Stephen,MN,45.701,-94.2742
Aquasco,MD,38.5913,-76.7074
Edgeley,ND,46.3625,-98.7126
Gouldsboro,PA,41.2429,-75.4449
Chippewa Lake,OH,41.0737,-81.9047
Ethridge,TN,35.3218,-87.3013
Findlay,IL,39.5223,-88.7546
Murrayville,IL,39.5817,-90.2518
Hershey,NE,41.1602,-100.9985
Oak Grove,TX,32.5327,-96.3186
Lawrenceville,PA,41.9959,-77.1304
Friendship,TN,35.9084,-89.2414
Redwater,MS,32.7835,-89.5559
Johnson Siding,SD,44.0846,-103.438
East Williston,FL,29.3883,-82.4165
Waelder,TX,29.6943,-97.2972
Cross Keys,PA,40.4458,-78.4293
Lake Saint Clair,MO,38.3227,-90.9986
Stanton,IA,40.9812,-95.1027
Nassawadox,VA,37.4762,-75.8591
Avon,IL,40.662,-90.4352
Bird-in-Hand,PA,40.0373,-76.1863
Smelterville,ID,47.5426,-116.1775
Mecca,IN,39.7271,-87.3315
Pasadena Park,MO,38.711,-90.2974
Vanleer,TN,36.2358,-87.4446
McCartys Village,NM,35.0614,-107.6634
San Ildefonso Pueblo,NM,35.8955,-106.1225
Pomfret,MD,38.5699,-77.0304
New Florence,PA,40.379,-79.0751
Chatom,AL,31.4691,-88.246
North Powder,OR,45.03,-117.9205
Wallace,SC,34.7201,-79.8479
Lake City,MI,44.3297,-85.2085
Lakeville,IN,41.5286,-86.2745
Launiupoko,HI,20.8541,-156.6424
Cherry Tree,OK,35.7454,-94.6428
Fonda,IA,42.5817,-94.8455
Coward,SC,33.9721,-79.749
Mount Morris,PA,39.7342,-80.0755
Milner,GA,33.1176,-84.1931
Corbin City,NJ,39.3046,-74.7199
Center City,MN,45.3942,-92.8142
Bancroft,IA,43.2929,-94.2175
Delleker,CA,39.8102,-120.4968
Colbert,GA,34.037,-83.2139
Stonington,IL,39.6385,-89.1921
Dennisville,NJ,39.2018,-74.8217
East Cathlamet,WA,46.1956,-123.3588
Leeton,MO,38.5834,-93.6953
Bendersville,PA,39.9815,-77.2494
Shipman,IL,39.1203,-90.0452
Ingold,NC,34.8313,-78.3497
Coldwater,KS,37.2582,-99.3378
Cinco Bayou,FL,30.4222,-86.6096
The Lakes,MN,44.1359,-95.7083
Yankeetown,FL,29.0334,-82.7326
Brookfield,NJ,40.8163,-75.0645
Woolrich,PA,41.1865,-77.3738
Wolsey,SD,44.4105,-98.4738
Pennville,IN,40.4919,-85.147
Stebbins,AK,63.4705,-162.2599
Sawmill,AZ,35.8924,-109.1538
Lexington,AL,34.9652,-87.3735
Bishopville,MD,38.4413,-75.2092
Palestine,AR,34.9696,-90.9068
Loghill Village,CO,38.1994,-107.7754
St. Paul,KS,37.5186,-95.1742
Cascade,WI,43.6599,-88.007
Santa Margarita,CA,35.3895,-120.6081
Powhatan,VA,37.5427,-77.9267
Mettawa,IL,42.2445,-87.9197
Takilma,OR,42.0409,-123.6223
Polkville,MS,32.1909,-89.696
Buffalo Lake,MN,44.7368,-94.617
Tyrone,NM,32.7099,-108.3028
Ozark Acres,AR,36.3,-91.3871
Canistota,SD,43.5978,-97.2926
Bella Villa,MO,38.5436,-90.2855
Mackinac Island,MI,45.8593,-84.6253
Glenwood,NE,40.7555,-99.081
Gilmore City,IA,42.7268,-94.4368
Sharpsville,IN,40.3797,-86.0869
Harrah,WA,46.4061,-120.541
Elysian,MN,44.2067,-93.6764
Downs,KS,39.5045,-98.5472
Hungry Horse,MT,48.3843,-114.0652
Cynthiana,IN,38.1872,-87.7086
Holiday Hills,IL,42.2978,-88.2292
Gouglersville,PA,40.2702,-76.0192
Carlsbad,TX,31.6112,-100.6406
Minong,WI,46.0978,-91.8263
Glen Ullin,ND,46.812,-101.8333
Kiowa,OK,34.723,-95.9025
Myton,UT,40.1933,-110.0624
Charlotte Court House,VA,37.0563,-78.6377
Wylandville,PA,40.2099,-80.1263
Duck,NC,36.1836,-75.7559
South Coffeyville,OK,36.9921,-95.6219
Marion,LA,32.8997,-92.2405
Adair,OK,36.4365,-95.2734
Cherry Valley,AR,35.4028,-90.7536
Trimble,MO,39.4761,-94.5619
Dry Tavern,PA,39.9399,-80.0095
Stewartsville,NJ,40.6889,-75.1022
Ida,MI,41.9063,-83.5719
Lake View,SC,34.3405,-79.1664
Meeteetse,WY,44.1543,-108.8612
Wallace Ridge,LA,31.6849,-91.8321
Warwick,GA,31.8298,-83.9206
Corinne,WV,37.571,-81.3614
White Haven,MT,48.3478,-115.516
Moreland,GA,33.2861,-84.7699
Bethlehem,GA,33.9368,-83.7102
Walkerville,MT,46.0366,-112.5396
Honeoye,NY,42.7885,-77.5125
Sunsites,AZ,31.941,-109.8394
Gaylordsville,CT,41.641,-73.4826
Claysville,PA,40.1199,-80.4131
Rough and Ready,CA,39.234,-121.1381
Blanchardville,WI,42.8094,-89.8606
Hay Springs,NE,42.6833,-102.6897
Emily,MN,46.7601,-93.9665
North Philipsburg,PA,40.9092,-78.2087
Lake of the Woods,IN,41.4241,-86.2289
Dahlgren Center,VA,38.34,-77.0324
Trimont,MN,43.7611,-94.7162
Molena,GA,33.0122,-84.5006
New England,ND,46.5408,-102.8669
Titusville,NY,41.6663,-73.8633
Onida,SD,44.7049,-100.0675
Jasper,OR,43.9892,-122.91
Walden,CO,40.7316,-106.2814
Alden,MN,43.6695,-93.5735
Washburn,IA,42.4111,-92.2685
Mount Sidney,VA,38.2586,-78.9654
Verplanck,NY,41.2552,-73.9621
Paris,PA,40.4104,-80.5067
Sabin,MN,46.7814,-96.6542
Onalaska,WA,46.5782,-122.7114
Varna,NY,42.4525,-76.4383
Smallwood,NY,41.6606,-74.8159
North Middletown,KY,38.1425,-84.1102
Peterstown,WV,37.3991,-80.795
Morris Run,PA,41.6773,-77.018
Fabrica,TX,28.7446,-100.4934
Sardis,AR,34.533,-92.4067
Greenevers,NC,34.8271,-77.9251
Queen City,MO,40.4126,-92.5663
Loleta,CA,40.6408,-124.2225
Alta,WY,43.7737,-111.0312
Elsah,IL,38.9541,-90.3553
Adams,TN,36.5828,-87.0651
Reynolds,IN,40.7492,-86.8743
Hilltop,WV,37.9392,-81.1526
Poplar,MT,48.1105,-105.1969
Wauzeka,WI,43.0851,-90.8995
Glasgow,OR,43.4371,-124.1961
Kevil,KY,37.0842,-88.8829
Bettsville,OH,41.244,-83.2338
Forest Junction,WI,44.2139,-88.1496
Hooversville,PA,40.1504,-78.9132
Unity,SC,34.8024,-80.6936
Alger,WA,48.6175,-122.3368
Brighton,IA,41.1747,-91.8212
Washington Boro,PA,40.0017,-76.4671
Conway,MO,37.5057,-92.8312
Retreat,TX,32.0507,-96.4787
Sunfield,MI,42.7612,-84.9952
Bell Buckle,TN,35.5908,-86.3538
Cascade,MT,47.2769,-111.7026
Maybee,MI,42.0125,-83.5096
Heuvelton,NY,44.617,-75.4047
Alba,MO,37.2372,-94.4176
Byron,MI,42.8239,-83.9467
Corsica,SD,43.4223,-98.4073
Asherton,TX,28.4461,-99.7604
Elgin,ND,46.4014,-101.8474
Accord,NY,41.7972,-74.2319
Black Eagle,MT,47.527,-111.267
Radcliffe,IA,42.3177,-93.4343
Quebrada Prieta,PR,18.2943,-65.9037
Roosevelt Estates,AZ,33.6201,-110.9997
Selma,OR,42.2797,-123.6151
Glenwood,UT,38.7625,-111.9876
Jefferson,WV,38.3702,-81.771
Van Horne,IA,42.0083,-92.0897
Stateline,NV,38.9678,-119.944
Harleyville,SC,33.213,-80.4478
Parma,MI,42.2633,-84.5793
Rauchtown,PA,41.1261,-77.2364
Portal,GA,32.5383,-81.9297
East Millstone,NJ,40.5011,-74.5661
Ranshaw,PA,40.7856,-76.5172
Copenhagen,NY,43.8934,-75.6726
Riverview,VA,36.9326,-82.4846
Screven,GA,31.484,-82.0171
Trail,OR,42.6567,-122.8135
Blairstown,IA,41.906,-92.0821
Tyronza,AR,35.4868,-90.356
Hickory,PA,40.2957,-80.3052
Port Gibson,NY,43.0334,-77.1569
Coalville,IA,42.4407,-94.1192
Oak Creek,CO,40.2741,-106.9575
Reedsville,WV,39.5103,-79.8005
Margaretville,NY,42.1458,-74.6503
Fountain Lake,AR,34.6099,-92.9197
Addison,AL,34.2017,-87.1765
Camden,IN,40.6099,-86.5392
Arlee,MT,47.1678,-114.0838
Shindler,SD,43.4676,-96.6354
Amagansett,NY,40.9841,-72.1329
Beach City,OH,40.6531,-81.5795
Randolph,MS,34.181,-89.1677
Arivaca Junction,AZ,31.739,-111.0738
Paoli,OK,34.8265,-97.2627
Thaxton,MS,34.3071,-89.1745
East Vandergrift,PA,40.5973,-79.563
Chesterfield,TN,35.6468,-88.27
Arcadia,OH,41.1079,-83.5147
Ossipee,NC,36.1678,-79.5135
Sunrise Shores,TX,32.1801,-95.5056
Dana,IN,39.8072,-87.4945
Amana,IA,41.8036,-91.8753
Duncan,NE,41.3904,-97.4928
Bairdford,PA,40.6279,-79.8813
Whitesville,KY,37.683,-86.8701
New Goshen,IN,39.583,-87.4646
Isleton,CA,38.1617,-121.6051
Deerwood,MN,46.4729,-93.9
Grazierville,PA,40.6576,-78.2713
Acomita Lake,NM,35.0658,-107.6165
White Hall,AL,32.2993,-86.7148
Grand Ridge,IL,41.2361,-88.831
Taylor,AR,33.0998,-93.4618
Englewood,PA,40.7814,-76.2449
Ivalee,AL,34.0372,-86.1472
Bell Arthur,NC,35.5912,-77.5127
Hindman,KY,37.335,-82.9819
Crystal Beach,NY,42.8095,-77.2582
Pateros,WA,48.0536,-119.8995
Freedom Plains,NY,41.6695,-73.7974
Murray,IA,41.0413,-93.9488
Castalian Springs,TN,36.4012,-86.3067
Ideal,GA,32.3726,-84.1894
Payne Springs,TX,32.2872,-96.0892
Blue Berry Hill,TX,28.3855,-97.7921
Randall,MN,46.0887,-94.5007
Villa Heights,VA,36.6981,-79.8994
Van Buren,OH,41.1387,-83.6494
Eads,CO,38.4814,-102.7797
Alton,MO,36.6901,-91.3947
Armour,SD,43.319,-98.3448
Pavo,GA,30.9597,-83.738
Paradise Park,CA,37.0062,-122.0425
Mackinaw City,MI,45.7751,-84.7479
Ravine,PA,40.5686,-76.3937
Waynesfield,OH,40.6024,-83.9739
Woodlawn,IL,38.3283,-89.0345
Cushing,TX,31.8126,-94.8412
Big Delta,AK,64.1486,-145.7453
Pilot Grove,MO,38.8736,-92.9126
Josephville,MO,38.8293,-90.7869
Hudson,IN,41.5318,-85.084
Blende,CO,38.247,-104.5714
Campbellsburg,IN,38.6514,-86.2613
Camp Douglas,WI,43.9197,-90.2697
Fairfield,OK,35.8407,-94.6061
Cash,SC,34.6197,-79.8895
Prewitt,NM,35.3682,-108.0748
Elliott,MS,33.6913,-89.7525
Jerome,PA,40.2136,-78.9809
Walnut Grove,MS,32.5931,-89.4578
Mayking,KY,37.1336,-82.773
Rivergrove,OR,45.3851,-122.733
Strattanville,PA,41.2025,-79.3269
Misenheimer,NC,35.4819,-80.287
Center Point,LA,31.2524,-92.2099
Powers,OR,42.8859,-124.0734
Hutsonville,IL,39.1085,-87.6606
Pineview,GA,32.1084,-83.5029
Burke,SD,43.1827,-99.2923
Chief Lake,WI,45.9209,-91.3303
Middle Point,OH,40.8556,-84.4462
Millington,MD,39.2629,-75.836
Atlanta,MI,45.0012,-84.1513
Golden City,MO,37.3931,-94.0942
Woodbourne,NY,41.761,-74.5978
Hollow Creek,KY,38.1526,-85.6244
Sankertown,PA,40.4714,-78.5919
Kimball,MN,45.3143,-94.3008
Effingham,KS,39.5228,-95.3969
Grand Isle,LA,29.2135,-90.0308
Groveland,CA,37.8325,-120.2392
Wickett,TX,31.5673,-103.006
Parker,ID,43.9584,-111.7587
Livingston Wheeler,NM,32.3944,-104.1981
Paxton,NE,41.1235,-101.3522
Renaissance at Monroe,NJ,40.2634,-74.4807
Old Fort,NC,35.6305,-82.1777
Hilltop,OH,41.1627,-80.7408
Fielding,UT,41.8127,-112.1173
Centerville,LA,29.7558,-91.428
Hillsboro,IN,40.1089,-87.1577
Navajo Mountain,UT,37.047,-110.79
Stockton Bend,TX,32.475,-97.7611
Parker,PA,41.0907,-79.6846
Palmyra,NE,40.7057,-96.3922
Selby,SD,45.5057,-100.0329
Mangham,LA,32.3094,-91.7794
West Point,CA,38.406,-120.5365
Tortugas,NM,32.2697,-106.7546
Wall Lake,IA,42.2675,-95.0932
Muddy,MT,45.5798,-106.7754
Morris,IN,39.2823,-85.1775
Boyle,MS,33.7065,-90.7249
Lakeville,CT,41.9595,-73.4485
Udall,KS,37.3889,-97.1177
Mocanaqua,PA,41.1407,-76.1367
Mount Bethel,PA,40.9048,-75.1116
Amanda,OH,39.6501,-82.7414
La Crosse,IN,41.3177,-86.8896
Chaumont,NY,44.0676,-76.1302
Dearing,GA,33.4149,-82.3852
West Hamlin,WV,38.2802,-82.194
Holton,IN,39.0752,-85.3847
Willsboro Point,NY,44.4246,-73.3807
New Lothrop,MI,43.1168,-83.9693
Rowlesburg,WV,39.3483,-79.6764
Star Lake,NY,44.1613,-75.0363
Pryor,MT,45.4125,-108.5291
Berlin,GA,31.068,-83.6232
New Springfield,OH,40.9183,-80.6031
Hatton,ND,47.6369,-97.4584
Mer Rouge,LA,32.7767,-91.7949
Summit,AR,36.2522,-92.6886
Lily Lake,WI,42.5629,-88.213
Glen Park,NY,44.0016,-75.9548
Ochlocknee,GA,30.9751,-84.0517
Fairfield,PA,39.7891,-77.3698
Fort White,FL,29.9224,-82.7135
Thayer,IL,39.5404,-89.758
Cove,OR,45.2964,-117.8102
Milnor,ND,46.2604,-97.4575
D'Hanis,TX,29.3305,-99.2753
McKenna,WA,46.9365,-122.5501
Plankinton,SD,43.7155,-98.4837
Fulton,CA,38.4937,-122.7734
La Fargeville,NY,44.196,-75.9627
Attica,OH,41.0634,-82.8873
Marquette,KS,38.5555,-97.8344
Fox Chase,KY,38.046,-85.6911
Melrose,WI,44.1316,-90.9969
Magnolia,KY,37.45,-85.7401
Beatty,NV,36.9474,-116.7337
Sun River Terrace,IL,41.1254,-87.7337
Ochelata,OK,36.6021,-95.9725
Muir,MI,42.9973,-84.9359
Parmelee,SD,43.3241,-101.041
Tierra Amarilla,NM,36.7061,-106.5599
Mamers,NC,35.416,-78.939
Dierks,AR,34.12,-94.0173
Garysburg,NC,36.4479,-77.5603
Clarkrange,TN,36.1857,-85.0096
Westmoreland,KS,39.3941,-96.4137
Yates City,IL,40.7776,-90.0139
Fincastle,VA,37.5006,-79.8749
Ashley,ND,46.0347,-99.3736
Cedarville,NJ,39.3382,-75.2068
Daufuskie Island,SC,32.1181,-80.8656
Corinna,ME,44.9223,-69.2628
Woodmere,OH,41.4598,-81.4799
Batavia,IA,40.9949,-92.1673
Langeloth,PA,40.3631,-80.4138
Sharon Springs,NY,42.793,-74.6128
Alexis,NC,35.3968,-81.119
Francisco,IN,38.3327,-87.4481
Culbertson,NE,40.2284,-100.8351
Idamay,WV,39.493,-80.2572
Danville,WV,38.0808,-81.8342
Clearbrook,MN,47.6962,-95.4293
Olustee,OK,34.5477,-99.4241
Nucla,CO,38.2668,-108.5487
Paris,ID,42.2273,-111.4032
South Hills,MT,46.5564,-111.9975
What Cheer,IA,41.3997,-92.3547
Merigold,MS,33.8392,-90.7264
Paauilo,HI,20.0398,-155.3708
Jonesport,ME,44.5338,-67.6152
Byromville,GA,32.2017,-83.9072
Brent,OK,35.364,-94.788
Cordova,IL,41.6775,-90.3218
Doyline,LA,32.525,-93.4118
Mooringsport,LA,32.6824,-93.9605
Walnut,MS,34.9497,-88.9236
Welch,OK,36.8743,-95.0946
Murdo,SD,43.8893,-100.7142
Wausaukee,WI,45.378,-87.9553
East Randolph,NY,42.1693,-78.952
Midway,AL,32.0764,-85.5244
Nocona Hills,TX,33.8524,-97.6435
Corwin,OH,39.5254,-84.0699
Industry,IL,40.327,-90.6082
Linn,TX,26.5662,-98.1298
Sycamore,OH,40.9517,-83.1709
Evans Mills,NY,44.087,-75.8078
Stetsonville,WI,45.0772,-90.3143
New Boston,IL,41.1698,-90.9998
Graford,TX,32.9374,-98.2474
Ettrick,WI,44.1695,-91.2651
Warren,TX,30.6127,-94.4105
Catawba,NC,35.7095,-81.0668
Deal,NJ,40.2497,-73.9976
Ravenna,KY,37.6871,-83.9502
Watauga,TN,36.3687,-82.2919
Dahlgren,IL,38.198,-88.6847
St. Francis,SD,43.1426,-100.9028
Upton,KY,37.4626,-85.899
Mesa,WA,46.5735,-119.0013
Carbonado,WA,47.0806,-122.0536
Evansville,MN,46.0062,-95.6869
Carroll,OH,39.8025,-82.7062
Parkdale,MI,44.272,-86.2805
New Jerusalem,PA,40.4454,-75.753
Noble,IL,38.6974,-88.2232
Mountainburg,AR,35.636,-94.1681
Hawk Point,MO,38.9715,-91.1318
Mendocino,CA,39.311,-123.7908
Estherwood,LA,30.1816,-92.4633
Crescent Valley,NV,40.4198,-116.5753
Webster,WI,45.8798,-92.3628
Red Rock,TX,29.96,-97.4428
Coffeen,IL,39.0883,-89.3898
Mertztown,PA,40.5033,-75.6674
Cliffside,NC,35.248,-81.7653
Lakota,ND,48.0429,-98.3468
Shoshoni,WY,43.2381,-108.1068
Vermont,IL,40.2957,-90.429
Buckland,AK,65.9784,-161.1341
Fontanelle,IA,41.2901,-94.5602
Monroe,IN,40.7451,-84.9409
Milroy,IN,39.4982,-85.4675
Akiachak,AK,60.921,-161.4021
Timberlake,OH,41.6655,-81.4428
Cortland,NE,40.5059,-96.7063
Taconic Shores,NY,42.1193,-73.5531
Dustin Acres,CA,35.2159,-119.375
Jamesport,MO,39.9749,-93.8029
Vicksburg,AZ,33.7293,-113.8255
Pleasant Hill,LA,31.8154,-93.5164
Casper Mountain,WY,42.7416,-106.3082
Matheny,CA,36.1707,-119.3516
Rosalia,WA,47.2363,-117.3764
Benham,KY,36.9652,-82.9544
Nicholson,PA,41.6268,-75.7862
Round Hill,VA,39.1319,-77.7681
Dover,ID,48.2606,-116.6098
Thayne,WY,42.9194,-110.9968
Manton,CA,40.4202,-121.854
Lanesboro,PA,41.9624,-75.5826
Canal Lewisville,OH,40.299,-81.8402
Unionville,MI,43.6538,-83.4671
Faulkton,SD,45.0342,-99.1266
Bucklin,KS,37.5488,-99.6343
Hoffman,IL,38.5404,-89.2644
Shickshinny,PA,41.1535,-76.1501
Ivanhoe,MN,44.4655,-96.2508
Stoutsville,OH,39.6049,-82.8235
Fairland,IN,39.5849,-85.8627
Nesco,NJ,39.638,-74.6954
Valier,MT,48.3056,-112.2522
Canton,KS,38.3857,-97.4303
Logan,KS,39.6617,-99.5673
Middleville,NY,43.1384,-74.9707
Ellendale,MN,43.8727,-93.2993
Betances,PR,18.0296,-67.1335
Bay View,WA,48.487,-122.4628
Langley,OK,36.4703,-95.0527
Louisville,AL,31.781,-85.5583
Forestville,NY,42.4691,-79.1755
Bay View,OH,41.468,-82.825
Woodland Hills,KY,38.2393,-85.5289
Escalante,UT,37.765,-111.6001
Dakota,IL,42.388,-89.5265
Neshanic,NJ,40.5043,-74.7175
Rio Lucio,NM,36.1922,-105.72
East View,WV,39.2691,-80.3051
Concorde Hills,OH,39.2109,-84.3572
Montfort,WI,42.9697,-90.4331
Blanchard,ID,48.0152,-116.9928
East Pleasant View,CO,39.7278,-105.1572
Roxie,MS,31.5077,-91.0711
Seaboard,NC,36.4907,-77.442
Melba,ID,43.3726,-116.5322
Everton,IN,39.5628,-85.0897
Walton,NE,40.796,-96.5658
Brownsville,MN,43.6993,-91.2824
High Falls,NY,41.8255,-74.1201
Vienna,LA,32.6093,-92.6481
West Decatur,PA,40.929,-78.2827
Buena Vista,CA,38.2975,-120.9174
Polonia,WI,44.5756,-89.4118
Cambridge,PA,40.0804,-75.9439
Emlenton,PA,41.1806,-79.7073
Elk Horn,IA,41.5931,-95.0612
Bancroft,WI,44.3093,-89.5073
Donovan Estates,AZ,32.7094,-114.6781
Poplar Hills,KY,38.178,-85.6931
Vernon,MI,42.9392,-84.033
Oregon Shores,OR,42.5376,-121.9216
Richburg,NY,42.0887,-78.1565
Syracuse,OH,38.9984,-81.9699
Hatley,MS,33.9773,-88.4184
Dale,SC,32.5555,-80.7015
Bassett,NE,42.5826,-99.5367
Forman,ND,46.104,-97.6369
Karlstad,MN,48.578,-96.5169
Dorchester,NE,40.6477,-97.1153
Fish Springs,NV,38.9536,-119.6511
Cleveland,MN,44.3236,-93.8353
North Fairfield,OH,41.1045,-82.6137
Minnesota Lake,MN,43.8409,-93.8279
Knoxville,AR,35.378,-93.363
La Prairie,MN,47.2302,-93.4912
Hermansville,MI,45.7093,-87.6079
Clear Lake,MN,45.4464,-93.9986
Paxton,FL,30.9746,-86.3099
Condon,OR,45.2366,-120.186
Elgin,NE,41.9831,-98.0828
Moca,PR,18.3943,-67.1138
San Rafael,NM,35.101,-107.8899
Eagle Bend,MN,46.1643,-95.0341
Aurora,NC,35.303,-76.7889
Lecompte,LA,31.0881,-92.4
Lizton,IN,39.8837,-86.5416
Lott,TX,31.206,-97.0334
Beaver,WV,37.7356,-81.15
Winchester,WI,44.1982,-88.6599
Danforth,IL,40.822,-87.9778
Bruno,WV,37.688,-81.8737
Sprague,WA,47.3048,-117.9714
West Warren,MA,42.2168,-72.2366
Cedar Vale,KS,37.1061,-96.5018
Anderson,NJ,40.7617,-74.9301
Strawn,TX,32.551,-98.4979
Rolfe,IA,42.8129,-94.5313
Belfield,ND,46.886,-103.1952
Elma,IA,43.2457,-92.4387
Chapin,IL,39.7669,-90.4027
Lancaster,MO,40.5238,-92.5314
Graham,GA,31.8292,-82.503
Olivia Lopez de Gutierrez,TX,26.3276,-98.7167
Albion,IA,42.1125,-92.9886
Millstone,KY,37.1638,-82.7495
Reddell,LA,30.6688,-92.4268
Reddick,FL,29.3687,-82.1976
Clark,PA,41.2831,-80.4088
Spring Church,PA,40.6062,-79.4889
Deemston,PA,40.0273,-80.0334
Potosi,WI,42.6876,-90.7105
Watson,IL,39.0261,-88.5685
Oriskany Falls,NY,42.938,-75.4636
Tuntutuliak,AK,60.3843,-162.6838
Island,KY,37.4432,-87.1473
Fort Jones,CA,41.6086,-122.8409
Glen St. Mary,FL,30.2752,-82.1604
Goldfield,IA,42.7356,-93.9179
Hartville,MO,37.2502,-92.512
Park Crest,PA,40.8192,-76.0614
Iberia,MO,38.0887,-92.2961
Minto,ND,48.2924,-97.373
Happy Valley,NM,32.4236,-104.2903
Kaneville,IL,41.8332,-88.5216
Ennis,MT,45.3462,-111.7319
Grand Junction,IA,42.033,-94.2369
Haviland,KS,37.6173,-99.1059
Haileyville,OK,34.8542,-95.5784
Freeport,MI,42.7642,-85.316
Woodland,AL,33.3756,-85.3974
Convent,LA,30.0132,-90.8232
Prinsburg,MN,44.9349,-95.187
Ganado,AZ,35.7016,-109.5504
South Fork,CO,37.6691,-106.6417
Thurston,OH,39.8451,-82.5532
Buckhorn,PA,41.0176,-76.4968
Port Gamble Tribal Community,WA,47.8488,-122.5571
Golden Beach,FL,25.966,-80.121
Newcastle,TX,33.1951,-98.7436
Thomas,WV,39.1458,-79.4958
Kirtland Hills,OH,41.6362,-81.3192
Joliet,MT,45.4846,-108.9723
Keyesport,IL,38.746,-89.2737
Camden,MI,41.755,-84.7562
Mohall,ND,48.7661,-101.5169
DISH,TX,33.133,-97.3012
Dinosaur,CO,40.2399,-109.0066
Caliente,NV,37.6458,-114.4929
Ireton,IA,42.9749,-96.3216
Frisco,NC,35.2437,-75.6018
Galena,MO,36.8054,-93.471
Silverton,CO,37.8107,-107.6649
Gilman,IA,41.8789,-92.7881
Glenaire,MO,39.2197,-94.4515
Sinclairville,NY,42.2653,-79.259
Parkway Village,KY,38.2113,-85.7381
Shepherd,MT,45.9468,-108.3462
Penasco,NM,36.1703,-105.6908
East Freedom,PA,40.3552,-78.4305
Glenview,KY,38.3019,-85.6519
Bennington,KS,39.0334,-97.5932
Rolling Fields,KY,38.2689,-85.6708
Norwalk,WI,43.8342,-90.6269
Onley,VA,37.6915,-75.718
Knightsville,IN,39.5253,-87.0891
Pioneer,FL,26.7257,-81.219
Darden,TN,35.6384,-88.2261
West City,IL,37.9962,-88.947
Paa-Ko,NM,35.1998,-106.3337
Sycamore Hills,MO,38.7013,-90.349
Gates,TN,35.8406,-89.4081
Potomac,IL,40.3067,-87.7977
Swea City,IA,43.3834,-94.3104
Wainwright,AK,70.638,-159.9713
St. Libory,IL,38.3634,-89.7135
Lopatcong Overlook,NJ,40.6971,-75.1452
Distant,PA,40.9695,-79.3567
Kellogg,IA,41.7181,-92.9072
Chireno,TX,31.4989,-94.3459
Slovan,PA,40.3595,-80.385
San Marine,OR,44.3533,-124.0904
Rocky Ripple,IN,39.8484,-86.1731
Potter Valley,CA,39.319,-123.1122
Irvington,IL,38.4386,-89.1602
Gustavus,AK,58.4275,-135.7492
Beersheba Springs,TN,35.459,-85.6689
White Cliffs,NM,35.5491,-108.6644
Sedillo,NM,35.0906,-106.2869
Cankton,LA,30.3455,-92.113
Antelope,SD,43.3087,-100.6306
Scotts Corners,NY,41.1889,-73.5561
Elizabeth,WV,39.0616,-81.3979
Cisne,IL,38.5141,-88.4371
Poplar,WI,46.5828,-91.7836
Fairmount,IL,40.0456,-87.8293
Carlisle,IN,38.9608,-87.4014
Lynnview,KY,38.1791,-85.7112
Big Stone City,SD,45.2985,-96.4657
Rossiter,PA,40.899,-78.9355
Clarkson,NE,41.7234,-97.1215
Remy,OK,35.4578,-94.4984
Rome,WI,42.9823,-88.6389
Wallowa,OR,45.5704,-117.5286
Gibraltar,PA,40.2809,-75.8609
Silo,OK,34.0356,-96.4744
Coyle,OK,35.9568,-97.2396
Callaway,NE,41.2915,-99.9203
Alhambra,IL,38.8878,-89.7362
Mount Jewett,PA,41.7246,-78.6443
Hailesboro,NY,44.3097,-75.4356
West Baden Springs,IN,38.5676,-86.612
North Walpole,NH,43.1467,-72.4458
Hastings,FL,29.7145,-81.499
Gilberton,PA,40.7961,-76.2235
Rote,PA,41.0781,-77.4114
Metamora,OH,41.7113,-83.9056
Bay Shore,MI,45.3609,-85.1115
Tampico,IL,41.6309,-89.7849
Scotland,TX,33.6499,-98.4677
Fairfield,WA,47.3848,-117.1748
Skyland Estates,VA,38.9329,-78.085
Blair,OK,34.7804,-99.3332
Leawood,MO,37.0333,-94.4948
Corn,OK,35.379,-98.7818
Neosho,WI,43.3101,-88.5192
Fincastle,KY,38.3081,-85.5415
Morley,MI,43.4908,-85.4456
Bluffview,WI,43.3641,-89.773
Georgetown,PA,39.9426,-76.0789
Farina,IL,38.8302,-88.7796
Winton,NC,36.3899,-76.935
Silverton,ID,47.4958,-115.9604
Stannards,NY,42.0741,-77.9123
Wittmann,AZ,33.7749,-112.525
Chillicothe,TX,34.256,-99.5144
Pathfork,KY,36.7594,-83.4711
Wilmar,AR,33.6264,-91.9294
Leakey,TX,29.7254,-99.7631
Burke,TX,31.2345,-94.7665
Ansley,NE,41.2863,-99.3825
Eudora,MS,34.831,-90.1488
Waldron,MI,41.7242,-84.4188
Fox River,AK,59.8722,-150.9984
Menlo,GA,34.4835,-85.4776
Piltzville,MT,46.8582,-113.8591
Brewster,MN,43.6973,-95.4645
McKinney Acres,TX,32.2963,-102.5298
Curlew Lake,WA,48.7311,-118.6663
Garber,OK,36.4367,-97.581
Micanopy,FL,29.506,-82.2806
San Jose,IL,40.3051,-89.6048
Atlasburg,PA,40.3436,-80.3803
Mandaree,ND,47.7358,-102.6756
St. Meinrad,IN,38.1692,-86.8257
Hamilton,VA,39.1349,-77.6642
Arbon Valley,ID,42.8847,-112.5942
Spencer,OH,41.0991,-82.1231
Olpe,KS,38.2569,-96.1726
Kingsville,OH,41.8869,-80.6771
Middletown,MI,42.9869,-84.1445
Casco,WI,44.5558,-87.6197
Pardeesville,PA,41.0006,-75.968
Weaubleau,MO,37.8915,-93.5404
Sunnyside,GA,31.2406,-82.3411
Howells,NE,41.7241,-97.0043
Grover,NC,35.1735,-81.452
Kasota,MN,44.2916,-93.969
Hammond,IL,39.7994,-88.5921
Fallston,NC,35.4288,-81.5023
Quogue,NY,40.8215,-72.5987
Delaware Water Gap,PA,40.975,-75.1392
North Salem,IN,39.86,-86.6437
Mount Victory,OH,40.5338,-83.5211
Glennallen,AK,62.1278,-145.7693
Perrysville,IN,40.0532,-87.436
Peninsula,OH,41.2379,-81.5518
Morganza,LA,30.7384,-91.592
Chamberino,NM,32.0364,-106.6776
South Cairo,NY,42.2684,-73.9558
Reynolds,IL,41.3319,-90.6723
Arden,DE,39.8114,-75.4886
Hustonville,KY,37.4784,-84.8151
Cairo,OH,40.8307,-84.0847
Stillmore,GA,32.441,-82.2145
Rushville,NY,42.7612,-77.228
Union Valley,TX,32.9351,-96.2441
Finger,TN,35.357,-88.6169
Mendon,OH,40.6733,-84.5174
Gassaway,WV,38.6702,-80.7717
Mead,NE,41.2138,-96.4825
Ripley,CA,33.5238,-114.653
Roscoe,PA,40.0782,-79.8642
Leonardville,KS,39.3642,-96.8596
Santa Maria,TX,26.0767,-97.8465
Kincora,VA,39.0383,-77.4357
Richmond Dale,OH,39.2042,-82.8121
Hagerman,NM,33.1146,-104.3284
Bandera,TX,29.7255,-99.0741
Ozawkie,KS,39.2354,-95.4659
Norfork,AR,36.2099,-92.2803
Williamsburg,NM,33.1158,-107.2951
Ridgeway,WI,42.9986,-89.993
Mineral,VA,38.0068,-77.9061
Cerrillos Hoyos,PR,18.0656,-66.5687
Zavalla,TX,31.1584,-94.418
White Swan,WA,46.377,-120.7382
Spring Valley,OH,39.6102,-84.007
Kake,AK,56.9729,-133.9148
Minor Hill,TN,35.0424,-87.1654
Chalfant,CA,37.5105,-118.375
Secretary,MD,38.6081,-75.947
Barnhill,OH,40.4497,-81.3679
Ai,OH,41.6272,-83.9384
Fleming,CO,40.6821,-102.8396
Sugar Grove,VA,36.7689,-81.4075
Wabasso,MN,44.4025,-95.2554
Gobles,MI,42.3617,-85.8774
Lower Lake,CA,38.9118,-122.6084
Wilkerson,CA,37.2794,-118.3877
Clayton,IL,40.0301,-90.958
Loa,UT,38.4037,-111.6454
Beverly Shores,IN,41.685,-86.9804
Dansville,MI,42.5558,-84.303
Flagler,CO,39.2948,-103.0758
Robinette,WV,37.7856,-81.7879
Sonora,KY,37.5319,-85.8947
Stony Ridge,OH,41.5075,-83.5093
Hollins,AL,33.1214,-86.129
Austin,PA,41.6373,-78.0903
Sedley,VA,36.7753,-76.9862
Sharpsburg,MD,39.4577,-77.7496
Glenville,MN,43.5734,-93.2809
Our Town,AL,32.8304,-85.9687
Clarkston,UT,41.9205,-112.0503
Seven Valleys,PA,39.8545,-76.7667
Ursa,IL,40.0742,-91.3723
Courtdale,PA,41.2849,-75.9143
Summit,SC,33.9246,-81.4226
Valier,IL,38.0176,-89.0438
Wall,SD,43.9914,-102.2422
Dividing Creek,NJ,39.2709,-75.1007
Brazos Country,TX,29.7541,-96.0416
Coolville,OH,39.2191,-81.7989
Tallula,IL,39.9457,-89.9365
Perdido Beach,AL,30.3554,-87.5036
Napakiak,AK,60.6923,-161.9822
Arcadia,MO,37.5864,-90.6292
Pine Ridge,SC,34.3927,-80.1679
Salisbury,PA,39.7535,-79.0844
Kuttawa,KY,37.0593,-88.115
Cuartelez,NM,35.9929,-106.0196
Bedford Park,IL,41.7669,-87.7915
New London,NC,35.4348,-80.2198
Green Ridge,MO,38.6211,-93.4101
Titusville,NJ,40.3087,-74.8767
Sunfish Lake,MN,44.8722,-93.0943
Deming,WA,48.8312,-122.239
Paul Smiths,NY,44.4341,-74.2533
La Jara,CO,37.2735,-105.9597
Orleans,IA,43.4512,-95.099
War,WV,37.304,-81.6802
Hatley,WI,44.8866,-89.3371
Lake Buckhorn,OH,40.4744,-81.9082
Kelso,MO,37.1922,-89.5505
Clayton,OK,34.5856,-95.3561
Motley,MN,46.3349,-94.6423
Confluence,PA,39.8095,-79.3552
Woodson,IL,39.6273,-90.2257
Cheneyville,LA,31.011,-92.29
Whitsett,NC,36.0784,-79.5721
Soldiers Grove,WI,43.3922,-90.7735
Fremont,WI,44.2602,-88.8715
Laddonia,MO,39.243,-91.6431
Viola,WI,43.507,-90.6735
Berlin,AL,34.1862,-86.7473
Grindstone,PA,40.0219,-79.8231
Brownstown,IL,38.9942,-88.9554
St. Elizabeth,MO,38.256,-92.2665
Guy,AR,35.3273,-92.3367
Clio,SC,34.5791,-79.5461
Edgar,NE,40.3683,-97.971
Raymondville,MO,37.3398,-91.8364
Seven Mile,OH,39.4858,-84.5523
Crescent,IA,41.3653,-95.859
Heron Lake,MN,43.7981,-95.3197
Pollock,LA,31.4985,-92.4432
Encinal,NM,35.1112,-107.4651
Spring Gardens,TX,27.7615,-97.7419
Everson,PA,40.0907,-79.5871
Rouzerville,PA,39.7341,-77.528
Rollingstone,MN,44.0993,-91.8187
Lanare,CA,36.4377,-119.9322
Sky Valley,GA,34.9841,-83.3314
Washington Grove,MD,39.1407,-77.1746
Bayfield,WI,46.8142,-90.8228
Bancroft,NE,42.0104,-96.5733
Bairoa La Veinticinco,PR,18.2636,-66.0213
Campanillas,PR,18.4387,-66.2159
Pleasant View,IN,39.6634,-85.9416
Newell,PA,40.0749,-79.8903
Pleasant Valley,OR,45.3761,-123.7952
Park Ridge,WI,44.52,-89.5463
Big Sandy,TN,36.2327,-88.085
Mountain Pine,AR,34.5693,-93.1726
Mulga,AL,33.5521,-86.973
Pettus,TX,28.6156,-97.8121
Refton,PA,39.9474,-76.2386
Murray Hill,KY,38.2905,-85.5872
Point Place,LA,31.6882,-93.0245
Halstad,MN,47.351,-96.8258
Wiley Ford,WV,39.6151,-78.7615
Martensdale,IA,41.3737,-93.7388
Rose City,MI,44.4209,-84.116
Henry,TN,36.2011,-88.4114
Canute,OK,35.4219,-99.2781
Dante,VA,36.9792,-82.296
Marble,MN,47.328,-93.294
Beech Bottom,WV,40.2181,-80.6588
Upper Witter Gulch,CO,39.661,-105.4268
Lytle Creek,CA,34.2499,-117.5044
Saluda,VA,37.6053,-76.5938
Hopkins Park,IL,41.069,-87.606
Artemus,KY,36.8351,-83.8413
Holiday Pocono,PA,41.0292,-75.6092
Wausa,NE,42.4978,-97.5393
Arroyo Colorado Estates,TX,26.1864,-97.6114
Winfield,TX,33.1656,-95.1104
Wainscott,NY,40.9592,-72.2508
Newville,AL,31.4206,-85.3367
South Range,MI,47.0703,-88.644
Quantico,VA,38.5224,-77.2902
Lowry City,MO,38.1401,-93.7275
Tumalo,OR,44.1561,-121.328
Mountain Mesa,CA,35.6411,-118.4047
Moravia,IA,40.8918,-92.8187
El Rancho Vela,TX,26.4038,-98.7691
Wagon Mound,NM,36.0048,-104.7091
Suttons Bay,MI,44.98,-85.6506
Pownal,VT,42.7653,-73.2355
St. Edward,NE,41.5716,-97.8612
Roper,NC,35.8786,-76.617
Garfield,WA,47.0103,-117.1395
Everly,IA,43.1619,-95.3195
Drakesboro,KY,37.2177,-87.0492
Hopkinton,IA,42.3428,-91.249
Weston,ID,42.0369,-111.9783
Juliaetta,ID,46.574,-116.7096
Yarnell,AZ,34.2282,-112.7631
Sunset,TX,33.448,-97.7663
Graceville,MN,45.5686,-96.4372
Bluffs,IL,39.7494,-90.5352
Trufant,MI,43.3172,-85.3528
Stockport,OH,39.5489,-81.7944
Velma,OK,34.4546,-97.662
St. Bernice,IN,39.712,-87.52
Addison,MI,41.9862,-84.3491
Lawndale,NC,35.4142,-81.563
Ladonia,TX,33.4283,-95.9482
Alda,NE,40.8666,-98.468
Colesburg,IA,42.6388,-91.2011
Macksville,KS,37.9572,-98.9689
Laurelville,OH,39.472,-82.7374
Zearing,IA,42.1589,-93.2972
Gwynn,VA,37.4984,-76.2883
Fairmont,NE,40.6343,-97.5991
Mineral City,OH,40.6018,-81.361
Bow,WA,48.5613,-122.4077
Mesquite,NM,32.167,-106.6885
Cement City,MI,42.0682,-84.3282
Trout Valley,IL,42.1978,-88.2538
Gargatha,VA,37.7905,-75.582
Woodland Mills,TN,36.4766,-89.1104
Saginaw,PA,40.0651,-76.6727
Alma Center,WI,44.437,-90.9128
Cove City,NC,35.189,-77.3206
East Rochester,PA,40.698,-80.2689
Fort Yukon,AK,66.5806,-145.2415
Shelbyville,MO,39.8072,-92.0404
Lewis,IN,39.26,-87.2575
Bucksport,SC,33.6706,-79.1102
Pembina,ND,48.9669,-97.2475
Chaplin,KY,37.8996,-85.2196
Stotonic Village,AZ,33.1528,-111.8167
Kingfield,ME,44.9582,-70.1592
Ohio,IL,41.556,-89.4599
Brooten,MN,45.5001,-95.1157
Martinsburg,MO,39.101,-91.6472
San Luis,CO,37.2025,-105.4225
Red Oak,OK,34.9515,-95.0791
Plum City,WI,44.6338,-92.1918
Max Meadows,VA,36.9798,-80.9678
Bergman,AR,36.3128,-93.0115
Hayesville,OH,40.7752,-82.2596
Lemont Furnace,PA,39.9103,-79.6628
Juniata Terrace,PA,40.5855,-77.5782
Otis,CO,40.1501,-102.9622
West Nanticoke,PA,41.2203,-76.0095
Kirby,AR,34.254,-93.6549
Wilton,ND,47.1581,-100.7842
Port Vincent,LA,30.3385,-90.8424
Ellsinore,MO,36.9328,-90.7477
Ty Ty,GA,31.472,-83.6509
Gas,KS,37.923,-95.3454
Walnut Creek,AZ,35.1312,-114.1267
Mount Aetna,MD,39.5989,-77.6127
Green Spring,KY,38.3163,-85.6137
New Germany,MN,44.8861,-93.973
Manzanita,OR,45.7165,-123.9352
Como,IL,41.7662,-89.7657
Garcon Point,FL,30.4758,-87.09
Nicut,OK,35.5986,-94.5626
Hawley,TX,32.6037,-99.8111
Happy Camp,CA,41.8104,-123.3892
Volcano,HI,19.4864,-155.2774
St. Helena,NC,34.5166,-77.9174
Star Prairie,WI,45.1975,-92.5321
Bird City,KS,39.7495,-101.5328
Doolittle,MO,37.9425,-91.8913
Darbydale,OH,39.8545,-83.1795
Shippenville,PA,41.251,-79.4626
Como,TX,33.0601,-95.4757
Starbrick,PA,41.8419,-79.2133
Tekonsha,MI,42.0964,-84.9903
Petersburg,TN,35.3173,-86.6407
Huntington,VT,44.3274,-72.9892
St. Francisville,IL,38.5918,-87.6474
Harts,WV,38.0343,-82.129
Ansonville,NC,35.1041,-80.1097
Altheimer,AR,34.3241,-91.8481
Culbertson,MT,48.1447,-104.5183
Killington Village,VT,43.6505,-72.7851
Damiansville,IL,38.5088,-89.6151
Fair Play,SC,34.5077,-82.9862
Fort Towson,OK,34.0243,-95.2973
Ash Fork,AZ,35.2171,-112.4913
Parker's Crossroads,TN,35.7894,-88.3905
Grand River,OH,41.7418,-81.2846
Crawfordville,GA,33.5545,-82.8966
Monaville,WV,37.8136,-81.9915
Bull Creek,MO,36.7151,-93.202
Littlefork,MN,48.3964,-93.5578
Gays Mills,WI,43.322,-90.8489
Moulton,IA,40.6856,-92.6763
Wakefield,PA,39.7766,-76.1804
Morrisville,MO,37.4766,-93.4293
Quonochontaug,RI,41.3447,-71.7059
Chadwick,IL,42.0142,-89.8885
Chattaroy,WV,37.7062,-82.2737
North Towanda,PA,41.7884,-76.454
Simla,CO,39.1408,-104.0824
Ridgeville,IN,40.292,-85.0285
Whittemore,IA,43.0635,-94.4253
Verdigre,NE,42.5974,-98.0353
Modoc,SC,33.7192,-82.2174
Walnut Grove,TN,36.489,-86.6057
Dongola,IL,37.3599,-89.1654
Lyndon,IL,41.7174,-89.924
Forestville,WI,44.6908,-87.4787
Risingsun,OH,41.2671,-83.4268
Lake City,TX,28.0821,-97.8828
Kirtland,NM,36.7502,-108.3588
College City,CA,39.0061,-122.0051
Merrimac,WI,43.3741,-89.6272
Kingman,IN,39.9664,-87.2782
Mountain View,OK,35.0995,-98.7497
Darby,MT,46.0231,-114.1787
Lewis Run,PA,41.87,-78.6588
Loysville,PA,40.3656,-77.3444
Port Washington,OH,40.3267,-81.5191
Iron Horse,CA,39.7805,-120.4824
Morley,MO,37.0433,-89.6122
Pabellones,PR,18.4412,-66.2156
Dulac,LA,29.3864,-90.7081
Greenville,WV,37.7227,-81.8745
Inglewood,NE,41.416,-96.5025
Newton Grove,NC,35.2522,-78.3552
Alba,TX,32.7906,-95.6343
Madison,AR,35.0193,-90.7317
Onyx,CA,35.6839,-118.2102
Zephyr Cove,NV,39.0082,-119.9307
Argonia,KS,37.2679,-97.7629
Zanesville,IN,40.9155,-85.2806
Scio,OH,40.399,-81.0882
Waterproof,LA,31.8073,-91.3861
Millville,OH,39.3925,-84.6528
Appleby,TX,31.717,-94.6078
Lyons Switch,OK,35.7744,-94.7053
Penney Farms,FL,29.9807,-81.8108
Alex,OK,34.9228,-97.7763
Bronson,KS,37.8958,-95.0732
Miami,IN,40.6142,-86.1064
Betsy Layne,KY,37.5541,-82.6263
Parkers Settlement,IN,38.044,-87.7147
Shenandoah Retreat,VA,39.1373,-77.8637
Lake Park,MN,46.8839,-96.0989
North Light Plant,NM,36.867,-108.033
Hendricks,MN,44.5084,-96.427
Little Hocking,OH,39.2608,-81.702
Benoit,MS,33.6517,-91.0087
Oldtown,ID,48.1841,-117.0204
Dellwood,WI,43.9545,-89.9341
Earlsboro,OK,35.3282,-96.8016
Elephant Head,AZ,31.7659,-110.9921
Pinedale,NM,35.6078,-108.4225
Freeman,MO,38.6215,-94.5057
Kensington,KS,39.7667,-99.0329
Garden City,AL,34.015,-86.7493
Cameron,WV,39.8279,-80.5692
Nickerson,NE,41.5349,-96.4707
Dayton,PA,40.8812,-79.2411
West Chazy,NY,44.8178,-73.5116
West Alexander,PA,40.107,-80.5092
Bancroft,MI,42.8766,-84.0658
Helena,SC,34.2807,-81.6445
Gresham,WI,44.8478,-88.7856
Porter,OK,35.8684,-95.5159
Ravenwood,MO,40.3523,-94.6723
Midway,NM,33.2958,-104.4518
Haena,HI,22.2186,-159.561
Aniak,AK,61.5817,-159.5451
Two Rivers,AK,64.8908,-147.0897
New Tripoli,PA,40.6773,-75.7498
Beaver,OH,39.0319,-82.8252
Martin,MI,42.537,-85.6389
Lynd,MN,44.3974,-95.8811
Townsend,TN,35.6763,-83.7529
Jeromesville,OH,40.8039,-82.1963
Stewart,MN,44.7236,-94.4869
Mermentau,LA,30.1874,-92.584
Ashford,WA,46.7551,-122.0143
Central City,AR,35.33,-94.2347
Sutherland,IA,42.9729,-95.4952
Coatesville,IN,39.6881,-86.6698
Hytop,AL,34.8965,-86.088
Silver Springs,NY,42.6605,-78.0855
Cathlamet,WA,46.2056,-123.3835
McKenney,VA,36.9853,-77.7219
Candlewood Isle,CT,41.4777,-73.4523
Meadville,MS,31.472,-90.8931
Strabane,PA,40.2509,-80.1978
Bolton,OH,40.9431,-81.1253
Crooked Creek,GA,33.2616,-83.2679
Bluford,IL,38.3257,-88.735
Woodland,NC,36.3306,-77.2149
Hurtsboro,AL,32.2401,-85.4147
Warm Springs,GA,32.887,-84.6781
Grayson,LA,32.0492,-92.1116
Merrillan,WI,44.4488,-90.834
Oak Level,VA,36.7944,-79.9391
Hydetown,PA,41.6516,-79.7241
Argusville,ND,47.0501,-96.9431
Pomeroy,IA,42.5519,-94.6779
Rudd,IA,43.1262,-92.9047
Altamahaw,NC,36.1868,-79.5051
Indianola,CA,40.8133,-124.0808
Kanopolis,KS,38.7081,-98.1581
Alberton,MT,47.0037,-114.4817
Hillsboro Pines,FL,26.3253,-80.1947
Altha,FL,30.5721,-85.1263
McLaughlin,SD,45.8132,-100.8108
Low Mountain,AZ,35.9481,-110.0981
Mather,PA,39.9357,-80.0752
Deer Creek,IL,40.6293,-89.3313
Walnut Grove,MO,37.4113,-93.548
Bristol,TX,32.455,-96.5672
St. Rose,IL,38.6826,-89.5536
Richland,IA,41.1855,-91.9936
Lake Bungee,CT,41.9542,-72.0652
West Point,AL,34.2394,-86.963
Letha,ID,43.8934,-116.6452
Eastover,SC,33.8779,-80.6949
Mountain Lake,NJ,40.8614,-74.9858
Elfin Forest,CA,33.0812,-117.1775
Stagecoach,TX,30.1438,-95.7079
Hilltop,TX,28.6938,-99.1761
Springfield,LA,30.4255,-90.5444
Galena,AK,64.7381,-156.8635
Oretta,LA,30.5289,-93.4391
Scotia,CA,40.4774,-124.1032
Norwood,CO,38.129,-108.2919
Jane Lew,WV,39.11,-80.4085
High Shoals,NC,35.3957,-81.2048
Wade,NC,35.1635,-78.737
Smithville,MS,34.068,-88.3983
Junction City,AR,33.022,-92.7236
Custer City,OK,35.6638,-98.8869
West Wildwood,NJ,39.0006,-74.8233
Beverly Beach,FL,29.5166,-81.1476
Rushsylvania,OH,40.4613,-83.6711
Goodyear Village,AZ,33.1973,-111.8724
Silkworth,PA,41.2699,-76.0748
Leary,TX,33.469,-94.219
Vanderbilt,TX,28.8208,-96.6097
Coloma,WI,44.0387,-89.5311
Paragon,IN,39.395,-86.5628
Brasher Falls,NY,44.8096,-74.7789
Three Bridges,NJ,40.5205,-74.8002
Rodriguez Hevia,PR,18.202,-66.1824
El Nido,CA,37.1324,-120.4985
Hammondsport,NY,42.4082,-77.2234
Canovanillas,PR,18.3345,-65.9039
West College Corner,IN,39.5694,-84.819
Gilbert,SC,33.9245,-81.3928
Vera,OK,36.4552,-95.9042
Napaskiak,AK,60.7018,-161.7616
Tripp,SD,43.2254,-97.9659
Boggstown,IN,39.5631,-85.9164
Irwinton,GA,32.8107,-83.1737
Sandy Hollow-Escondidas,TX,27.9452,-97.8061
Blaine Hill,PA,40.2737,-79.875
Fonda,NY,42.9536,-74.372
Madera,PA,40.8284,-78.435
Potwin,KS,37.9385,-97.0184
Tamaroa,IL,38.1364,-89.2293
Wampsville,NY,43.0772,-75.7097
Conetoe,NC,35.8176,-77.4571
St. Leonard,MD,38.4658,-76.4972
Ashland,MS,34.8341,-89.1778
Port Republic,VA,38.2894,-78.8134
San Geronimo,CA,38.0067,-122.6633
Marcola,OR,44.1751,-122.8582
Corder,MO,39.0992,-93.639
Romney,IN,40.2538,-86.8995
Washburn,MO,36.5887,-93.9655
Bridgeton,NC,35.1348,-77.016
Holden,WV,37.8238,-82.0788
Verona,OH,39.9019,-84.4958
Weedville,PA,41.2764,-78.4903
Argyle,IL,42.3548,-88.9392
Little Rock,SC,34.4691,-79.39
Rankin,IL,40.4645,-87.8959
Trafford,AL,33.8187,-86.7465
Carlock,IL,40.5835,-89.1288
Cowen,WV,38.411,-80.5542
Cobbtown,GA,32.2806,-82.1387
Green City,MO,40.2639,-92.9563
Garden Prairie,IL,42.2534,-88.7178
Proctorville,OH,38.4375,-82.3818
Stanton,ND,47.3187,-101.3822
Grand Junction,TN,35.05,-89.1889
San Jose,AZ,32.8169,-109.5957
Red Level,AL,31.4055,-86.6084
Waubeka,WI,43.4708,-87.9926
Stewart,OH,39.308,-81.8974
Bethel,MN,45.4022,-93.2711
Brownville Junction,ME,45.3488,-69.0555
Evant,TX,31.4761,-98.1501
Greenwood,IL,42.3954,-88.3836
Pinewood,SC,33.7396,-80.462
Kress,TX,34.3658,-101.7484
Glorieta,NM,35.584,-105.7629
Hickory Grove,SC,34.9785,-81.418
Babbie,AL,31.3022,-86.3229
Au Sable Forks,NY,44.4507,-73.6738
South Wilmington,IL,41.1745,-88.2795
Skokomish,WA,47.3298,-123.1573
Seymour,IA,40.6821,-93.1211
Pilot Station,AK,61.9422,-162.8828
Richfield,ID,43.0521,-114.1556
Piney Grove,GA,32.6218,-85.0368
Cumming,IA,41.4876,-93.7595
Trimble,TN,36.202,-89.1879
Lake Seneca,OH,41.6695,-84.6516
Hot Springs,MT,47.6091,-114.6705
Redbird Smith,OK,35.5635,-95.0252
Anmoore,WV,39.2611,-80.2862
Bay Port,MI,43.8375,-83.374
Roscoe,NY,41.9399,-74.9123
Strathmoor Village,KY,38.2208,-85.6778
Lynnville,IA,41.5729,-92.7869
Ironton,MN,46.4817,-93.9978
Dix,IL,38.443,-88.9423
Kurten,TX,30.7895,-96.2758
Chinook,WA,46.2755,-123.9425
Lee Vining,CA,37.9546,-119.1221
Lyford,IN,39.65,-87.3709
Ava,IL,37.8886,-89.4965
Gibbsville,WI,43.6521,-87.8318
Interlaken,NY,42.6189,-76.7251
South Heart,ND,46.8691,-102.9927
Idaho City,ID,43.8281,-115.8307
Holly,CO,38.0554,-102.1247
Gordonville,PA,40.0211,-76.1366
Hecker,IL,38.3054,-89.9934
Lake Mystic,FL,30.3906,-84.9857
Wheeler,MS,34.5836,-88.6025
Ephesus,GA,33.4069,-85.2568
Calpella,CA,39.2323,-123.197
Dawson,IL,39.853,-89.4619
Fleming-Neon,KY,37.1953,-82.7048
Fredericktown,PA,40.0019,-80.0092
Rowe,NM,35.4922,-105.6715
Wilkeson,WA,47.1033,-122.0494
Westwood,IN,39.9192,-85.4169
Milano,TX,30.7083,-96.8593
Thompsontown,PA,40.5658,-77.2361
Pleasanton,NE,40.9698,-99.0876
Grantsville,WV,38.9204,-81.0933
Jacksons' Gap,AL,32.8831,-85.8151
Saguache,CO,38.0865,-106.141
Grayhawk,MO,37.931,-90.239
Franklin,IL,39.6205,-90.0477
Bell City,MO,37.0237,-89.8196
Claremont,MN,44.0449,-92.9976
Garwin,IA,42.0935,-92.6791
Grand Mound,IA,41.8237,-90.6507
Amboy,MN,43.888,-94.1584
Bainbridge,IN,39.7615,-86.8112
Howard,KS,37.4695,-96.2631
Wyndmere,ND,46.2641,-97.1312
Caspian,MI,46.0653,-88.6266
Valparaiso,NE,41.0798,-96.833
Orchid,FL,27.7733,-80.4181
Riverlea,OH,40.0804,-83.025
Pretty Prairie,KS,37.78,-98.0224
Wellington,MO,39.1383,-93.9861
Stuart,NE,42.6008,-99.1405
Decatur,NE,42.0058,-96.2497
Rocky Mountain,OK,35.796,-94.7718
Parma,MO,36.6117,-89.8189
Pinedale,AZ,34.3207,-110.2599
Alapaha,GA,31.3832,-83.2237
Savageville,VA,37.6825,-75.7592
Sugar City,CO,38.2328,-103.6633
Chandlerville,IL,40.047,-90.1512
Port Matilda,PA,40.8002,-78.0524
Newport,NJ,39.2937,-75.1707
Russell,IA,40.9802,-93.2006
Plantersville,TX,30.3321,-95.8629
Kingsland,AR,33.8659,-92.2911
Grand Tower,IL,37.6343,-89.5013
Billings,OK,36.5316,-97.4352
North Troy,VT,44.9963,-72.4038
South Seaville,NJ,39.1825,-74.7575
Bonanza,OR,42.2003,-121.4066
Big Thicket Lake Estates,TX,30.4874,-94.7679
Kirkersville,OH,39.95,-82.5985
Makanda,IL,37.621,-89.2357
New Auburn,WI,45.1988,-91.5666
North Rose,NY,43.1872,-76.8863
Olney Springs,CO,38.1663,-103.9445
Kanosh,UT,38.8014,-112.4374
Rhine,GA,31.9891,-83.2
La Paz Valley,AZ,33.5582,-114.2434
Kenvir,KY,36.8532,-83.1539
Woodruff,WI,45.8946,-89.6912
McDowell,KY,37.459,-82.734
Dodge City,AL,34.0445,-86.8853
Denver,IN,40.8647,-86.0772
Brownsboro Farm,KY,38.304,-85.5946
Hewlett Neck,NY,40.6246,-73.6981
Herreid,SD,45.8378,-100.0748
Lattimore,NC,35.3153,-81.6602
Bowersville,GA,34.373,-83.0838
Porcupine,SD,43.2687,-102.3353
Empire,CO,39.7595,-105.6825
Dillwyn,VA,37.5411,-78.4613
Vaughn,NM,34.6072,-105.2126
Portland,ND,47.4995,-97.3693
Cheriton,VA,37.2919,-75.9678
Deep Run,NC,35.1415,-77.7162
Potters Hill,NC,34.9645,-77.6983
Golf,IL,42.0586,-87.785
Richland,IN,37.9462,-87.169
Lewisberry,PA,40.1356,-76.861
La Mesa,NM,32.1244,-106.709
St. David,IL,40.492,-90.0519
Millry,AL,31.6256,-88.319
Rolling Hills,WY,42.9035,-105.8434
Laona,WI,45.5597,-88.6697
Jacksonville,PA,40.5615,-79.2997
Burden,KS,37.3151,-96.7554
Hartford Village,VT,43.6638,-72.3364
Creston,IL,41.9335,-88.9742
Greens Landing,PA,41.9312,-76.5403
Cygnet,OH,41.2407,-83.6437
Emerson,IA,41.018,-95.4026
Cowden,IL,39.2493,-88.8593
Laurys Station,PA,40.7232,-75.5366
Fithian,IL,40.1143,-87.875
Joseph,UT,38.6249,-112.2198
Pine Ridge,AL,34.4487,-85.7806
Kewanna,IN,41.0194,-86.4125
Detroit,TX,33.6601,-95.2665
Conneaut Lake,PA,41.6027,-80.3093
Pleasant Hill,TN,35.9767,-85.1996
Bethel,ME,44.4038,-70.7863
Garden City,UT,41.9371,-111.4121
Seabrook,MA,41.5831,-70.4992
Brushton,NY,44.8308,-74.5117
West Pocomoke,MD,38.0956,-75.5842
Parkerfield,KS,37.0679,-96.9957
Rolla,KS,37.1179,-101.6318
Pleasant City,OH,39.9033,-81.5438
Robin Glen-Indiantown,MI,43.4618,-83.8408
Dearborn,MO,39.5252,-94.7738
Worden,MT,45.9623,-108.1623
Bethel Village,IN,39.152,-85.9247
Dryden,VA,36.7764,-82.9433
Foot of Ten,PA,40.4181,-78.4615
Jerry City,OH,41.2537,-83.6023
Reno Beach,OH,41.6607,-83.2659
Dows,IA,42.6592,-93.5012
Balaton,MN,44.2331,-95.8707
Argyle,GA,31.0732,-82.6489
New Market,IN,39.9527,-86.9214
Arnett,OK,36.1345,-99.7727
Allison Gap,VA,36.8998,-81.7869
Pope,MS,34.2158,-89.9447
Patoka,IL,38.754,-89.0958
Hamburg,MN,44.7327,-93.9644
Kiester,MN,43.5365,-93.7111
North Carrollton,MS,33.5187,-89.9193
Mad River,CA,40.4325,-123.492
Circle,MT,47.4177,-105.587
Clarksburg,OH,39.5059,-83.1542
Shiloh,OH,40.9695,-82.6016
Hill City,MN,46.9831,-93.5959
Sabula,IA,42.0666,-90.1765
Shoal Creek Drive,MO,37.037,-94.5228
Round Rock,AZ,36.5044,-109.4616
Gurley,AL,34.7072,-86.3768
White Earth,MN,47.0978,-95.8445
Turner,ME,44.2581,-70.258
Sandy Hook,KY,38.0929,-83.124
New Cuyama,CA,34.943,-119.6819
Lake Almanor Country Club,CA,40.2578,-121.147
Polkville,NC,35.4163,-81.644
Cragsmoor,NY,41.6655,-74.3912
Plum Valley,IL,41.4611,-87.5442
Goessel,KS,38.2473,-97.3454
Mulliken,MI,42.763,-84.8963
Caneyville,KY,37.4241,-86.4906
Montcalm,WV,37.3516,-81.2513
Lone Oak,TX,32.9961,-95.9406
Gallaway,TN,35.3272,-89.608
Ranier,MN,48.6065,-93.353
Taconite,MN,47.3315,-93.3758
La Paloma-Lost Creek,TX,27.7195,-97.7392
Atlantic,NC,34.8823,-76.344
McDonald,TN,35.1088,-84.9853
Medicine Lake,MN,44.9999,-93.4199
Shorehaven,NY,41.5555,-73.6631
Cullom,IL,40.8784,-88.2699
Fillmore,NY,42.4658,-78.1105
Rosedale,IN,39.6225,-87.2817
Odessa,NY,42.335,-76.7881
Klemme,IA,43.0097,-93.6013
Hot Springs,VA,38.0013,-79.8239
Fisk,MO,36.7826,-90.2077
Troy,IN,38.0018,-86.7991
Melbourne,KY,39.0319,-84.3707
Standing Pine,MS,32.6749,-89.4529
Linden,WI,42.9184,-90.2742
Red Jacket,WV,37.6488,-82.1316
Riegelwood,NC,34.3444,-78.2198
Jacksonville,NY,42.5088,-76.6167
Whigham,GA,30.8845,-84.3247
Grassflat,PA,41.0031,-78.1112
Mercer,WI,46.1635,-90.0528
Lake Preston,SD,44.3617,-97.376
Equality,IL,37.7371,-88.3422
Crucible,PA,39.9479,-79.9657
Woodson,TX,33.0149,-99.0534
Pesotum,IL,39.913,-88.2744
Mellen,WI,46.324,-90.6605
Marianna,PA,40.0128,-80.1121
Godley,IL,41.2385,-88.2452
Crown City,OH,38.5901,-82.2912
La Vina,CA,36.8798,-120.1149
Sierra Brooks,CA,39.6426,-120.2155
Gettysburg,OH,40.1156,-84.4964
Cadwell,GA,32.3396,-83.042
Bland,MO,38.3004,-91.6331
Blanchard,PA,41.067,-77.606
The University of Virginia's College at Wise,VA,36.9734,-82.5573
Deweyville,TX,30.3032,-93.759
Eldred,PA,41.9563,-78.3817
Hopewell,IL,40.9842,-89.4572
Ballico,CA,37.4519,-120.7037
New Underwood,SD,44.0987,-102.8405
Interlochen,MI,44.6497,-85.7678
Winchester,OK,35.7906,-95.9981
Tropic,UT,37.6294,-112.0913
Bend,CA,40.2561,-122.2095
West Logan,OH,39.538,-82.4286
Davenport,CA,37.0176,-122.1881
Sutersville,PA,40.2361,-79.8017
Nezperce,ID,46.2341,-116.2405
Florence,KS,38.2428,-96.9289
Boyd,WI,44.9533,-91.0398
Haysi,VA,37.2151,-82.2931
Mulford,CO,39.4063,-107.1661
Underhill Flats,VT,44.5232,-72.9463
Rest Haven,IL,41.2577,-88.1311
Melrose,NM,34.4289,-103.6296
Cincinnati,AR,36.0405,-94.5185
Sheldon,SC,32.5985,-80.7961
Clarkedale,AR,35.2971,-90.2103
Gibson,TN,35.8743,-88.8437
Belleville,IN,39.6773,-86.4883
Llewellyn Park,NJ,40.7895,-74.2415
Adrian,GA,32.5306,-82.592
Hamler,OH,41.2281,-84.0355
Lena,WI,44.953,-88.0476
Bonneau,SC,33.3081,-79.9573
Pennington,AL,32.201,-88.0378
Butterfield,MO,36.7468,-93.9043
Noxapater,MS,32.9936,-89.0636
Pleasant Plains,NJ,40.4523,-74.5696
Carolina Meadows,NC,35.8597,-79.0179
Polk,OH,40.9449,-82.2147
Etna Green,IN,41.2756,-86.0459
Vallecito,CA,38.0836,-120.4652
Lyerly,GA,34.4035,-85.4041
Wilton,WI,43.8132,-90.5268
Wiscon,FL,28.5409,-82.4664
Wright City,OK,34.0649,-95.0074
Hale,MO,39.6051,-93.3433
Elwood,NE,40.5897,-99.8616
Twin Lakes,IA,42.477,-94.6357
Eldorado,PA,40.4812,-78.4392
Felton,PA,39.857,-76.5611
Candlewood Shores,CT,41.4811,-73.4379
Roberts,ID,43.7208,-112.1284
Thornton,IA,42.9442,-93.387
Richmond,OH,40.4327,-80.7718
Cuyahoga Heights,OH,41.435,-81.6562
Irondale,MO,37.8356,-90.6718
Trenton,UT,41.9116,-111.9356
Warsaw,OH,40.336,-82.0019
Huntley,MT,45.8995,-108.3054
Truro,IA,41.2098,-93.8467
River Falls,AL,31.3525,-86.5412
Pueblitos,NM,34.6109,-106.7818
Unionville,VA,38.2599,-77.9683
Oak Run,CA,40.6902,-122.0285
Redland,TX,31.4033,-94.7182
Lake Milton,OH,41.096,-80.9812
Lake McMurray,WA,48.3178,-122.232
Smiley,TX,29.2713,-97.6376
Sheatown,PA,41.1938,-76.0188
Buffalo,KY,37.5081,-85.6992
Hartman,AR,35.4353,-93.6235
Maceo,KY,37.8624,-86.9914
Goose Creek Lake,MO,37.9828,-90.3408
Ullin,IL,37.2776,-89.1752
White Oak,MS,34.6438,-90.3495
Lake Village,IN,41.1308,-87.439
Tivoli,TX,28.4608,-96.8915
Wellsboro,IN,41.4973,-86.7653
Breckenridge,MO,39.7614,-93.8046
De Kalb,MO,39.5883,-94.9236
Tamms,IL,37.2416,-89.2713
Waite Hill,OH,41.6125,-81.3859
Holly Grove,AR,34.6003,-91.1962
Timbercreek Canyon,TX,35.0539,-101.8186
Staley,NC,35.7979,-79.5518
Laketon,IN,40.9805,-85.8395
Tall Timbers,MD,38.1653,-76.5366
Altona,CO,40.1254,-105.2924
Graeagle,CA,39.7572,-120.6486
Petersburg,KY,39.0531,-84.8573
Rangeley,ME,44.9643,-70.6467
Lower Berkshire Valley,NJ,40.9132,-74.6104
Asbury,MO,37.2729,-94.6052
Farmington,IA,40.6389,-91.7392
Lane,SC,33.5251,-79.8797
Coleridge,NE,42.5065,-97.2029
Mount Crawford,VA,38.3601,-78.9413
Lakewood,IN,39.3955,-87.3001
Eutawville,SC,33.3978,-80.343
Brownton,MN,44.7326,-94.3508
Enola,AR,35.1959,-92.2066
Republic,MI,46.3956,-87.9819
Chefornak,AK,60.155,-164.255
North Granville,NY,43.4515,-73.3581
La Crosse,VA,36.7014,-78.0943
Ailey,GA,32.1882,-82.5698
Seventh Mountain,OR,44.005,-121.3825
St. Joseph,WI,43.7855,-91.0436
Minnesott Beach,NC,34.9858,-76.8239
Attica,KS,37.2426,-98.2276
Cosmos,MN,44.9354,-94.6949
Richmond,LA,32.3884,-91.1804
Hartford City,WV,38.9978,-81.9905
Keezletown,VA,38.4115,-78.8004
Epps,LA,32.6038,-91.4814
Cecil,WI,44.8108,-88.4485
Nuiqsut,AK,70.2135,-150.9897
Chestertown,NY,43.6461,-73.7945
Wyoming,IA,42.0595,-91.0052
River Bluff,KY,38.372,-85.604
Toledo,WA,46.4415,-122.8497
East Pecos,NM,35.5765,-105.65
Pinesburg,MD,39.6269,-77.856
West Milford,WV,39.2045,-80.4034
Fruithurst,AL,33.7295,-85.4313
Platte Woods,MO,39.2289,-94.6521
Lafayette,VA,37.233,-80.2051
Elmwood Park,WI,42.6917,-87.8223
North Santee,SC,33.5368,-80.4182
Port Deposit,MD,39.6111,-76.098
Seven Mile Ford,VA,36.8139,-81.6309
Paukaa,HI,19.7625,-155.0931
Waverly,KS,38.3962,-95.6048
Teachey,NC,34.7705,-78.0066
Moorland,KY,38.2728,-85.58
Courtland,CA,38.3329,-121.557
New Haven,IL,37.9024,-88.1279
Jefferson,PA,39.8156,-76.841
Wilson,TX,33.3192,-101.7274
Crawfordsville,OR,44.3561,-122.8649
Summerhill,PA,40.3764,-78.7617
O'Brien,OR,42.0702,-123.7077
Morven,GA,30.9434,-83.5003
Bigelow,AR,34.9975,-92.6315
Nenana,AK,64.5384,-149.0856
Sundance,NM,35.5105,-108.6397
Mantee,MS,33.7226,-89.0597
Mapleton,OR,44.0325,-123.8609
Emlyn,KY,36.7023,-84.1418
West Jefferson,AL,33.6526,-87.0562
Texline,TX,36.3765,-103.0189
Hermanville,MS,31.957,-90.8405
Burlington,IN,40.4819,-86.3946
Las Gaviotas,PR,18.4368,-66.1907
Ruth,NC,35.3824,-81.9448
Linden,IN,40.189,-86.9023
Michie,TN,35.0604,-88.4257
Sturgeon Lake,MN,46.3863,-92.8242
Bland,VA,37.1,-81.1161
West Valley,NY,42.4037,-78.6115
Cane Beds,AZ,36.9342,-112.9118
Ridgeway,MO,40.3781,-93.9379
Buffalo Springs,TX,33.5327,-101.7077
Peck,MI,43.2588,-82.8167
Riverwood,KY,38.2829,-85.6612
Muir,PA,40.5943,-76.5186
Key Colony Beach,FL,24.7233,-81.0216
Belt,MT,47.3873,-110.9276
Ellsworth,IA,42.3102,-93.5819
Huntington,AR,35.0814,-94.2663
Altamont,PA,40.785,-76.2169
Palmyra,IL,39.4345,-89.9959
Cape Royale,TX,30.6531,-95.1265
Churchtown,PA,40.135,-75.9593
Lucas,OH,40.7042,-82.4222
Annetta North,TX,32.7193,-97.6722
O'Donnell,TX,32.9652,-101.8309
Town of Pines,IN,41.6882,-86.9518
Stephen,MN,48.4524,-96.8763
Ranburne,AL,33.5259,-85.339
K-Bar Ranch,TX,27.9928,-97.9267
Fairview Crossroads,SC,33.7577,-81.3621
Strasburg,ND,46.1337,-100.1613
Lake,MS,32.3359,-89.3158
Lakehead,CA,40.9007,-122.3924
Round Valley,CA,37.407,-118.5817
Wasco,OR,45.5917,-120.6974
Oakland,PA,41.9506,-75.6095
Fairview,OR,45.4583,-123.7927
Pioneer,LA,32.7381,-91.4381
Mowrystown,OH,39.0406,-83.7518
Garner,TX,32.827,-97.9847
Sacred Heart,MN,44.7817,-95.3507
Withee,WI,44.9508,-90.5989
Mark,IL,41.2623,-89.2551
Wrightstown,NJ,40.0258,-74.6318
Coopers Plains,NY,42.1793,-77.1375
Marysvale,UT,38.4384,-112.2544
Butlertown,MD,39.2817,-76.0995
Noonday,TX,32.2441,-95.3972
Stamford,VT,42.7595,-73.0562
Eckhart Mines,MD,39.6552,-78.8941
Fruitland,NM,36.7432,-108.3951
Cookstown,NJ,40.0446,-74.5547
Pittman Center,TN,35.7595,-83.3886
Hawkeye,IA,42.9378,-91.9504
Emery,UT,38.9252,-111.2522
South Boardman,MI,44.64,-85.2864
Gem Lake,MN,45.058,-93.0405
Irene,SD,43.0837,-97.1576
Matewan,WV,37.6251,-82.1696
Warrens,WI,44.1287,-90.5156
Beaver Creek,MD,39.5816,-77.6514
Cosby,TN,35.7952,-83.2457
South La Paloma,TX,27.8947,-97.9685
Kilmichael,MS,33.4403,-89.5665
Millsap,TX,32.7493,-98.0117
Stanwood,IA,41.8927,-91.1486
Harbor Hills,NY,40.788,-73.7492
Glen Elder,KS,39.5001,-98.3066
Winside,NE,42.1773,-97.1751
Keithsburg,IL,41.1004,-90.9353
Collins,GA,32.1794,-82.1103
Van Lear,KY,37.7742,-82.7557
Kaleva,MI,44.3723,-86.0135
Naturita,CO,38.2183,-108.5665
Cantua Creek,CA,36.5001,-120.3163
Big Water,UT,37.0729,-111.6608
Pe Ell,WA,46.5713,-123.2982
Spring Bay,IL,40.8206,-89.5286
Saxtons River,VT,43.139,-72.5102
Galien,MI,41.8015,-86.4995
Hackneyville,AL,33.0567,-85.9312
Altona,IL,41.115,-90.1648
Kennard,IN,39.9054,-85.5222
Cement,OK,34.9363,-98.1362
Chippewa Park,OH,40.516,-83.8875
Van Voorhis,PA,40.1598,-79.9731
Naselle,WA,46.365,-123.8013
Republic,OH,41.125,-83.0167
South Dayton,NY,42.3628,-79.051
Fairfield,ID,43.3489,-114.8006
Plainview,CA,36.1431,-119.1355
Leon,KS,37.6898,-96.7837
Wurtsboro Hills,NY,41.5966,-74.5052
Rockleigh,NJ,41.0026,-73.9327
Mount Carbon,WV,38.1442,-81.289
Royal,IA,43.0644,-95.2836
Chalmers,IN,40.6624,-86.8679
Powellton,WV,38.0941,-81.322
Mora,NM,35.9634,-105.3312
Winburne,PA,40.9662,-78.145
Rices Landing,PA,39.9476,-79.9986
Ashton,IA,43.3087,-95.7924
Arley,AL,34.0885,-87.2075
New Salisbury,IN,38.3139,-86.1
Renningers,PA,40.6497,-76.1485
Mount Charleston,NV,36.2625,-115.6138
Firth,NE,40.536,-96.6046
Hatfield,AR,34.4861,-94.3792
Matthews,IN,40.3874,-85.498
Rosslyn Farms,PA,40.4224,-80.0886
Malverne Park Oaks,NY,40.6816,-73.6645
Schulter,OK,35.5113,-95.9566
Ravia,OK,34.2411,-96.7564
Livingston,WI,42.9001,-90.4337
Rowes Run,PA,40.0089,-79.8176
South Vienna,OH,39.9294,-83.6138
Agency,IA,40.997,-92.3073
Holland,IN,38.2464,-87.0384
Murchison,TX,32.2751,-95.756
Ellerslie,MD,39.7169,-78.7747
Callery,PA,40.7393,-80.0379
Highland Lake,AL,33.8876,-86.4244
Mud Lake,ID,43.8431,-112.4798
Juniata Gap,PA,40.5518,-78.4332
Lakeview,MS,34.9874,-90.1395
Elaine,AR,34.3087,-90.8533
Newdale,ID,43.8864,-111.6038
Sharon,SC,34.952,-81.3435
Stanhope,IA,42.2889,-93.796
Grimes,AL,31.2999,-85.4503
Pangburn,AR,35.4261,-91.8394
Vienna Center,OH,41.2345,-80.6541
Wauneta,NE,40.4164,-101.3766
Parkton,NC,34.9028,-79.0113
Pinehurst,GA,32.1956,-83.7596
Pittsburg,IL,37.7771,-88.8499
Perdido,AL,31.0034,-87.6323
Sherman,MS,34.3611,-88.8387
Cassadaga,NY,42.3427,-79.3181
North Woodstock,NH,44.0364,-71.6968
Gloucester,NC,34.7292,-76.5391
Trapper Creek,AK,62.3189,-150.3965
Hartley,TX,35.8914,-102.3933
Montrose,SD,43.6999,-97.1844
De Valls Bluff,AR,34.7861,-91.4608
Belleville,AR,35.0915,-93.4458
Lahoma,OK,36.3874,-98.0908
Tampico,WA,46.5332,-120.8742
Declo,ID,42.5196,-113.6288
Strasburg,IL,39.3498,-88.6219
New Virginia,IA,41.1818,-93.7311
Gould,AR,33.9872,-91.5641
Fair Bluff,NC,34.3126,-79.0333
Adams,NE,40.4572,-96.5129
Nisqually Indian Community,WA,47.0164,-122.6725
So-Hi,AZ,35.2527,-114.1415
Franklin,MN,44.5305,-94.8841
Cayuga,NY,42.9191,-76.7265
Bradford,AR,35.422,-91.4552
Cross Roads,PA,39.82,-76.5728
Lenzburg,IL,38.286,-89.818
Atlantic Mine,MI,47.1037,-88.6281
Butler,KY,38.7877,-84.372
Sicily Island,LA,31.8493,-91.6599
Ropesville,TX,33.4133,-102.1552
Plymouth,IL,40.2922,-90.9162
Dorrington,CA,38.3031,-120.2648
Cold Springs,CA,38.7465,-120.8738
Fields Landing,CA,40.7249,-124.2177
South Philipsburg,PA,40.887,-78.2185
Carney,OK,35.8062,-97.0155
Lowell,OH,39.5293,-81.5068
Evening Shade,OK,35.6195,-94.9104
North La Junta,CO,37.9986,-103.5227
Yelvington,KY,37.8483,-86.9749
Cuyamungue,NM,35.8648,-106.0096
Beech Bluff,TN,35.6047,-88.6292
Windsor Heights,WV,40.1913,-80.6649
Greenwood,NE,40.9614,-96.4433
Mallow,VA,37.7676,-79.9702
Pewamo,MI,43.002,-84.8473
Buda,IL,41.329,-89.6793
Loch Lynn Heights,MD,39.3919,-79.3726
Dobbins,CA,39.3657,-121.2128
Deary,ID,46.8003,-116.5572
Lakeville,NY,42.8367,-77.703
West Alton,MO,38.8665,-90.2085
Toomsboro,GA,32.8225,-83.0826
Bucoda,WA,46.7968,-122.868
Pumpkin Center,CA,35.2653,-119.0324
Groton Long Point,CT,41.3144,-72.0087
Basalt,ID,43.3145,-112.165
Fall River Mills,CA,41.0069,-121.4401
Fletcher,OH,40.1417,-84.1119
Oakwood,TX,31.5848,-95.8498
Tull,AR,34.4409,-92.5779
Ipava,IL,40.3526,-90.3235
Bismarck,IL,40.2594,-87.6112
Center,ND,47.1149,-101.2977
Tryon,OK,35.8805,-96.9661
New Melle,MO,38.7181,-90.8833
Pennock,MN,45.1459,-95.175
Floyd,VA,36.9118,-80.3184
Calhan,CO,39.0345,-104.2994
Hampton,MN,44.6085,-93.0025
Union Star,MO,39.9794,-94.5987
Lorain,PA,40.2961,-78.8959
Clarksville,OH,39.4016,-83.983
Mount Aetna,PA,40.4206,-76.2966
Greens Fork,IN,39.8917,-85.0411
Craigmont,ID,46.2422,-116.4728
Cousins Island,ME,43.7631,-70.1409
Mecosta,MI,43.621,-85.2304
Cadyville,NY,44.6977,-73.6441
Tioga,WV,38.422,-80.6548
Robinson,PA,40.4033,-79.1403
Cactus Forest,AZ,32.9578,-111.317
Smithton,MO,38.681,-93.0928
Dexter,KS,37.1794,-96.7161
Barlow,KY,37.0512,-89.0444
Cedar Valley,OK,35.8694,-97.5272
Buffalo Gap,TX,32.2834,-99.8341
Falmouth,PA,40.1316,-76.7046
Thompsonville,MI,44.5205,-85.9388
Karnak,IL,37.2942,-88.9758
Eau Claire,MI,41.9853,-86.304
Pleasant Valley,AK,64.8855,-146.8985
Fowler,KS,37.3829,-100.1957
Kauneonga Lake,NY,41.6904,-74.8347
Coulee City,WA,47.6122,-119.2895
Phillipsburg,GA,31.4389,-83.5203
North Tunica,MS,34.7031,-90.3797
West Woodstock,VT,43.6113,-72.5513
Turah,MT,46.8397,-113.825
Bell,FL,29.7568,-82.862
Grannis,AR,34.2398,-94.322
Sautee-Nacoochee,GA,34.6895,-83.686
Mole Lake,WI,45.4859,-88.9823
Danforth,ME,45.6595,-67.8682
Conejo,NM,35.6287,-105.9423
Burt,IA,43.1992,-94.2214
Matthews,MO,36.7584,-89.5688
Yakutat,AK,59.567,-139.5966
Hilda,SC,33.274,-81.2466
Scotch Meadows,NC,34.689,-79.5179
Woodland,UT,40.5838,-111.2358
Endeavor,WI,43.7146,-89.4684
Humeston,IA,40.8609,-93.4971
Mount Blanchard,OH,40.8986,-83.5566
Woodland,MN,44.9524,-93.5155
Blaine,OH,40.0688,-80.8095
Deseret,UT,39.2876,-112.6511
Napier Field,AL,31.3147,-85.455
Balmorhea,TX,30.984,-103.7438
Schenevus,NY,42.5497,-74.827
Riverbend,MT,47.1472,-114.8319
Silas,AL,31.7678,-88.3258
Clearview,WV,40.1399,-80.6898
Millers Lake,MI,43.18,-83.3257
Exeter,NE,40.6445,-97.4489
Ketchum,OK,36.5251,-95.0341
Oacoma,SD,43.8038,-99.3721
New Hampshire,OH,40.554,-83.9531
Kennedy,AL,33.581,-87.9859
Knapp,WI,44.9514,-92.0769
Richmond,KS,38.4004,-95.252
Ringwood,OK,36.3823,-98.2419
Excel,AL,31.4264,-87.3433
Hamilton Branch,CA,40.2772,-121.0961
Dunlo,PA,40.2935,-78.7175
Rothsay,MN,46.4731,-96.2842
Hartford,AR,35.0236,-94.3799
Meadow Bridge,WV,37.8613,-80.8561
Bailey,NC,35.7805,-78.113
Protection,KS,37.2004,-99.4808
Calhoun,TN,35.2993,-84.7472
Heart Butte,MT,48.2905,-112.8363
Outlook,WA,46.3311,-120.0924
South Bethany,DE,38.516,-75.0589
Star Harbor,TX,32.1927,-96.0542
Lamont,IA,42.5986,-91.6404
Clintonville,PA,41.2016,-79.8748
Canton,OK,36.055,-98.5884
Bear Creek,TX,30.1824,-97.9401
Sorento,IL,39.0008,-89.5748
Kirkwood,PA,39.8539,-76.0798
Round Valley,AZ,34.1877,-111.3017
Sandersville,MS,31.7879,-89.0362
Pueblo Nuevo,TX,27.4939,-99.3099
Sugar Mountain,NC,36.1263,-81.8646
Irvington,VA,37.6621,-76.4205
Gilt Edge,TN,35.5336,-89.8303
Placedo,TX,28.6922,-96.8259
Boulevard,CA,32.664,-116.2896
Buchanan Lake Village,TX,30.8565,-98.4378
Shoreham,NY,40.957,-72.9071
Swink,CO,38.0141,-103.6283
Cross Hill,SC,34.3045,-81.9836
Shubuta,MS,31.862,-88.7021
Turtle Lake,ND,47.5216,-100.8908
Reo,IN,37.9014,-87.1094
El Portal,CA,37.6737,-119.787
Gardner,FL,27.3537,-81.7895
Nazlini,AZ,35.9155,-109.4726
Patten,ME,46.0043,-68.4427
Webster,NC,35.35,-83.2188
Norwood,IL,40.7078,-89.6995
Brooks,OR,45.0508,-122.9575
Popponesset,MA,41.5737,-70.4636
Gasburg,VA,36.5588,-77.8722
Ruffin,NC,36.4428,-79.5433
Bergholz,OH,40.5208,-80.8851
Schall Circle,FL,26.7153,-80.1144
Taylor Corners,CT,41.4464,-73.5288
Oxford,WI,43.7799,-89.5657
South Mansfield,LA,32.0181,-93.7237
Mountain View,CO,39.7748,-105.0567
Williamsfield,IL,40.9264,-90.0181
Center Ossipee,NH,43.7542,-71.1508
Mountain Lakes,NH,44.1205,-71.958
Redfield,TX,31.6811,-94.6629
Higgins,TX,36.121,-100.0274
Coyote Acres,TX,27.7132,-98.1346
Lodge Grass,MT,45.3142,-107.3677
Delhi,IA,42.4303,-91.3307
Throckmorton,TX,33.182,-99.1797
Briarcliffe Acres,SC,33.7901,-78.749
Akins,OK,35.5043,-94.67
Kingstown,NC,35.3621,-81.6201
Cawood,KY,36.7878,-83.2284
Argyle,MN,48.3366,-96.8162
Avon,UT,41.5354,-111.8125
Cecilia,KY,37.6622,-85.9522
Costilla,NM,36.9786,-105.5353
Tuppers Plains,OH,39.1726,-81.8466
Shaftsburg,MI,42.8059,-84.295
Salesville,AR,36.241,-92.2769
Point Comfort,TX,28.6715,-96.5591
Milan,MN,45.1127,-95.9117
Hornbeak,TN,36.3352,-89.2983
Tushka,OK,34.3186,-96.1674
Big Run,PA,40.9702,-78.8765
La Paz,IN,41.4561,-86.3082
Wampum,PA,40.8863,-80.3393
Sheppton,PA,40.8964,-76.1196
Siracusaville,LA,29.6886,-91.1522
Snow Lake,IN,41.7302,-85.0327
De Soto,WI,43.4283,-91.1963
Grampian,PA,40.9647,-78.6114
Bradley,AR,33.0993,-93.6569
Pine Haven,WY,44.3534,-104.8104
Brimhall Nizhoni,NM,35.7785,-108.6322
Bellefonte,AR,36.1998,-93.047
Soso,MS,31.7536,-89.2759
Leola,AR,34.17,-92.5914
Brockton,MT,48.1525,-104.9066
Cowan,CA,37.5601,-120.9888
Carlton,MT,46.6796,-114.0718
Foyil,OK,36.4306,-95.5219
Saint Benedict,PA,40.6276,-78.7295
Enfield,IL,38.1008,-88.3382
Tucker,MS,32.708,-89.0498
Beacon,IA,41.2745,-92.6814
Centralhatchee,GA,33.3689,-85.1037
Hull,IL,39.7087,-91.2033
Big Chimney,WV,38.4119,-81.5374
Zeb,OK,35.8066,-95.0437
Pine Brook Hill,CO,40.0462,-105.3097
Sabattus,ME,44.121,-70.107
El Centro Naval Air Facility,CA,32.8252,-115.6681
Dodd City,TX,33.5757,-96.0755
Loyall,KY,36.8527,-83.3506
Hawk Run,PA,40.9228,-78.2042
Sequatchie,TN,35.1115,-85.5965
Dayton,ID,42.1118,-111.9779
Prairiewood Village,SD,45.5094,-98.4194
Centralia,KS,39.7243,-96.1301
Montrose Manor,PA,40.3063,-75.9873
West Farmington,OH,41.391,-80.974
Caroga Lake,NY,43.1352,-74.481
Nesika Beach,OR,42.5045,-124.4065
Upper Santan Village,AZ,33.1152,-111.7419
Simms,OK,35.3987,-95.1647
Niangua,MO,37.3886,-92.8305
Bokchito,OK,34.0196,-96.1492
Tangipahoa,LA,30.8758,-90.5138
Beverly Hills,MO,38.6979,-90.2901
Gage,OK,36.3182,-99.7575
Del Muerto,AZ,36.187,-109.4348
San Ygnacio,TX,27.048,-99.4321
Dubois,ID,44.1727,-112.2293
Pueblo of Sandia Village,NM,35.2536,-106.5706
Between,GA,33.8177,-83.8043
Rayland,OH,40.1842,-80.6911
Warner,SD,45.3252,-98.4952
Rose Bud,AR,35.3249,-92.081
Henderson,AR,36.3774,-92.2155
Stanton,TN,35.4613,-89.4012
Bancroft,KY,38.2832,-85.6129
Moscow,IA,41.5724,-91.0822
Uvalda,GA,32.0371,-82.5081
Pillager,MN,46.3295,-94.4796
El Paso,AR,35.1153,-92.0812
Corning,OH,39.6016,-82.0876
Beaver City,NE,40.1383,-99.8276
Lohrville,WI,44.0382,-89.1201
Hot Springs,NC,35.8934,-82.8303
Arivaca,AZ,31.575,-111.2926
Newell,SD,44.7174,-103.4183
Benton,PA,41.1955,-76.3847
Colver,PA,40.5426,-78.7891
Meadville,MO,39.7882,-93.2992
Prado Verde,TX,31.8898,-106.6135
Burnsville,WV,38.8579,-80.6538
Sylvan Hills,PA,40.4488,-78.3839
Hampton,NE,40.8812,-97.8876
Baileyton,TN,36.3304,-82.8292
Burdett,NY,42.4168,-76.8439
Westphalia,MO,38.4414,-92.0005
Arnot,PA,41.6624,-77.1223
Silverton,TX,34.4714,-101.304
Maple Ridge,OH,40.9143,-81.0468
Roberts,IL,40.6148,-88.1841
Warrior Run,PA,41.1885,-75.9494
Huntsville,UT,41.2602,-111.774
Rudolph,WI,44.4972,-89.8018
Bethpage,TN,36.4843,-86.3085
Collins,IA,41.902,-93.3082
Finley,TN,36.0357,-89.4799
Strong City,KS,38.3955,-96.537
Uniontown,KS,37.8471,-94.9755
Lester,WV,37.7349,-81.3014
Weissport,PA,40.8289,-75.701
Granada,CO,38.063,-102.3115
Wilsonville,IL,39.0694,-89.8553
Spring Grove,IN,39.8472,-84.8912
East Nassau,NY,42.533,-73.5085
East Fork,AZ,33.8082,-109.9227
Oden,MI,45.4251,-84.8257
Laura,OH,39.9952,-84.4083
Cass Lake,MN,47.3792,-94.5993
Leedey,OK,35.8681,-99.3449
Fairgrove,MI,43.5245,-83.5434
Philip,SD,44.0407,-101.6645
Scammon Bay,AK,61.842,-165.5833
Barnum,MN,46.5054,-92.6884
Wesley,AR,36.029,-93.9165
Encampment,WY,41.2088,-106.7948
Giltner,NE,40.7749,-98.1535
Nordheim,TX,28.9239,-97.6141
Sun,LA,30.6489,-89.907
Longville,LA,30.609,-93.2282
Newell,CA,41.8898,-121.3675
New Hamilton,MS,33.7435,-88.4389
Arlington,IN,39.6458,-85.5797
Allendale,IL,38.5276,-87.7103
Lind,WA,46.9705,-118.6165
Dennehotso,AZ,36.8208,-109.8791
Marshallton,PA,39.9496,-75.6781
Lyle,MN,43.5058,-92.9412
Pluckemin,NJ,40.6454,-74.6355
Norway,IA,41.9022,-91.9227
Kreamer,PA,40.8004,-76.9707
Fountain,MN,43.7426,-92.1342
Leslie,GA,31.9545,-84.0864
Williston,TN,35.1585,-89.3754
Clayhatchee,AL,31.2434,-85.7136
Snook,TX,30.4907,-96.467
Echo,LA,31.1085,-92.2406
Masontown,WV,39.5512,-79.8003
Vincentown,NJ,39.9367,-74.7519
Ualapue,HI,21.0704,-156.8355
Ila,GA,34.1729,-83.2929
Ottertail,MN,46.4267,-95.5637
Lyons,PA,40.4807,-75.7592
Hanna,IN,41.4121,-86.7795
Pleasant Groves,AL,34.735,-86.2054
Lisman,AL,32.1792,-88.3002
Quilcene,WA,47.8369,-122.9058
Lewisville,ID,43.6951,-112.0131
Hillsdale,IL,41.6108,-90.1752
Ooltewah,TN,35.0723,-85.0545
Charter Oak,IA,42.0682,-95.5897
Davenport Center,NY,42.4458,-74.9088
Bertha,MN,46.2671,-95.0618
San Pierre,IN,41.1989,-86.8921
Shipman,VA,37.7272,-78.8424
Bentley,KS,37.8868,-97.5147
Wayland,MO,40.3963,-91.5755
Danube,MN,44.791,-95.1029
Burkeville,VA,37.1879,-78.2012
Four Lakes,WA,47.5576,-117.5818
Lloydsville,OH,40.07,-80.9983
Paradise,TX,33.1504,-97.6887
Flat,TX,31.3093,-97.6242
Newton,GA,31.3167,-84.3379
Marcy,NY,43.1373,-75.268
Delta,MO,37.1973,-89.7392
Concord,GA,33.0917,-84.4387
Glendale,UT,37.3342,-112.6035
Boomer,WV,38.149,-81.28
Ray,AL,32.8795,-86.0388
Doyle,TN,35.8553,-85.512
Scottsville,VA,37.8064,-78.4919
Fordsville,KY,37.6357,-86.7171
Anthon,IA,42.3881,-95.8656
Prospect,LA,31.4488,-92.4968
Cherry,IL,41.428,-89.2132
Banquete,TX,27.8007,-97.7972
Knollwood,TX,33.6893,-96.6185
Kipnuk,AK,59.9373,-164.0616
Buford,OH,39.072,-83.8393
Pettisville,OH,41.5324,-84.2231
Valencia,PA,40.6767,-79.9883
Irvona,PA,40.7737,-78.5501
Atkinson,NC,34.5275,-78.1697
Leeds,ND,48.2878,-99.4346
Tishomingo,MS,34.6382,-88.2291
Minford,OH,38.8618,-82.8552
Whitefield,OK,35.2545,-95.2391
Elnora,IN,38.8762,-87.0846
Edgerton,MO,39.5023,-94.6296
Brooktondale,NY,42.3824,-76.3986
Thackerville,OK,33.7936,-97.142
Washington Crossing,NJ,40.296,-74.8615
Canada de los Alamos,NM,35.5927,-105.8597
Arkansas City,AR,33.6089,-91.2048
Gaines,MI,42.8725,-83.9108
Boulder Canyon,SD,44.3971,-103.6046
Lockwood,CA,38.4867,-120.6035
Butterfield,MN,43.9587,-94.7942
Ocheyedan,IA,43.4182,-95.5366
Caswell Beach,NC,33.9073,-78.0471
New Hebron,MS,31.7332,-89.9833
Frankford,MO,39.4927,-91.3203
Salemburg,NC,35.0152,-78.5028
Amalga,UT,41.8564,-111.8974
Jupiter Inlet Colony,FL,26.948,-80.0755
East Newnan,GA,33.3461,-84.7763
Woodland,MI,42.7268,-85.1344
Carbon Hill,IL,41.297,-88.2999
Gordonville,MO,37.3111,-89.6739
Clay,WV,38.4662,-81.0813
Hawthorn,PA,41.021,-79.2782
Homeworth,OH,40.8357,-81.0649
Springfield,WV,39.445,-78.6976
Central Bridge,NY,42.711,-74.3452
Blue River,WI,43.1844,-90.5719
Bishop,GA,33.8171,-83.4372
Alta Vista,KS,38.8628,-96.4888
Westwood Hills,KS,39.0389,-94.6097
Indian Point,MO,36.6428,-93.3444
Packwood,IA,41.1327,-92.0825
St. Marys Point,MN,44.9128,-92.7702
Harrisville,MI,44.6575,-83.2945
Lewistown Heights,MT,47.0784,-109.4735
Boykins,VA,36.5779,-77.1989
Cedar Rapids,NE,41.5589,-98.1493
Charleston,UT,40.4661,-111.46
Wounded Knee,SD,43.1435,-102.3681
Mesquite Creek,AZ,34.9607,-114.5714
Dupree,SD,45.0495,-101.6013
St. Ann Highlands,CO,39.9873,-105.4559
Higbee,MO,39.3059,-92.5132
Busby,MT,45.5281,-106.9752
Van Bibber Lake,IN,39.7291,-86.9297
Norwich,KS,37.4572,-97.848
Hooven,OH,39.1864,-84.7632
Mount Jackson,PA,40.9623,-80.4353
Tijeras,NM,35.0884,-106.3761
Peak Place,NM,35.7911,-105.9432
Baker,CA,35.2769,-116.0717
Dublin,NC,34.6562,-78.7231
Vesper,WI,44.4805,-89.9676
Floodwood,MN,46.9175,-92.9186
Hillsboro,AL,34.6407,-87.1838
Benson,IL,40.8505,-89.1211
Nipinnawasee,CA,37.4031,-119.7293
West Brule,SD,44.0727,-99.6383
Pennwyn,PA,40.2895,-75.9731
Mount Taylor,NM,35.1241,-107.8075
Fawn Grove,PA,39.7312,-76.4521
Boothville,LA,29.333,-89.4053
Springville,CA,36.1225,-118.8228
Johnson City,OR,45.4046,-122.5794
Cochiti,NM,35.6104,-106.3501
San Ardo,CA,36.0238,-120.9074
Diagonal,IA,40.8104,-94.342
Pin Oak Acres,OK,36.1226,-95.2889
East Frankfort,NY,43.0169,-75.0648
Wall,PA,40.3916,-79.786
Laurel Run,PA,41.2195,-75.8446
Stacyville,IA,43.4392,-92.7841
Homer C Jones,NM,35.3078,-108.0966
Narrowsburg,NY,41.6034,-75.0563
Yah-ta-hey,NM,35.6291,-108.7927
La Plena,PR,18.0411,-66.2064
North Adams,MI,41.9707,-84.5251
Savanna,OK,34.8356,-95.8355
Horntown,VA,37.9655,-75.456
Burlington,IL,42.0416,-88.5508
Good Hope,GA,33.785,-83.6094
Riley,IN,39.3898,-87.3003
Friendship,OH,38.698,-83.1005
Smock,PA,39.9997,-79.7774
Rhinecliff,NY,41.922,-73.9439
Birmingham,IA,40.878,-91.9472
Verndale,MN,46.3969,-95.0125
Big Springs,NE,41.0609,-102.0745
Evaro,MT,47.0737,-114.0206
South Renovo,PA,41.3244,-77.743
Livermore,IA,42.8681,-94.1841
Lafayette,MN,44.4471,-94.3927
Nelson,NE,40.2012,-98.0687
Downieville-Lawson-Dumont,CO,39.7662,-105.6125
Harvey Cedars,NJ,39.6995,-74.1426
Solomon,AZ,32.8138,-109.629
Enterprise,MS,32.1731,-88.8163
Spring Mills,PA,40.8534,-77.5654
Lyons Falls,NY,43.617,-75.3618
Pescadero,CA,37.2507,-122.3725
Soudersburg,PA,40.015,-76.1529
Linn,KS,39.6793,-97.0869
Barton Hills,MI,42.3167,-83.7561
Nutrioso,AZ,33.9514,-109.2058
Ramsey,IN,38.3237,-86.1547
Port Penn,DE,39.5169,-75.5811
Westminster,OH,40.699,-83.9795
Fairfield,VA,37.8827,-79.2829
Cream Ridge,NJ,40.1326,-74.5348
Mattoon,WI,45.0046,-89.0411
Ridgewood,OH,39.1899,-84.4343
Doon,IA,43.279,-96.2329
Lovilia,IA,41.1349,-92.908
Fessenden,ND,47.6494,-99.6267
Lewis,KS,37.937,-99.2547
Cuba,NM,36.0146,-106.968
Plum Springs,KY,37.021,-86.3777
Rosholt,WI,44.6301,-89.3053
Hostetter,PA,40.264,-79.3977
Kismet,KS,37.2046,-100.7018
Crawfordsville,AR,35.2267,-90.3241
Sigel,IL,39.2257,-88.4945
Racine,MN,43.7755,-92.481
Marion Center,PA,40.7705,-79.0473
Sugar Grove,PA,41.9837,-79.3395
Sopchoppy,FL,30.0598,-84.4854
Panama,NY,42.0747,-79.4849
Kulm,ND,46.3019,-98.9468
Byrnedale,PA,41.2915,-78.5023
Cumberland City,TN,36.3828,-87.6403
Pownal Center,VT,42.7977,-73.2214
Thorne Bay,AK,55.6652,-132.5337
Drakes Branch,VA,36.9933,-78.6009
Thompsonville,IL,37.9144,-88.7622
McLeod,TX,32.9455,-94.0776
Badger,IA,42.6141,-94.1446
Proberta,CA,40.0761,-122.1776
Flintville,TN,35.0602,-86.4164
Hiltonia,GA,32.8833,-81.6613
Leaf River,IL,42.1233,-89.404
South Wayne,WI,42.5676,-89.8763
Kosse,TX,31.307,-96.6292
Emery,SD,43.602,-97.6195
Lake City,CO,38.0303,-107.3106
Weir,TX,30.6759,-97.593
Turkey Creek,AZ,33.8011,-109.9461
Nectar,AL,33.9686,-86.6346
Laurel,IN,39.5017,-85.1877
Urbana,MO,37.8436,-93.1676
Camden Point,MO,39.4532,-94.7489
Montreat,NC,35.6478,-82.3001
The Silos,MT,46.3985,-111.5865
The Highlands,KS,38.1659,-97.9497
Worthington,PA,40.838,-79.6351
Bonfield,IL,41.145,-88.0542
Robards,KY,37.6766,-87.5333
Mardela Springs,MD,38.4589,-75.7565
Fairplay,MD,39.5357,-77.7463
Barnegat Light,NJ,39.753,-74.1095
Malden,IL,41.4249,-89.3698
New England,GA,34.9079,-85.488
Stanardsville,VA,38.2991,-78.4368
Mount Auburn,IL,39.7649,-89.2608
Icehouse Canyon,AZ,33.3553,-110.7965
Churdan,IA,42.1542,-94.4781
Williamsburg,IN,39.9509,-84.9964
Witches Woods,CT,41.9485,-72.0724
Enoree,SC,34.6593,-81.9609
Grover Hill,OH,41.019,-84.4774
Walnuttown,PA,40.4467,-75.8405
Bancroft,WV,38.5107,-81.8417
Jenkins,MN,46.6528,-94.3298
Hickory,MS,32.3167,-89.0217
Pippa Passes,KY,37.3342,-82.8733
Buckley,IL,40.5973,-88.0378
Union,LA,30.0918,-90.8844
De Land,IL,40.1218,-88.6435
Crystal Lake Park,MO,38.6212,-90.4321
Hoyleton,IL,38.4457,-89.2721
Garland,TN,35.5823,-89.7525
Pine Hollow,OR,45.242,-121.291
Oak City,NC,35.9625,-77.3051
Grapeville,PA,40.3253,-79.606
Kiana,AK,66.9727,-160.4343
Wellsburg,NY,42.0126,-76.7298
Sparkman,AR,33.9172,-92.8501
Whittier,AK,60.7852,-148.6455
Bourneville,OH,39.2828,-83.1596
Pajonal,PR,18.3847,-66.556
Ellsworth,MN,43.5207,-96.0186
Forestville,PA,40.6938,-76.2925
Weekapaug,RI,41.3359,-71.7633
Lexington,GA,33.8701,-83.1102
Fargo,GA,30.6881,-82.5721
Hornersville,MO,36.0403,-90.1156
Ducktown,TN,35.036,-84.3848
Washington Park,NC,35.5328,-77.0316
Rebersburg,PA,40.9427,-77.4441
Los Altos,TX,27.4904,-99.3858
Dalton,NE,41.4083,-102.9708
Michigantown,IN,40.3281,-86.3916
Red Mesa,AZ,36.9664,-109.3828
Helen,GA,34.7046,-83.7214
Rancho Mesa Verde,AZ,32.5944,-114.6551
Fair Play,MO,37.6331,-93.5769
Boulder Flats,WY,42.9156,-108.7993
Arnoldsville,GA,33.9103,-83.218
Pink Hill,NC,35.0562,-77.7436
Cape Colony,NC,36.0211,-76.5815
Rouseville,PA,41.4704,-79.6847
Grand Rivers,KY,37.005,-88.233
Green Valley Farms,TX,26.1219,-97.561
Morning Glory,TX,31.5648,-106.2089
Dean,TX,33.9299,-98.3676
Stanford,IL,40.4322,-89.2209
Meadow Valley,CA,39.9323,-121.083
Cairnbrook,PA,40.1246,-78.8189
Miami,TX,35.6923,-100.6417
Bolton,NC,34.3174,-78.3976
Kimball,SD,43.7468,-98.9569
Sanders,KY,38.6549,-84.9466
Wheeler,OR,45.6873,-123.8871
Center,MO,39.5096,-91.5291
Alma,TX,32.2813,-96.5497
Trenton,NE,40.1747,-101.0136
Bunn,NC,35.9591,-78.252
Mantoloking,NJ,40.0435,-74.0514
Sportsmen Acres,OK,36.2458,-95.2517
Ronda,NC,36.2217,-80.9431
Newfolden,MN,48.3568,-96.3297
Hookerton,NC,35.4228,-77.5893
Allison,PA,39.9852,-79.8732
Rosburg,WA,46.3076,-123.6345
Napoleonville,LA,29.9384,-91.0263
Garfield,AR,36.4555,-93.9757
Grantfork,IL,38.8289,-89.6665
Barnes Lake,MI,43.1792,-83.3002
Elkton,TN,35.0627,-86.8957
Cedar Grove,WV,38.2223,-81.4378
Bonnie,IL,38.203,-88.9068
Alexandria,OH,40.09,-82.6118
Morgan Farm,TX,28.0055,-97.5535
Cochrane,WI,44.2279,-91.838
Bedias,TX,30.7792,-95.9469
Perrinton,MI,43.1807,-84.6793
St. Pierre,MT,48.2439,-109.8161
Springdale,WA,48.0572,-117.7466
Westport,OK,36.1942,-96.3362
Reedsville,PA,40.6646,-77.593
Cohasset,CA,39.9022,-121.7453
Avinger,TX,32.898,-94.5533
Bloomingdale,MI,42.3833,-85.959
Beauregard,MS,31.721,-90.3859
Harrod,OH,40.7074,-83.9213
Angoon,AK,57.455,-134.4978
St. Cloud,WI,43.8245,-88.1687
Runville,PA,40.9567,-77.8332
Fort Jennings,OH,40.9067,-84.2997
Avoca,WI,43.1906,-90.326
Prentice,WI,45.5409,-90.2897
Pinehill,NM,34.8922,-108.4224
Earling,IA,41.7763,-95.419
Willernie,MN,45.0539,-92.9571
Gauley Bridge,WV,38.1681,-81.2039
Lewiston Woodville,NC,36.1141,-77.1811
Delbarton,WV,37.7052,-82.186
Miller,OH,38.5325,-82.3061
Alma,MO,39.0964,-93.5478
Towner,ND,48.3471,-100.407
Glenburn,ND,48.5136,-101.2211
New Stuyahok,AK,59.4762,-157.271
Sulphur Springs,IN,39.9991,-85.4392
Sandy Level,VA,36.5645,-79.7276
Lucerne,WY,43.7136,-108.1873
Plainview,AR,34.9899,-93.298
Noblestown,PA,40.3955,-80.2019
De Beque,CO,39.3105,-108.2049
Axtell,KS,39.8711,-96.2566
Hornbeck,LA,31.3266,-93.396
Saint George,VT,44.377,-73.13
Randolph,MN,44.526,-93.0198
Briny Breezes,FL,26.509,-80.0542
Byron,WY,44.7963,-108.5082
Pierce,ID,46.4931,-115.7995
Point Reyes Station,CA,38.0847,-122.8093
Chesapeake Landing,MD,39.2697,-76.1584
Pinecraft,FL,27.3229,-82.4999
Sumner,GA,31.5103,-83.7369
Salyer,CA,40.886,-123.5807
Ocean Breeze,FL,27.2411,-80.2262
Carlos,MN,45.9735,-95.2923
Sunshine,NM,32.1344,-107.7838
Wapella,IL,40.2218,-88.9612
Lewis,IA,41.3064,-95.0842
Mechanicsville,PA,40.6908,-76.1807
Gillett,AR,34.1193,-91.3789
Coalton,OH,39.1117,-82.6109
Pinson,TN,35.4818,-88.7306
Lafitte,LA,29.6957,-90.0995
Wintergreen,VA,37.9161,-78.9382
Hume,IL,39.7981,-87.8686
Gambell,AK,63.7538,-171.6881
Chevak,AK,61.5295,-165.5941
Trenton,ND,48.07,-103.8429
Oakfield,ME,46.102,-68.1518
Fifty Lakes,MN,46.7618,-94.0898
Gilman,WI,45.1662,-90.8072
Stanford,IN,39.0898,-86.6667
Hope,KS,38.6912,-97.0765
Holt,MO,39.4552,-94.3371
Pineville,WV,37.5846,-81.5355
Sardis,TN,35.4424,-88.2913
Echo,OR,45.7431,-119.1917
Rifton,NY,41.8297,-74.038
Brandon,MN,45.9663,-95.5946
Platea,PA,41.951,-80.3304
Oak Park,GA,32.3822,-82.3153
Black,AL,31.0099,-85.744
Greenville,MO,37.1284,-90.4472
Jasper,AR,36.0124,-93.1874
Groom,TX,35.205,-101.1071
Camargo,IL,39.7991,-88.1671
Hampton,FL,29.8643,-82.138
Shishmaref,AK,66.2372,-166.1027
Mount Savage,MD,39.6966,-78.8768
Prairie Farm,WI,45.2368,-91.9804
Mamanasco Lake,CT,41.3189,-73.5253
Tipton,PA,40.6374,-78.2948
Kwigillingok,AK,59.8767,-163.1715
Adell,WI,43.6212,-87.9482
Naplate,IL,41.3316,-88.8802
LeRoy,KS,38.0863,-95.6331
Orland,IN,41.7305,-85.1722
Strathmoor Manor,KY,38.219,-85.6836
Roeville,FL,30.6836,-86.9927
Indianola,NE,40.2346,-100.4198
Bellwood,NE,41.3418,-97.2398
Crystal Lakes,MO,39.3606,-94.1874
Society Hill,SC,34.5098,-79.8539
Pitkin,LA,30.9344,-92.9267
Gordon,TX,32.5455,-98.3672
Keams Canyon,AZ,35.8229,-110.2011
Urbanna,VA,37.6395,-76.5747
Bloxom,VA,37.8292,-75.6214
Kandiyohi,MN,45.1315,-94.9328
New Augusta,MS,31.2036,-89.0272
Westcliffe,CO,38.1339,-105.4654
Chiloquin,OR,42.5764,-121.8677
Neshkoro,WI,43.9649,-89.2159
Asher,OK,34.9884,-96.9254
Bangor,CA,39.3761,-121.4117
Bradenville,PA,40.3236,-79.3403
Rome,PA,41.8574,-76.3415
Fort Gay,WV,38.1201,-82.595
Coupland,TX,30.4568,-97.3979
Kimmell,IN,41.3949,-85.5487
Hillsville,PA,41.0078,-80.4967
La Madera,NM,35.2345,-106.334
Dudleyville,AZ,32.9127,-110.7345
Summerville,PA,41.1163,-79.188
Biggers,AR,36.3319,-90.8052
Ramah,NM,35.1263,-108.5063
Naknek,AK,58.7847,-156.8966
Draper,VA,37.0012,-80.7372
San Perlita,TX,26.501,-97.6397
Eakly,OK,35.3055,-98.556
Long Branch,PA,40.0984,-79.8801
Ferndale,FL,28.622,-81.7014
Brunson,SC,32.9241,-81.1886
Cunningham,KS,37.6447,-98.4312
Cedar Creek,AZ,33.903,-110.1929
Connecticut Farms,NJ,40.693,-74.2716
Sardis,OH,39.6266,-80.9059
Desert Shores,CA,33.4041,-116.0394
North Creek,NY,43.6923,-73.9835
Tacna,AZ,32.7004,-113.9618
Cushman,AR,35.8658,-91.7782
Bridgewater,SD,43.5502,-97.4984
Red River,NM,36.7041,-105.4064
Carter Springs,NV,38.8619,-119.6413
Houston,DE,38.9174,-75.5039
Eminence,MO,37.1509,-91.3586
Shiloh,AL,34.4604,-85.8767
Brady,NE,41.0223,-100.3676
Klickitat,WA,45.818,-121.1626
Millingport,NC,35.3763,-80.3113
Moran,KS,37.9166,-95.1716
Dupont City,WV,38.2657,-81.5691
German Valley,IL,42.2143,-89.4844
Willow Lake,SD,44.6279,-97.6386
Wardell,MO,36.3539,-89.817
Weston,PA,40.9428,-76.14
Ghent,MN,44.5116,-95.8926
Lyons,TX,30.3985,-96.5499
Thayer,KS,37.4851,-95.4845
Novinger,MO,40.2341,-92.7066
Otterville,MO,38.703,-93.0027
Fruitvale,TX,32.6834,-95.8036
Bazine,KS,38.4462,-99.693
Azure,MT,48.305,-109.8073
Canova,NM,36.1649,-105.9857
Ironville,KY,38.4562,-82.6978
Rose Creek,MN,43.6045,-92.8289
Clifton,KS,39.5682,-97.2808
Bussey,IA,41.2054,-92.8843
Branson West,MO,36.7023,-93.3779
Williams Creek,IN,39.9001,-86.1502
Sigurd,UT,38.8494,-111.968
Rock Ridge,CT,41.0345,-73.6484
Browns Valley,MN,45.5947,-96.8327
New Auburn,MN,44.6728,-94.232
Hatton,WA,46.7735,-118.8277
Centenary,SC,34.0258,-79.3524
New Era,MI,43.5595,-86.3477
Edgington,IL,41.3869,-90.7637
Walland,TN,35.732,-83.8069
Cochiti Lake,NM,35.6478,-106.3425
Fromberg,MT,45.392,-108.9065
Nevis,MN,46.9646,-94.8423
Wilburton Number One,PA,40.8127,-76.3931
Diablock,KY,37.2295,-83.1709
Riverside,WA,48.5048,-119.51
Clermont,IA,42.9999,-91.6523
Arlington,IA,42.7488,-91.671
Rough Rock,AZ,36.4106,-109.8691
Highland Haven,TX,30.6074,-98.3951
Fort Cobb,OK,35.1042,-98.4416
Saltillo,PA,40.2117,-78.0062
Oberlin,PA,40.2398,-76.8155
Falls Village,CT,41.9576,-73.3561
Keene,CA,35.2335,-118.6098
Fort Wingate,NM,35.4708,-108.5439
Calumet,OK,35.6014,-98.1248
Milton,IA,40.6715,-92.1619
Cameron,SC,33.558,-80.715
Green Camp,OH,40.5322,-83.2077
Ojo Encino,NM,35.9525,-107.3445
Iuka,IL,38.6181,-88.7881
Nenahnezad,NM,36.7354,-108.4252
Gates,OR,44.7561,-122.4201
Troutville,VA,37.4168,-79.8779
Racine,WV,38.1398,-81.654
Leigh,NE,41.7023,-97.2398
Crescent City,IL,40.7716,-87.8564
Lake Arthur Estates,PA,40.9616,-80.1483
St. Paul,OR,45.2123,-122.9772
Huntsville,OH,40.4425,-83.8043
Chase Crossing,VA,37.7604,-75.6658
Joffre,PA,40.3809,-80.3532
Sacaton Flats Village,AZ,33.0559,-111.659
Caldwell,AR,35.0788,-90.8135
Hammon,OK,35.6323,-99.3832
Murray,NE,40.9163,-95.9267
Chacra,CO,39.577,-107.451
Lucas,KS,39.0587,-98.5378
Thornton,TX,31.4111,-96.5738
Spokane,LA,31.713,-91.4453
La Liga,PR,18.2894,-66.0508
Prairieton,IN,39.37,-87.4745
Shady Grove,OK,35.9485,-95.0952
Kapowsin,WA,46.9727,-122.2273
Wimer,OR,42.5446,-123.148
Cowiche,WA,46.6719,-120.712
Macdona,TX,29.3205,-98.6973
Green Lane,PA,40.3363,-75.4709
Fossil,OR,44.9981,-120.2146
Maynard,IA,42.7738,-91.8774
Mannsville,NY,43.7158,-76.0649
Bokoshe,OK,35.1904,-94.7903
Thompson,IA,43.37,-93.7747
Dodge,NE,41.7218,-96.8804
La Pica,PR,18.4652,-66.8619
Ravenden,AR,36.2417,-91.2511
Valley Grove,WV,40.0901,-80.5691
Albion,WA,46.7916,-117.2511
Bixby,TX,26.14,-97.8562
Paloma,CA,38.2594,-120.7633
Benton,MS,32.823,-90.2634
Whittemore,MI,44.2337,-83.8033
Almena,KS,39.8913,-99.7097
Norbourne Estates,KY,38.2466,-85.6465
Nances Creek,AL,33.8588,-85.6733
Chase,KS,38.3551,-98.3489
Glenbeulah,WI,43.7982,-88.0464
Hamburg,OH,39.6519,-82.6608
Sidell,IL,39.9097,-87.8236
Altona,IN,41.3521,-85.1525
Oxford Junction,IA,41.9838,-90.9544
Thayer,IN,41.1734,-87.3336
Melfa,VA,37.6489,-75.7407
James Town,WY,41.5648,-109.5383
Empire,GA,32.3394,-83.295
Allen,NE,42.4144,-96.8431
Fontana,KS,38.4239,-94.8441
East Point,AL,34.1857,-86.7928
Caroline,WI,44.722,-88.8948
Oldwick,NJ,40.67,-74.7443
Colt,AR,35.1329,-90.8129
Little Mountain,SC,34.1968,-81.4124
Manorville,PA,40.7879,-79.5205
Littleton,NC,36.4343,-77.911
Harrington,WA,47.4803,-118.2554
Palmer,NE,41.2224,-98.2599
Ewing,MO,40.0088,-91.7147
Clarksville,MO,39.3693,-90.9049
Lakeview,NE,41.4998,-97.3775
Jayton,TX,33.2502,-100.5748
Turkey,NC,34.995,-78.1841
Lipan,TX,32.5187,-98.047
Wheatley,AR,34.9212,-91.1063
Minocqua,WI,45.8795,-89.7037
Morgan,TX,32.0155,-97.6061
Bowerston,OH,40.4273,-81.1874
Jefferson City,MT,46.3779,-112.0305
Lake Holiday Hideaway,IN,39.996,-87.3067
Erskine,MN,47.6651,-96.0139
Bruceville,IN,38.758,-87.4154
Fire Island,NY,40.6781,-73.0709
Pantego,NC,35.5874,-76.6594
Hulbert,OK,35.9316,-95.1454
Hyden,KY,37.162,-83.378
D'Lo,MS,31.9869,-89.9011
Hulett,WY,44.6829,-104.5982
Burnside,AZ,35.7534,-109.6247
Liverpool,TX,29.3018,-95.2746
Portage,OH,41.3232,-83.6468
New Alexandria,PA,40.3945,-79.4175
Butte Falls,OR,42.5414,-122.5691
Glencoe,OK,36.2318,-96.9313
Weston,OR,45.8165,-118.4258
Felicity,OH,38.8387,-84.0986
Big Piney,WY,42.5401,-110.1193
Thornburg,PA,40.4346,-80.0841
Caledonia,OH,40.6364,-82.9695
Louin,MS,32.0722,-89.2627
Titanic,OK,35.8889,-94.7434
Batavia,AR,36.2498,-93.216
Okay,OK,35.8545,-95.3141
Hildreth,NE,40.3378,-99.0458
Harrison,GA,32.8263,-82.7258
Nankin,OH,40.914,-82.2856
Clearfield,IA,40.8028,-94.4836
Kent Narrows,MD,38.9703,-76.2384
Collbran,CO,39.24,-107.9635
Berthold,ND,48.317,-101.7478
Trimble,OH,39.4859,-82.08
Topsail Beach,NC,34.3744,-77.632
Long,OK,35.4993,-94.547
Holden,UT,39.1003,-112.2705
Salado,AR,35.6954,-91.5923
Oakwood,OH,41.0927,-84.3747
Annapolis,MO,37.3605,-90.6975
Noble,LA,31.6899,-93.6832
Lefors,TX,35.4396,-100.804
Vermillion,MN,44.6736,-92.9643
Gatewood,WV,38.0052,-81.0663
Verona,MO,36.9631,-93.7936
Allensworth,CA,35.85,-119.3892
Oahe Acres,SD,44.4648,-100.3449
Naytahwaush,MN,47.2703,-95.6335
Wyandotte,OK,36.8019,-94.7244
Aguilar,CO,37.4036,-104.655
Bowdle,SD,45.4512,-99.6565
Howard,OH,40.4092,-82.3275
Beckwourth,CA,39.8485,-120.4111
Hartford,KS,38.3084,-95.9566
Elmore,MN,43.5063,-94.0883
Center Point,IN,39.4154,-87.0752
Montrose,MO,38.2586,-93.9827
Daisy,GA,32.151,-81.8362
Elkhart,IL,40.0136,-89.4727
Hatfield,IN,37.903,-87.2219
Copalis Beach,WA,47.1205,-124.1721
Sugarloaf,CO,40.0189,-105.4078
Leslie,AR,35.8294,-92.5563
Carlisle,OK,35.5042,-95.0323
South Shaftsbury,VT,42.9411,-73.202
Dugway,UT,40.2307,-112.7541
Emmet,AR,33.7227,-93.4658
Scales Mound,IL,42.475,-90.2525
Portia,AR,36.0848,-91.0711
Calypso,NC,35.1545,-78.1046
Wilmot,SD,45.4091,-96.8546
Hartsburg,IL,40.2505,-89.4411
Stanley,KY,37.8183,-87.2452
Chrisney,IN,38.0097,-87.0316
Junction City,LA,33.0073,-92.7224
Ewing,VA,36.6381,-83.4291
Jacona,NM,35.8887,-106.0386
New Richmond,IN,40.1942,-86.9779
Bogue Chitto,MS,32.8338,-88.9189
Olive Branch,IL,37.1757,-89.3525
Lemon Cove,CA,36.3809,-119.0284
Warriors Mark,PA,40.7028,-78.1313
Paw Paw,WV,39.5313,-78.4553
Traskwood,AR,34.4533,-92.6642
Conesville,IA,41.3795,-91.3486
Sea Ranch Lakes,FL,26.2007,-80.0981
Stringtown,OK,34.4701,-96.0549
Tees Toh,AZ,35.4849,-110.3989
Ashley,MI,43.1873,-84.4762
Oak Hill,MI,44.2197,-86.3031
Brewster,KS,39.3631,-101.3771
Eldora,CO,39.9536,-105.578
Mapleville,MD,39.5358,-77.6463
Danby,NY,42.3567,-76.4817
Sterling,MI,44.0325,-84.0194
Forsan,TX,32.1104,-101.3668
Hancock,WI,44.1333,-89.5209
Whitesburg,GA,33.4928,-84.9137
Kidder,MO,39.7822,-94.1023
Marston,MO,36.5177,-89.6063
Atlanta,MO,39.8986,-92.48
White City,KS,38.7938,-96.7349
New Kingstown,PA,40.2311,-77.0728
Lake Arthur,NM,32.9994,-104.3637
Kellogg,MN,44.3074,-91.9989
Ruma,IL,38.1306,-90.0004
Victor,CA,38.1385,-121.1987
Wilmot,AR,33.0588,-91.5749
Delaware,IN,39.1478,-85.2072
Carlisle,SC,34.5921,-81.4645
Joiner,AR,35.5054,-90.1501
White,SD,44.4359,-96.646
Springboro,PA,41.8006,-80.3717
Dushore,PA,41.525,-76.3987
Grandview,IA,41.2771,-91.188
Lone Wolf,OK,34.9904,-99.2456
Underwood,MN,46.2869,-95.8722
Green Isle,MN,44.6804,-94.0052
Lyman,WA,48.523,-122.0634
Monument,NM,32.6243,-103.2776
Valley Acres,CA,35.2087,-119.4106
Andersonville,OH,39.4338,-83.019
Freeville,NY,42.5114,-76.3457
Snydertown,PA,40.9872,-77.5994
Elizabeth,LA,30.867,-92.7987
Millburg,MI,42.1236,-86.3466
Rock Mills,AL,33.1563,-85.2862
Peachland,NC,34.9931,-80.266
Lavelle,PA,40.7623,-76.3869
Linville,NC,36.0674,-81.8715
El Veintiseis,PR,18.4394,-66.2035
Mount Vernon,SD,43.7127,-98.2612
Center,IN,40.4368,-86.0596
Webberville,TX,30.226,-97.4995
Wahpeton,IA,43.3742,-95.1744
Breda,IA,42.184,-94.975
Lewistown,MO,40.0848,-91.8136
Accident,MD,39.6257,-79.32
Dillard,OR,43.1082,-123.4262
Binger,OK,35.3097,-98.343
Stirling City,CA,39.9064,-121.5361
Iberia,OH,40.6747,-82.8403
Montross,VA,38.0941,-76.8229
Wellington,KY,38.2167,-85.6703
Atlantic,VA,37.9023,-75.5058
Finley Point,MT,47.7464,-114.0666
York,AZ,32.9175,-109.196
Millwood,PA,40.3504,-79.2853
Cecil,GA,31.0466,-83.3906
Chewey,OK,36.121,-94.7492
Orient,OR,45.4691,-122.3545
Sextonville,WI,43.2795,-90.2924
Silver City,IA,41.1116,-95.6381
Twin Creeks,MT,46.9106,-113.7267
South Royalton,VT,43.8123,-72.5155
Cazadero,CA,38.5265,-123.0978
Potts Camp,MS,34.6492,-89.3065
Texhoma,TX,36.4937,-101.7937
Scipio,UT,39.249,-112.1045
Marshallberg,NC,34.7265,-76.515
Bootjack,CA,37.4673,-119.8852
Morven,NC,34.8643,-80
McCallsburg,IA,42.1648,-93.3906
Bitter Springs,AZ,36.6118,-111.6475
Katie,OK,34.5832,-97.3389
Westfir,OR,43.7579,-122.5097
Scranton,IA,42.0192,-94.5492
Greeley Center,NE,41.5483,-98.5305
Stewartsville,VA,37.265,-79.7899
Otis,KS,38.5347,-99.0533
Prichard,WV,38.2362,-82.6028
Soudan,MN,47.813,-92.2356
Springfield,SC,33.4967,-81.2795
Claflin,KS,38.5246,-98.5367
Lindisfarne,MT,47.8042,-114.2121
Valle Vista,TX,26.316,-98.6547
Verden,OK,35.0833,-98.0863
San Mar,MD,39.5521,-77.641
Choctaw,LA,29.8457,-90.7238
Turpin,OK,36.8705,-100.8825
Michiana Shores,IN,41.7564,-86.8181
Derby,OH,39.764,-83.2068
Orbisonia,PA,40.2429,-77.893
Lafe,AR,36.2092,-90.5043
Elmo,UT,39.3877,-110.8156
Lakewood Shores,IL,41.28,-88.1443
Assaria,KS,38.6802,-97.604
Carsonville,MI,43.4257,-82.673
Miltona,MN,46.0462,-95.2932
Eagletown,OK,34.0417,-94.57
Troxelville,PA,40.8075,-77.206
Swall Meadows,CA,37.5061,-118.6426
Deerfield Street,NJ,39.5212,-75.2421
Kerr,MT,47.6771,-114.1873
Franklintown,PA,40.0761,-77.0296
Lemitar,NM,34.1551,-106.9122
Oklee,MN,47.8387,-95.8496
North Springfield,VT,43.3304,-72.5277
Carnelian Bay,CA,39.2336,-120.0764
Marquette,IA,43.0443,-91.192
Martelle,IA,42.0204,-91.3578
Pinal,AZ,33.3802,-110.7572
Morton,MN,44.5534,-94.985
Galva,IA,42.5057,-95.418
Bryce,AZ,32.9258,-109.8229
Prairie du Rocher,IL,38.0816,-90.0977
New Washington,IN,38.5656,-85.5461
Tecolotito,NM,35.2307,-105.1631
Bethel,DE,38.5711,-75.6195
Vail,IA,42.0597,-95.2005
Bowman,TN,36.0586,-85.0305
Charlotte,IA,41.9621,-90.4682
Neeses,SC,33.5365,-81.1236
Farmington,WV,39.5119,-80.2515
Lobo Canyon,NM,35.2238,-107.7209
Prattsville,AR,34.3172,-92.5429
Slaughter Beach,DE,38.915,-75.309
Villa Pancho,TX,25.8844,-97.4157
Circleville,UT,38.1684,-112.2716
Waveland,IN,39.8775,-87.0456
Kelayres,PA,40.9007,-76.0045
West Waynesburg,PA,39.9,-80.2007
Grand View,ID,42.9839,-116.0917
McGregor,MN,46.6087,-93.3055
Barnardsville,NC,35.7819,-82.4556
Big Lake,IN,41.2742,-85.4993
Bigfork,MN,47.7473,-93.6525
Rosholt,SD,45.8662,-96.7318
Lovingston,VA,37.7605,-78.8688
Valley Falls,NY,42.9006,-73.5627
Broad Top City,PA,40.2012,-78.1405
Tolani Lake,AZ,35.431,-110.8431
Depauville,NY,44.1425,-76.0452
Otwell,IN,38.4565,-87.0959
Portland,AR,33.2379,-91.5109
Indian Field,CT,41.0218,-73.6071
Terry,MT,46.7921,-105.3125
Edison,CA,35.3473,-118.8698
Lunenburg,VT,44.457,-71.6803
Big Stone Gap East,VA,36.8785,-82.7444
Pelham,TN,35.3342,-85.8703
Arrey,NM,32.8472,-107.3204
Alpena,AR,36.2897,-93.3037
Garrett,PA,39.8643,-79.0619
Mount Vernon,OR,44.4169,-119.1132
Bliss,NY,42.5801,-78.2538
Cleveland,UT,39.3494,-110.8556
Cochranville,PA,39.8905,-75.9241
Veblen,SD,45.862,-97.2869
Grimesland,NC,35.5685,-77.2025
Herman,MN,45.8105,-96.1414
Charlton Heights,WV,38.1255,-81.2333
Hazel,KY,36.5055,-88.3253
Polo,MO,39.5495,-94.0395
Malcolm,NE,40.909,-96.8658
Ashley,IL,38.3288,-89.1893
Mattawamkeag,ME,45.5177,-68.3523
Kadoka,SD,43.8325,-101.5081
Summersville,MO,37.1785,-91.6576
Blanco,NM,36.7406,-107.806
Provencal,LA,31.6547,-93.1999
Ramona,SD,44.1199,-97.2154
Old Green,OK,35.9844,-94.6039
Eustis,NE,40.6645,-100.0296
Cook,MN,47.8412,-92.6887
La Tina Ranch,TX,26.2031,-97.4764
Little River,KS,38.3983,-98.0149
Nunn,CO,40.7137,-104.7889
Wilkinson,IN,39.8857,-85.6086
Chokio,MN,45.5731,-96.1742
Chain-O-Lakes,IN,41.7084,-86.38
Tower,MN,47.8104,-92.2806
Cordova,MD,38.868,-75.9989
Websterville,VT,44.1619,-72.4733
Wyoming,NY,42.8241,-78.0842
Tesuque Pueblo,NM,35.809,-105.9752
The Escape,PA,41.3654,-75.3087
Double Horn,TX,30.4961,-98.217
Marshall,AK,61.8753,-162.0487
Eolia,MO,39.2388,-91.012
Amo,IN,39.6888,-86.6126
Winterstown,PA,39.8408,-76.6175
Fisher,MN,47.7992,-96.7993
Preston-Potter Hollow,NY,42.433,-74.2288
Sinking Spring,OH,39.0747,-83.3871
Fort Garland,CO,37.4279,-105.4351
Crown College,MN,44.8847,-93.7426
De Witt,NE,40.3953,-96.9221
Milladore,WI,44.6056,-89.8552
Custer Park,IL,41.2436,-88.1292
Broadus,MT,45.4429,-105.4083
Blessing,TX,28.8728,-96.2172
Alcolu,SC,33.7547,-80.2221
Rush Valley,UT,40.3613,-112.4506
Waubay,SD,45.3345,-97.3055
Drummond,OK,36.3018,-98.0357
Lake Hart,FL,28.3851,-81.2322
Andover,IL,41.2949,-90.2907
Crestview,KY,39.0246,-84.4157
Wellston,MI,44.2179,-85.962
Buchtel,OH,39.4633,-82.1808
Stonewall,OK,34.6499,-96.5268
Camak,GA,33.4526,-82.6462
Varna,IL,41.0353,-89.2244
Sargent,NE,41.6399,-99.3688
Keota,OK,35.2569,-94.9226
Lanagan,MO,36.6061,-94.4517
Iroquois,SD,44.3679,-97.8495
Maddock,ND,47.9624,-99.5293
Fredericksburg,OH,40.677,-81.8697
Star Junction,PA,40.061,-79.7656
East Alto Bonito,TX,26.3023,-98.6358
Davis,IL,42.4215,-89.4156
Manila,UT,40.9922,-109.7209
Peaster,TX,32.8721,-97.8667
Johnsonburg,NJ,40.9623,-74.8765
Newark,WV,39.1219,-81.391
Converse,SC,34.994,-81.8421
Skellytown,TX,35.5704,-101.1728
La Harpe,KS,37.9166,-95.3023
Trinidad,CA,41.0589,-124.1434
Western Grove,AR,36.1011,-92.9546
Eubank,KY,37.2799,-84.6541
New Albin,IA,43.497,-91.2878
Canon,NM,35.6718,-106.7527
Lovelady,TX,31.1279,-95.4456
Mayfield,UT,39.1193,-111.7079
Sawyer,OK,34.0206,-95.378
Wiley,CO,38.1553,-102.7193
Eldon,OK,35.9305,-94.8179
Liberty,IL,39.8842,-91.1084
Petersburg,NE,41.8536,-98.0811
Hanoverton,OH,40.7547,-80.9355
Good Thunder,MN,44.0068,-94.0705
Angus,TX,31.9976,-96.427
Maupin,OR,45.1732,-121.0881
Titonka,IA,43.2372,-94.0413
White Lake,SD,43.7283,-98.712
Falcon Mesa,TX,26.8706,-99.2907
Potrero,CA,32.6131,-116.6068
Carrollton,MS,33.5056,-89.9218
Seville,CA,36.4835,-119.2259
Oceanside,OR,45.4549,-123.961
Smith Corner,CA,35.4788,-119.2771
Caney,OK,35.8352,-94.8421
Broomes Island,MD,38.4203,-76.5475
Paden,OK,35.508,-96.5674
Princeton,CA,39.4016,-122.0194
Coalport,PA,40.7476,-78.532
Miltonvale,KS,39.3496,-97.4523
Carmichaels,PA,39.8977,-79.9749
Moro,OR,45.4837,-120.7333
Webb,MS,33.9477,-90.3463
Bethune,SC,34.4143,-80.3487
Herminie,PA,40.2634,-79.7137
Baxterville,MS,31.0837,-89.5891
Thomaston,AL,32.2683,-87.6237
Stockton,NJ,40.4061,-74.9758
Northport,WI,44.4082,-88.8038
Elmora,PA,40.6017,-78.7464
Larwill,IN,41.1793,-85.6242
Butternut,WI,46.0133,-90.4974
Rio Oso,CA,38.9518,-121.531
Peter,UT,41.7716,-111.9859
Mammoth,PA,40.1987,-79.4628
Laketown,UT,41.8275,-111.3242
North Anson,ME,44.8614,-69.8975
Puckett,MS,32.0872,-89.7819
Ranchos Penitas West,TX,27.6745,-99.6035
Mayland,TN,36.0459,-85.2069
Fernville,PA,41.0024,-76.4752
Mitchell Heights,WV,37.9087,-81.9867
Crawford,CO,38.7051,-107.6097
Big Wells,TX,28.5699,-99.5702
Briarwood,KY,38.278,-85.5926
Windsor Place,MO,38.9342,-92.7029
Boody,IL,39.7644,-89.0467
St. Joe,IN,41.3146,-84.9011
Raymond,OH,40.335,-83.4635
Gloria Glens Park,OH,41.0578,-81.901
Elliott,IA,41.1494,-95.163
Mullen,NE,42.0427,-101.0446
Beecher City,IL,39.1867,-88.7877
Bison,SD,45.5235,-102.4677
Cornell,IL,40.992,-88.7299
Healy,KS,38.603,-100.6176
Joppa,AL,34.2982,-86.5506
Badger,MN,48.7768,-96.0213
Deercroft,NC,34.9592,-79.4352
Mulberry,KS,37.5561,-94.6235
Chickasaw,OH,40.4366,-84.4937
Tebbetts,MO,38.6192,-91.9589
Spavinaw,OK,36.3937,-95.0502
Sharpsburg,KY,38.2016,-83.9278
Mead,OK,33.9979,-96.5187
Advance,IN,39.9956,-86.6199
Lemon Grove,FL,27.5765,-81.636
Westfield,IL,39.4555,-87.9963
Oval,PA,41.1522,-77.1745
Fairchild,WI,44.6036,-90.9577
West Mountain,CT,41.2993,-73.5383
East Ellijay,GA,34.676,-84.4761
Hermleigh,TX,32.6366,-100.7523
Hubbardston,MI,43.0943,-84.842
Chambers,NE,42.2047,-98.7486
Bennett,IA,41.74,-90.9735
Osgood,OH,40.3395,-84.496
Wishram,WA,45.6613,-120.9714
Cordova,NM,36.0128,-105.8566
Woodland,PA,41.0058,-78.3448
Jeffersonville,NY,41.7799,-74.9298
Fulton,AL,31.7916,-87.7396
Ulen,MN,47.0781,-96.2581
Almond,WI,44.2607,-89.4087
Farnhamville,IA,42.2767,-94.4078
Bastian,VA,37.1535,-81.1525
San Patricio,TX,27.9772,-97.7766
Chamois,MO,38.6763,-91.77
Startex,SC,34.9305,-82.0942
Delmar,IA,41.9989,-90.608
McLemoresville,TN,35.9863,-88.58
Cedro,NM,35.018,-106.3508
Tonyville,CA,36.2474,-119.0903
Mooreland,IN,39.9973,-85.2513
Gila,NM,32.9485,-108.5762
Little Rock,IA,43.4471,-95.8804
Springdale,UT,37.1816,-113.0049
Ehrhardt,SC,33.0985,-81.0138
Willisville,IL,37.9828,-89.5898
Mesick,MI,44.4043,-85.7171
Pinnacle,NC,36.323,-80.4241
Shakertowne,MO,37.694,-89.8674
Tribbey,OK,35.1006,-97.0957
Meadowlands,PA,40.2173,-80.2302
Garwood,TX,29.4432,-96.4056
Coram,MT,48.4306,-114.0444
Mifflin,PA,40.5686,-77.4046
Helix,OR,45.8507,-118.6591
Momeyer,NC,35.9592,-78.0511
McCurtain,OK,35.1509,-94.9669
Endicott,WA,46.9282,-117.6867
Easton,TX,32.382,-94.5912
Deerfield,VA,38.1954,-79.4105
Morrison,CO,39.6368,-105.2006
Cedar Creek,NE,41.0451,-96.1016
Turnerville,WY,42.8624,-110.9007
Massieville,OH,39.2631,-82.9659
Monroe Center,IL,42.1003,-88.9941
Castorland,NY,43.8862,-75.5164
Vayas,PR,18.0541,-66.5858
Union,WV,37.5905,-80.5419
Mount Pleasant Mills,PA,40.7247,-77.02
Nixburg,AL,32.864,-86.0976
Oakesdale,WA,47.1305,-117.2464
Twain,CA,40.0355,-121.0404
Orangeville,PA,41.0769,-76.4115
Hardin,KY,36.7651,-88.3023
Wausau,FL,30.6334,-85.5874
Snow Lake Shores,MS,34.824,-89.2385
Hartford,OH,40.2395,-82.6884
Victor,CO,38.7088,-105.1419
Heidlersburg,PA,39.9471,-77.1496
Parrott,VA,37.2168,-80.6241
Hemingway,SC,33.7534,-79.4462
Arbyrd,MO,36.0535,-90.2399
Lake Poinsett,SD,44.5664,-97.0798
Northport,MI,45.1303,-85.6171
Manvel,ND,48.0727,-97.1779
Bellerive Acres,MO,38.7123,-90.3121
Salix,IA,42.3158,-96.3035
Blue Eye,MO,36.515,-93.3828
Allerton,IA,40.7077,-93.3692
Franklin,NY,42.3415,-75.1659
Altura,MN,44.0642,-91.9435
Wrenshall,MN,46.6217,-92.384
Trent,OR,43.9429,-122.8575
Glen Fork,WV,37.6982,-81.5362
Cawker City,KS,39.5095,-98.4331
Hanover,MI,42.1001,-84.5542
East Orosi,CA,36.5481,-119.2599
Ascutney,VT,43.408,-72.407
Marine View,WA,46.9637,-119.3508
Handley,WV,38.1863,-81.3673
Howardwick,TX,35.0348,-100.9079
Esmont,VA,37.8284,-78.5959
Rockvale,MT,45.5187,-108.8713
Allensville,PA,40.533,-77.8142
Henrietta,NC,35.2569,-81.8012
Pine Springs,MN,45.0368,-92.9543
Cove,UT,41.9683,-111.7794
Wenden,AZ,33.8324,-113.5432
Mountain Plains,SD,44.467,-103.8636
Plumas Eureka,CA,39.7982,-120.6645
Loganton,PA,41.0338,-77.3023
Virgie,KY,37.3323,-82.5823
Catahoula,LA,30.2126,-91.7126
Oglesby,TX,31.4187,-97.5113
Stouchsburg,PA,40.3807,-76.2303
Scotia,NE,41.4678,-98.7024
Hayden,AZ,32.9995,-110.7814
Martin,KY,37.5667,-82.7604
Mount Cory,OH,40.9349,-83.8236
Neponset,IL,41.2968,-89.7894
Ashby,MN,46.0931,-95.8154
Achille,OK,33.8346,-96.3901
Lockhart,SC,34.7922,-81.4613
Orient,IA,41.2033,-94.4174
Roxton,TX,33.5453,-95.7248
Baggs,WY,41.0345,-107.6574
Cotton Plant,AR,35.0059,-91.252
Kennard,TX,31.3575,-95.1853
Mexico,PA,40.5417,-77.3583
Carrollton,IN,39.7056,-85.8208
Whitakers,NC,36.1057,-77.7131
Mount Calm,TX,31.7564,-96.8817
Rosebud,MO,38.3851,-91.4024
Fayette City,PA,40.1008,-79.8387
Bell,OK,35.7366,-94.5677
Bruni,TX,27.4282,-98.8322
Buckholts,TX,30.874,-97.1289
Northeast Harbor,ME,44.2936,-68.2914
Altenburg,MO,37.6304,-89.586
Lazy Y U,AZ,35.1369,-113.9684
Minnetonka Beach,MN,44.9385,-93.5865
Lime Springs,IA,43.4499,-92.2841
Dozier,AL,31.5031,-86.3694
Bedford,WY,42.8947,-110.9286
New Bloomington,OH,40.5837,-83.3125
Wapanucka,OK,34.3736,-96.4255
McCutchenville,OH,40.9944,-83.2547
Hobart,NY,42.3715,-74.6691
Massena,IA,41.2506,-94.7698
Bellflower,IL,40.3404,-88.5258
Highgate Center,VT,44.9375,-73.0421
Copperhill,TN,34.9952,-84.3749
Spillville,IA,43.2031,-91.9523
Wheatfields,AZ,33.4805,-110.8366
Jewell,KS,39.6715,-98.1525
Altoona,KS,37.5249,-95.6615
Mimbres,NM,32.8398,-107.9606
Bruin,PA,41.0544,-79.7273
Suring,WI,45.0007,-88.3692
Liberty Center,IN,40.6992,-85.2805
Canton,MN,43.5298,-91.93
Willshire,OH,40.7466,-84.7924
Dutton,AL,34.6062,-85.9119
Turrell,AR,35.3763,-90.2704
Clear Lake,IN,41.7388,-84.8391
Beallsville,PA,40.0619,-80.0302
Jamestown,WA,48.1229,-123.0911
Palo,MI,43.1106,-84.9861
Cerulean,KY,36.9552,-87.7089
Scranton,ND,46.1498,-103.1429
Roopville,GA,33.4566,-85.1304
Riverdale,IA,41.537,-90.464
Iron Gate,VA,37.7985,-79.7904
Cokeville,WY,42.0679,-110.9609
New Strawn,KS,38.2622,-95.7423
Subiaco,AR,35.2982,-93.6385
Harold,FL,30.6772,-86.831
Brook Forest,CO,39.5739,-105.3944
Ackerly,TX,32.5251,-101.7158
Pine Harbor,TX,32.7716,-94.4992
Saunemin,IL,40.8931,-88.406
Dinwiddie,VA,37.085,-77.5865
Irving,IL,39.2055,-89.4052
New Market,IA,40.7324,-94.9004
Miccosukee,FL,30.5931,-84.047
Loraine,IL,40.1525,-91.2215
Lost Lake Woods,MI,44.7926,-83.4223
Rockford,WA,47.4515,-117.1307
Chowan Beach,NC,36.2142,-76.7107
Carp Lake,MI,45.689,-84.7582
Waldo,WI,43.6766,-87.9478
Kingsley,KY,38.2219,-85.6726
Leroy,TX,31.7322,-97.0214
McNeil,AR,33.3479,-93.2084
Tira,TX,33.3222,-95.5606
Kila,MT,48.1216,-114.4768
Rowesville,SC,33.3722,-80.8362
Aberdeen Gardens,WA,47.0587,-123.7791
Corsica,PA,41.1813,-79.2026
North Hartland,VT,43.5936,-72.3578
Kirkwood,CA,38.693,-120.0641
Timberon,NM,32.636,-105.6925
Glen Allen,AL,33.8922,-87.7329
Estral Beach,MI,41.9869,-83.2357
Pratt,WV,38.2082,-81.3869
Millerton,PA,41.9868,-76.9396
Converse,LA,31.7795,-93.7001
Glenview Hills,KY,38.2951,-85.6382
El Combate,PR,17.9822,-67.2089
Anderson,SD,43.5194,-96.6141
Olivia,PA,40.7142,-78.2043
North Garden,VA,37.9612,-78.6334
Griffith Creek,TN,35.2761,-85.5361
Buffalo,IL,39.8499,-89.4091
Gorst,WA,47.5239,-122.7053
Calamus,IA,41.8264,-90.7597
Plainville,IN,38.8048,-87.1515
Rock Point,AZ,36.7173,-109.6287
Gilbertsville,KY,37.0284,-88.3103
Capon Bridge,WV,39.3,-78.4341
Barryton,MI,43.7505,-85.1436
North Courtland,AL,34.6788,-87.3083
Hudson,SD,43.1301,-96.4556
Plymouth,IA,43.2464,-93.1233
Redvale,CO,38.1761,-108.4125
Brethren,MI,44.3048,-86.0168
Pekin,OH,40.7207,-81.1247
Herrick,IL,39.2196,-88.9848
Grant Town,WV,39.559,-80.1771
Chicopee,KS,37.3835,-94.7444
Tununak,AK,60.579,-165.2077
Calion,AR,33.3287,-92.5402
Franktown,CO,39.3906,-104.7486
Keystone,SD,43.8949,-103.4268
Petrolia,TX,34.0131,-98.2313
Winthrop,WA,48.4715,-120.1792
Beaverdam,OH,40.8328,-83.9739
Fairgarden,TN,35.8982,-83.4119
Rawlings,MD,39.5403,-78.8858
Finklea,SC,34.0989,-78.9858
Flatwoods,WV,38.7187,-80.654
Three Springs,PA,40.1969,-77.9819
Birchwood,WI,45.6577,-91.5507
Richburg,SC,34.7168,-81.0196
Stonerstown,PA,40.2155,-78.2572
Brownsdale,FL,30.8859,-87.2218
Kasilof,AK,60.331,-151.2293
White Pine,MI,46.7402,-89.5813
Cohassett Beach,WA,46.8656,-124.1054
Selawik,AK,66.5988,-159.9995
Valle,AZ,35.6598,-112.1637
Clarksville,MI,42.8421,-85.2425
Bradfordsville,KY,37.4943,-85.1481
Malinta,OH,41.3196,-84.0353
Mehama,OR,44.7914,-122.6308
Vintondale,PA,40.4794,-78.9112
Mappsville,VA,37.8435,-75.5686
Fredonia,KY,37.2085,-88.0603
Hiltons,VA,36.6548,-82.4678
Walsh,CO,37.386,-102.2801
Glenwood,IN,39.6256,-85.3025
Middleway,WV,39.3032,-77.981
Matheny,WV,37.664,-81.5985
Pinas,PR,18.1902,-66.2332
Charlottesville,IN,39.7903,-85.6128
Walker Lake,NV,38.6458,-118.7563
Munnsville,NY,42.9766,-75.5866
Lostant,IL,41.1252,-89.0668
Metamora,IN,39.4481,-85.1378
Yatesville,GA,32.9133,-84.1423
Huttig,AR,33.0418,-92.1818
Langford,SD,45.6024,-97.8303
Haines Falls,NY,42.197,-74.1009
Deepwater,MO,38.2592,-93.7746
Ramey,PA,40.8017,-78.3994
Gold Hill,NC,35.5254,-80.3452
La Esperanza,TX,26.4313,-98.8923
Worthington,IA,42.398,-91.1207
Gilby,ND,48.0835,-97.4679
Puerto de Luna,NM,34.8297,-104.6222
Naschitti,NM,36.0626,-108.68
Alexandria,PA,40.5583,-78.0997
Turkey Creek,LA,30.8732,-92.417
Benbow,CA,40.0603,-123.7654
West Elizabeth,PA,40.2721,-79.8952
Oso,WA,48.2836,-121.9238
Alleman,IA,41.8149,-93.6092
Reliance,WY,41.6682,-109.1977
Hartland,MN,43.8042,-93.4843
Higgston,GA,32.2164,-82.467
Sangrey,MT,48.2817,-109.8167
Anoka,IN,40.722,-86.2825
Los Angeles,TX,26.4947,-97.7862
Bowie,AZ,32.3247,-109.4843
Phippsburg,CO,40.2302,-106.9508
Belview,MN,44.6065,-95.3287
Oakland,MS,34.0576,-89.9132
Muir Beach,CA,37.8655,-122.5859
Brewer,MO,37.7836,-89.918
Bayard,IA,41.8522,-94.5585
Dubois,IN,38.4458,-86.7978
Aspers,PA,39.9792,-77.2276
Farnham,NY,42.595,-79.0809
Kingston,MI,43.4128,-83.1863
Stollings,WV,37.8409,-81.9625
Wood Lake,MN,44.6513,-95.5358
Hixton,WI,44.3831,-91.0147
Two Strike,SD,43.2141,-100.8988
Chattanooga,OK,34.4238,-98.654
Bostwick,GA,33.7373,-83.5141
Iredell,TX,31.9865,-97.8719
San Pedro,TX,25.9812,-97.5882
Sunrise Beach,MO,38.1667,-92.78
Vanderbilt,MI,45.1436,-84.6639
Celestine,IN,38.3848,-86.7792
Smyer,TX,33.5874,-102.1636
Nickelsville,VA,36.7517,-82.416
Lassalle Comunidad,PR,18.3854,-67.0617
Scammon,KS,37.2781,-94.823
Farragut,IA,40.7201,-95.4808
Phillipsburg,OH,39.904,-84.4008
Otho,IA,42.4222,-94.1494
Earling,WV,37.7668,-81.9161
Runnells,IA,41.5141,-93.3601
Good Hope,IL,40.5574,-90.6752
Hurley,SD,43.2794,-97.0894
East Liberty,OH,40.3339,-83.585
Colome,SD,43.2599,-99.7174
Fort Johnson,NY,42.9591,-74.2381
West Kootenai,MT,48.9652,-115.2213
Lawler,IA,43.0721,-92.1533
Sibley,MO,39.1758,-94.2009
Windthorst,TX,33.576,-98.4348
Damascus,AR,35.3671,-92.4108
Dundee,OH,40.5868,-81.6069
Inchelium,WA,48.3379,-118.2372
Lennon,MI,42.9855,-83.9325
Lingle,WY,42.1388,-104.3461
Halliday,ND,47.3521,-102.3387
Martinsville,OH,39.3227,-83.8116
Poy Sippi,WI,44.136,-88.9964
West Union,SC,34.759,-83.0432
Nanticoke,MD,38.2676,-75.8939
Bartley,NE,40.2511,-100.3105
Lynnville,TN,35.3782,-87.0054
Low Moor,VA,37.7952,-79.8695
Parkman,WY,44.9488,-107.3077
Horseshoe Lake,AR,34.9136,-90.308
Sugar Grove,OH,39.6279,-82.5456
Oak Valley,TX,32.0331,-96.5116
Sumner,MS,33.9693,-90.3693
North Pearsall,TX,28.9216,-99.095
Arboles,CO,37.0201,-107.4221
McCoole,MD,39.4534,-78.9732
Phenix,VA,37.0811,-78.7485
Waverly,WV,39.3328,-81.3813
Blooming Valley,PA,41.68,-80.0396
St. James,LA,30.0185,-90.8513
Brookford,NC,35.703,-81.3452
Norwood,KY,38.2522,-85.6109
Tehama,CA,40.0217,-122.1268
Fort Jesup,LA,31.6118,-93.4077
Maitland,MO,40.202,-95.078
Birch Tree,MO,36.9967,-91.4916
Fairacres,NM,32.3047,-106.8367
North Hampton,OH,39.9893,-83.9443
Clear Spring,MD,39.6562,-77.9304
Benton,IN,41.5092,-85.7611
East Lynn,IL,40.4663,-87.8007
Upsala,MN,45.81,-94.5674
McLain,MS,31.1037,-88.8239
Quincy,OH,40.2956,-83.9686
Plymouth,UT,41.8734,-112.1454
Casnovia,MI,43.2336,-85.7895
Culdesac,ID,46.3749,-116.6703
Keytesville,MO,39.4313,-92.9371
Kendall,WI,43.7926,-90.3677
Milbridge,ME,44.5343,-67.8903
Newington,GA,32.5887,-81.5063
Nichols,IA,41.48,-91.3079
Eldorado,OK,34.473,-99.6496
Lost Nation,IA,41.9676,-90.8181
Dalmatia,PA,40.65,-76.9027
Newry,SC,34.724,-82.9141
Spaulding,CA,40.6557,-120.7863
Waubun,MN,47.184,-95.9401
Cove,TX,29.8109,-94.8206
Macclesfield,NC,35.7522,-77.6704
Braswell,GA,33.9836,-84.9591
Tutuilla,OR,45.6142,-118.7066
Arlington,KS,37.8962,-98.178
Leland,MI,45.0214,-85.7575
Andrew,IA,42.1532,-90.5922
Hayti,SD,44.658,-97.2049
Three Lakes,WI,45.8047,-89.1708
Homer,NE,42.3225,-96.4912
Morral,OH,40.6914,-83.2098
Armorel,AR,35.9223,-89.8009
Taylorsville,GA,34.086,-84.9875
Gasquet,CA,41.8429,-123.9731
Kapalua,HI,20.9959,-156.6418
Odessa,DE,39.4565,-75.6605
Rico,CO,37.6891,-108.0316
Clifton,WV,39.0041,-82.0393
Kennard,NE,41.4747,-96.2037
Simpson,LA,31.264,-93.0193
Zaleski,OH,39.282,-82.3944
Gilmore,MD,39.5831,-78.9513
Miles,IA,42.0481,-90.3133
Sunset Bay,NY,42.5607,-79.1307
Wilbur Park,MO,38.5532,-90.3087
Tuscarora,PA,40.7688,-76.038
Hendricks,WV,39.0755,-79.6299
Idaville,IN,40.7588,-86.6505
Union,IA,42.2435,-93.0625
Pine Valley,CO,39.691,-105.4132
Dustin,OK,35.2714,-96.0281
Freeburg,MO,38.3162,-91.9222
Canaseraga,NY,42.4618,-77.7773
Wabbaseka,AR,34.3592,-91.7928
Laurel Heights,NJ,39.457,-75.2235
Hanska,MN,44.1487,-94.4945
Emerado,ND,47.9245,-97.3653
Orr,MN,48.0594,-92.8249
Florence,WI,45.9266,-88.2463
Grover,SC,33.1092,-80.592
El Prado Estates,AZ,32.7062,-114.5215
Stockton,AL,30.9946,-87.86
East Middlebury,VT,43.9746,-73.1052
Dry Prong,LA,31.5806,-92.5305
Whiteface,TX,33.5996,-102.6134
Seven Devils,NC,36.149,-81.812
Frizzleburg,PA,41.0742,-80.449
Poyen,AR,34.3242,-92.642
Amber,OK,35.1602,-97.882
Iron City,GA,31.0136,-84.8133
Hundred,WV,39.6835,-80.4575
Altamont,UT,40.3589,-110.2881
Kinde,MI,43.9405,-82.9963
McArthur,CA,41.0414,-121.4068
Glacier Colony,MT,48.8287,-112.2149
Spalding,NE,41.6892,-98.3626
Hallsburg,TX,31.5683,-96.9464
Rolling Prairie,IN,41.6743,-86.6207
Stonefort,IL,37.6178,-88.7051
Millerville,AL,33.1926,-85.9302
Summit,SD,45.3056,-97.0391
Boulder,UT,37.9228,-111.4319
Speculator,NY,43.5944,-74.3822
Sunbrook,PA,40.4338,-78.4324
Comanche Creek,CO,39.615,-104.3268
White Eagle,OK,36.6268,-97.0812
Strong,AR,33.1079,-92.3556
Fayette,UT,39.2244,-111.8539
Bode,IA,42.868,-94.2863
Sherwood,MI,41.9997,-85.2394
Bolivar,PA,40.3952,-79.1521
Wilmore,PA,40.3873,-78.7172
Ogilvie,MN,45.8301,-93.4232
Depew,OK,35.7969,-96.5302
Avon,AL,31.1797,-85.279
Rosser,TX,32.4648,-96.4431
Smithton,PA,40.1538,-79.7424
Naylor,MO,36.5744,-90.6055
Simpson,NC,35.5753,-77.279
Eskridge,KS,38.8595,-96.1049
Casey,IA,41.5075,-94.5214
Greenville,CA,40.1336,-120.9454
Hawk Cove,TX,32.884,-96.0833
Verlot,WA,48.1003,-121.7679
Franklin,WV,38.6452,-79.3332
Hardesty,OK,36.6148,-101.1936
Emigrant,MT,45.3755,-110.7465
Phelps,KY,37.509,-82.1605
Madison,MO,39.4735,-92.2117
Everest,KS,39.677,-95.4248
Oak Glen,CA,34.0448,-116.9497
Tower Hill,IL,39.3868,-88.9592
Dawson,PA,40.0474,-79.657
Otter Lake,MI,43.2138,-83.4595
Vallonia,IN,38.8461,-86.0991
Allenhurst,NJ,40.2362,-74.0017
Kelley,IA,41.951,-93.6656
Ford Cliff,PA,40.7608,-79.5358
Keswick,VA,38.0127,-78.3613
Ewing,NE,42.2594,-98.3438
Broadview,NM,35.2257,-107.8761
Cross Timbers,MO,38.0242,-93.2294
Mauricetown,NJ,39.292,-75.0097
Unionville,MT,46.5456,-112.0799
Paxville,SC,33.739,-80.3586
Haydenville,OH,39.4807,-82.3238
Prairie City,IL,40.621,-90.4649
Sunburst,MT,48.878,-111.9051
Parryville,PA,40.8243,-75.6701
Symsonia,KY,36.9211,-88.5227
Meridian,CA,39.1405,-121.9078
West Dunbar,WV,38.3725,-81.7558
Clayton,LA,31.7226,-91.5373
Darwin,MN,45.0969,-94.4137
Sadieville,KY,38.3883,-84.549
Grahamtown,MD,39.6448,-78.9225
Gypsum,KS,38.7058,-97.4266
Madison,PA,40.2455,-79.6748
Bricelyn,MN,43.5607,-93.8131
Rosewood,OH,40.2174,-83.9634
Parkhill,PA,40.3612,-78.8709
Gallatin,TX,31.8969,-95.152
West Okoboji,IA,43.3489,-95.1635
Wall Lane,AZ,32.6573,-114.7105
Empire,MI,44.8126,-86.0594
Danwood,SC,34.0903,-79.7695
Shartlesville,PA,40.5135,-76.1017
Oakview,MO,39.2086,-94.5704
Yankee Hill,CA,39.7007,-121.5147
Traver,CA,36.454,-119.4838
Jewett,OH,40.3681,-81.0031
Jumpertown,MS,34.7079,-88.6619
Yantis,TX,32.9305,-95.5761
Dow City,IA,41.9275,-95.4944
Casar,NC,35.5127,-81.6168
Huntleigh,MO,38.6131,-90.4091
Odum,GA,31.6665,-82.0269
Goshen,NJ,39.1465,-74.8524
Arapahoe,NC,35.0215,-76.826
Kilbourne,LA,32.9971,-91.3139
Tiger,GA,34.8458,-83.433
Sandia Park,NM,35.1649,-106.3657
Williamsburg,KS,38.4807,-95.4681
Bicknell,UT,38.3406,-111.5442
Bucklin,MO,39.7837,-92.8879
Tippecanoe,IN,41.2089,-86.115
Ryan,IA,42.3524,-91.4849
Limestone,NY,42.0229,-78.6331
Lockridge,IA,40.9936,-91.7507
Round Lake,MN,43.5373,-95.4701
Silex,MO,39.1254,-91.0574
Fenwick Island,DE,38.4604,-75.0542
Cameron,IL,40.8875,-90.5164
Gopher Flats,OR,45.6658,-118.7225
Burlington Junction,MO,40.4466,-95.0667
Mineral Point,MO,37.9455,-90.7246
Weippe,ID,46.3787,-115.9396
Duncombe,IA,42.4698,-93.9968
Ione,WA,48.74,-117.4215
Letts,IA,41.3301,-91.2354
Dowelltown,TN,36.0125,-85.9426
Bonaparte,IA,40.7012,-91.8006
Creedmoor,TX,30.0739,-97.7372
Fredonia,PA,41.3219,-80.2581
Donahue,IA,41.6916,-90.6747
Fanshawe,OK,34.9738,-94.8543
Bayside,TX,28.0966,-97.2109
Pinecroft,PA,40.5652,-78.352
Armington,IL,40.3397,-89.3144
Hayti Heights,MO,36.2311,-89.7682
Virginville,PA,40.5191,-75.8638
Lake Almanor West,CA,40.2336,-121.2021
Gordon,AL,31.1436,-85.0925
Manzanola,CO,38.1088,-103.8668
Lake Sherwood,WI,44.2057,-89.7942
Juda,WI,42.59,-89.5092
New Church,VA,37.9826,-75.5291
Bennetts Switch,IN,40.5872,-86.1099
Philadelphia,IN,39.7814,-85.8455
Hebron,WI,42.9232,-88.6916
Tolchester,MD,39.2219,-76.2349
North Hodge,LA,32.2845,-92.7171
Holyrood,KS,38.5876,-98.4119
Mansfield,GA,33.518,-83.7348
Fayetteville,IL,38.3778,-89.7966
Windsor,NJ,40.2465,-74.5814
Arrowsmith,IL,40.4493,-88.6321
Firth,ID,43.3057,-112.1834
New Ross,IN,39.9646,-86.7142
Dennard,AR,35.7491,-92.5388
Evergreen,NC,34.4149,-78.9114
Callender,IA,42.3616,-94.2955
Hatteras,NC,35.2176,-75.6872
Orient,IL,37.9176,-88.9773
Alto Pass,IL,37.5737,-89.3192
Readstown,WI,43.4485,-90.759
Hollandale,MN,43.7598,-93.2043
Verdunville,WV,37.8532,-82.0603
Talco,TX,33.3628,-95.1034
Merna,NE,41.4852,-99.7611
Mount Lena,MD,39.554,-77.6219
Ontario,WI,43.7222,-90.5941
Cooperstown,PA,41.4998,-79.8736
Belle Rive,IL,38.2317,-88.7405
Bernice,OK,36.6217,-94.9118
Miranda,CA,40.2289,-123.8173
Northmoor,MO,39.1845,-94.6054
Ojo Amarillo,NM,36.6942,-108.3704
Hewlett Bay Park,NY,40.6346,-73.6953
Rockhill,PA,40.241,-77.8995
Reddington,IN,39.0326,-85.8328
Juarez,TX,26.2009,-97.7296
Mildred,PA,41.4781,-76.3783
Pedricktown,NJ,39.7658,-75.4085
Industry,PA,40.2665,-79.7936
Hudson,WY,42.9028,-108.5819
Hermitage,AR,33.4474,-92.1714
Sumner,NE,40.949,-99.5081
Clyman,WI,43.3116,-88.7232
Dunfermline,IL,40.4917,-90.0323
Curtiss,WI,44.9521,-90.435
Halfway,OR,44.8781,-117.1097
Dayville,CT,41.8443,-71.8823
Brimley,MI,46.406,-84.5786
Dover,NC,35.2155,-77.4338
Jane,MO,36.5403,-94.3078
Delanson,NY,42.7474,-74.1841
Cromwell,MN,46.6795,-92.8731
Lakeside Woods,CT,41.5548,-73.484
Plummer,MN,47.9151,-96.0416
Plainfield,IA,42.8447,-92.5359
Gustine,TX,31.8457,-98.4025
Tyndall AFB,FL,30.0856,-85.6075
Friendsville,MD,39.6624,-79.4044
Glen,MS,34.8585,-88.4199
New Troy,MI,41.879,-86.5475
Montvale,VA,37.3865,-79.7252
Donaldson,PA,40.6363,-76.4056
Farwell,PA,41.3336,-77.7173
Grays Prairie,TX,32.4734,-96.3502
Madaket,MA,41.2826,-70.1855
Artesia,MS,33.4164,-88.6424
Mondamin,IA,41.71,-96.0215
Ovid,CO,40.9609,-102.3883
Gayville,SD,42.8889,-97.1738
Fortine,MT,48.7723,-114.9008
Goshen,AL,31.7182,-86.1242
Pierron,IL,38.7772,-89.5645
Creekside,KY,38.2914,-85.5701
Kistler,WV,37.7656,-81.8578
Pymatuning South,PA,41.5067,-80.4702
Eagle,PA,40.0764,-75.6855
Cedar Lake,OK,35.4276,-98.193
Edna,CA,35.2108,-120.606
Rock City,IL,42.4129,-89.4715
West Manchester,OH,39.9034,-84.6263
McGuffey,OH,40.6928,-83.7859
Hopkins,MO,40.5511,-94.8169
Chilcoot-Vinton,CA,39.8067,-120.1388
Carmen,OK,36.5791,-98.4579
Wharton,OH,40.8613,-83.4648
Tazlina,AK,62.0536,-145.4363
New Vienna,IA,42.5478,-91.1138
Sale City,GA,31.2626,-84.0214
Springfield,AR,35.2729,-92.5549
Joy,IL,41.1969,-90.8788
Rothbury,MI,43.5199,-86.3588
Poynor,TX,32.0793,-95.5924
Marble,NC,35.177,-83.9265
New River,VA,37.1408,-80.593
Bradshaw,NE,40.8835,-97.7468
Whites Landing,OH,41.4308,-82.8957
Hector,AR,35.4646,-92.9759
Kimberton,PA,40.1306,-75.5743
Bakersfield,VT,44.7821,-72.8032
Henlawson,WV,37.9,-81.982
Wauhillau,OK,35.8643,-94.7605
Phillips,NE,40.8977,-98.2142
Donaldson,AR,34.235,-92.9195
Melvin,IL,40.5709,-88.2471
Shickley,NE,40.4165,-97.7241
Winslow,IL,42.4929,-89.7948
Gause,TX,30.7874,-96.7224
Scotts Mills,OR,45.041,-122.6689
Holloway,OH,40.1621,-81.1313
Grinnell,KS,39.1266,-100.6311
Pine Forest,TX,30.1757,-94.0367
Audubon,MN,46.8645,-95.9841
Tall Timber,CO,40.0151,-105.3498
Sparland,IL,41.0295,-89.441
Lorimor,IA,41.1268,-94.0569
Moline,KS,37.3637,-96.3025
Cedar Hill,TN,36.5512,-87.001
Lore City,OH,39.9832,-81.46
Pineland,FL,26.6642,-82.1477
Fort Duchesne,UT,40.2809,-109.8774
Gridley,KS,38.1007,-95.8826
Quenemo,KS,38.5801,-95.5266
Luther,MI,44.0386,-85.6827
Waldo,OH,40.4598,-83.0848
Bridgeport,CA,38.2561,-119.2123
Higginsport,OH,38.79,-83.9673
Blum,TX,32.1419,-97.3972
Nashville,OH,40.5961,-82.1129
Hillcrest Heights,FL,27.8083,-81.5695
Tusayan,AZ,35.9549,-112.1202
Conicville,VA,38.8296,-78.69
Forest Hills,KY,38.2158,-85.5834
Calvin,OK,34.9662,-96.2496
Sublette,IL,41.6438,-89.231
Emden,IL,40.2982,-89.4851
South Bethlehem,PA,40.9991,-79.3395
Libertyville,IA,40.9582,-92.0496
Mingo,IA,41.7662,-93.2825
Cobb,WI,42.9661,-90.3296
Unity,WI,44.8511,-90.3131
Peterson,IA,42.9176,-95.3434
Sacramento,KY,37.416,-87.2678
Cornfields,AZ,35.6515,-109.6756
Kings Point,MT,47.7633,-114.1499
Jamesville,NC,35.8122,-76.9002
Shidler,OK,36.7806,-96.6599
Castor,LA,32.2549,-93.166
Lynchburg,SC,34.06,-80.077
Meadowview Estates,KY,38.2227,-85.6353
McVeytown,PA,40.4981,-77.7415
Latexo,TX,31.3892,-95.4724
Laceyville,PA,41.6457,-76.1589
Essex,MO,36.8119,-89.8627
Rader Creek,MT,45.8456,-112.3161
Woodbury,PA,40.2255,-78.366
Pine Valley,UT,37.3904,-113.5061
Mill Village,PA,41.8775,-79.9726
Frohna,MO,37.6375,-89.6197
Ione,OR,45.5029,-119.822
Devers,TX,30.0287,-94.586
Rock Island Arsenal,IL,41.5169,-90.5409
Advance,MI,45.2161,-85.0807
Coloma,CA,38.8026,-120.8946
Salem,GA,32.7588,-84.1933
Mansion del Sol,PR,18.4371,-66.1937
Mount Pleasant,MS,34.954,-89.5256
Walker,MO,37.8989,-94.2307
Rock Island,TX,29.5189,-96.5702
South Prairie,WA,47.1373,-122.0939
Fairview,MO,36.8172,-94.0866
Maribel,WI,44.2775,-87.8025
Steely Hollow,OK,35.9877,-94.9456
Lakeland Shores,MN,44.9478,-92.7612
Bowlegs,OK,35.1473,-96.6693
Arkansaw,WI,44.6334,-92.022
Natoma,KS,39.1885,-99.0241
Enon Valley,PA,40.8559,-80.4565
Toms Brook,VA,38.9465,-78.44
Grimes,CA,39.0741,-121.8988
Albion,ID,42.4098,-113.5806
Kawela Bay,HI,21.6991,-158.0026
Revloc,PA,40.4914,-78.7637
Vernon,CA,34.0019,-118.2105
Hillsboro,TN,35.4085,-85.9639
Neola,UT,40.4343,-110.0309
Cary,MS,32.8056,-90.9247
Maxwell,NM,36.5411,-104.5431
Powers,MI,45.6878,-87.5266
Honomu,HI,19.8697,-155.1123
Adams Run,SC,32.7219,-80.3465
Oliver,WI,46.6493,-92.1885
Calhoun,MO,38.4683,-93.6251
Cuba,AL,32.441,-88.3755
Newcomb,NM,36.2852,-108.7116
Vandalia,MI,41.9189,-85.9143
Roachester,OH,39.3538,-84.0988
Yellow Pine,ID,44.9623,-115.488
McIntosh,FL,29.4494,-82.2211
Laurelton,PA,40.8815,-77.2024
Sheep Springs,NM,36.1593,-108.6905
Osborn,MO,39.7496,-94.3566
Versailles,IL,39.8842,-90.6587
Eastport,MI,45.1112,-85.3518
Granton,WI,44.5886,-90.4614
Amsterdam,OH,40.4718,-80.9217
Eagle Bend,MS,32.5227,-91.0229
Romeo,CO,37.1718,-105.9854
Ernest,PA,40.6782,-79.1645
Vina,AL,34.3757,-88.0602
Osyka,MS,31.0072,-90.4719
Protivin,IA,43.2167,-92.089
La Grange,WY,41.6387,-104.1629
West Stewartstown,NH,44.9907,-71.5311
Fairwater,WI,43.7424,-88.868
Benton,CA,37.8189,-118.4845
Tetonia,ID,43.8147,-111.1586
Echo Hills,CO,39.6748,-105.4134
North Omak,WA,48.444,-119.4459
Grand Beach,MI,41.774,-86.7887
West Logan,WV,37.8679,-81.9907
Ryderwood,WA,46.375,-123.0441
Liberty,TN,36.0046,-85.9779
Kennebec,SD,43.9035,-99.8619
Reynolds,ND,47.6685,-97.106
Clay Center,OH,41.5731,-83.3641
Vansant,VA,37.2359,-82.0961
Gadsden,TN,35.7768,-88.9861
Plymouth,NE,40.3024,-96.9886
Senecaville,OH,39.9348,-81.4595
Riverside,OR,45.6768,-118.7368
Caryville,FL,30.7753,-85.812
Coyote Flats,TX,32.3528,-97.2944
East Dunseith,ND,48.8547,-100.0285
Old Brownsboro Place,KY,38.2892,-85.6132
South Solon,OH,39.7374,-83.6127
Melrose,OH,41.0887,-84.42
Goldston,NC,35.5929,-79.3286
Reyno,AR,36.3609,-90.759
Greentop,MO,40.3508,-92.5657
Earl,NC,35.1954,-81.534
East Side,PA,41.0621,-75.7595
Fairdealing,MO,36.6616,-90.6083
Chamisal,NM,36.1725,-105.7459
Friant,CA,36.9848,-119.713
Ekalaka,MT,45.8897,-104.5506
Sutcliffe,NV,39.9461,-119.6305
Forest Hills,NC,35.2958,-83.1955
Eden,ID,42.6053,-114.209
Sims,NC,35.7596,-78.0598
McDermott,OH,38.8343,-83.0584
Zayante,CA,37.0892,-122.0409
Port William,OH,39.5525,-83.7853
Staatsburg,NY,41.854,-73.9233
Dunn Center,ND,47.3527,-102.6233
Downing,MO,40.4873,-92.3689
Twin,AL,33.9978,-87.8497
Lyman,NE,41.9177,-104.0373
Prague,NE,41.3094,-96.8082
Kukuihaele,HI,20.1195,-155.5654
Stinson Beach,CA,37.9026,-122.6501
New Village,NJ,40.7184,-75.0773
Burns,WY,41.1909,-104.359
Clarington,OH,39.7763,-80.8647
Roann,IN,40.9111,-85.9247
Hatton,AL,34.5611,-87.4136
Cherry Grove,OR,45.4508,-123.2482
Fayetteville,TX,29.9063,-96.6758
Claremont,VA,37.2273,-76.9666
Almira,WA,47.7105,-118.9369
Beaver Creek,MT,48.5437,-109.8068
Canadohta Lake,PA,41.8176,-79.8364
Mahtowa,MN,46.5616,-92.6279
Scandinavia,WI,44.4608,-89.1461
Mason,IL,38.9537,-88.6257
Chancellor,SD,43.3719,-96.9875
Douglassville,TX,33.1917,-94.3519
Stoystown,PA,40.1031,-78.9547
Cash,AR,35.8013,-90.9315
Pulaski,IA,40.6942,-92.2739
Wilcox,PA,41.5726,-78.6869
Niobrara,NE,42.7499,-98.0317
Maitland,PA,40.6242,-77.5019
Mission,WI,44.3454,-90.7631
Rock Cave,WV,38.8404,-80.3375
Greeleyville,SC,33.5801,-79.9901
Wheaton,MO,36.7616,-94.0569
Centennial,WY,41.3005,-106.1355
Hindsboro,IL,39.6847,-88.1347
Trivoli,IL,40.6975,-89.8891
Steamboat,AZ,35.7535,-109.8504
Brunersburg,OH,41.3075,-84.3919
Donnelsville,OH,39.9155,-83.943
Eureka,NV,39.5112,-115.9658
Manistee Lake,MI,44.7841,-85.0211
Bond,MS,30.897,-89.1637
Farmersburg,IA,42.9593,-91.3667
Avon,NC,35.3465,-75.5069
Clyde Park,MT,45.8839,-110.6059
Garden Valley,ID,44.083,-115.9612
Stockwell,IN,40.2818,-86.7689
Sperryville,VA,38.6562,-78.2323
Rudyard,MT,48.5599,-110.55
McLean,NY,42.5517,-76.2942
Spring Mill,KY,38.1436,-85.6315
Bostic,NC,35.3625,-81.836
Sodaville,OR,44.4831,-122.8691
Grubbs,AR,35.654,-91.0755
Seatonville,IL,41.3651,-89.2728
Ghent,WV,37.6221,-81.1057
Raft Island,WA,47.329,-122.6687
Thebes,IL,37.214,-89.4544
Pollocksville,NC,35.0056,-77.2211
Olde Stockdale,CA,35.3476,-119.0794
Salem,IA,40.852,-91.6206
Pleasanton,NM,33.2759,-108.8792
Leola,SD,45.7212,-98.9386
Dayton,IL,41.3866,-88.7969
Mindenmines,MO,37.4728,-94.5889
Flat Rock,IL,38.9037,-87.6734
St. Paul,AK,57.1815,-170.2743
Rosston,AR,33.5877,-93.2798
Sheldon,MO,37.6583,-94.2955
Urich,MO,38.4605,-93.999
Kenton,DE,39.2274,-75.6646
LaCrosse,WA,46.8013,-117.9025
Bethania,NC,36.1808,-80.3376
Little Eagle,SD,45.6832,-100.7966
Cumberland,OH,39.8534,-81.6588
Tiki Gardens,HI,19.5287,-155.0031
Graniteville,VT,44.1463,-72.4818
Marion,IN,39.5884,-85.7587
Talmo,GA,34.1831,-83.721
Cook,NE,40.5105,-96.1619
Paint Rock,TX,31.5101,-99.9253
Lyon,MS,34.2169,-90.543
Ringsted,IA,43.2951,-94.5074
Oxbow,ND,46.6687,-96.8101
Epes,AL,32.6906,-88.1405
Jennings,OK,36.1823,-96.5692
Port Jefferson,OH,40.3304,-84.0925
Waverly,KY,37.7092,-87.8146
Sudlersville,MD,39.1833,-75.8535
Hitterdal,MN,46.9778,-96.2584
Woodville Farm Labor Camp,CA,36.0832,-119.1479
Blanket,TX,31.8243,-98.7896
Humboldt,IL,39.6047,-88.3201
Keysville,GA,33.2374,-82.229
Pueblito del Carmen,PR,18.0316,-66.1656
Mentone,AL,34.5655,-85.5846
Wayland,KY,37.4508,-82.7996
Harrisburg,OH,39.8108,-83.1687
Stony Creek,VA,36.948,-77.4001
Dubberly,LA,32.5413,-93.2374
Beallsville,OH,39.8489,-81.0354
Summersville,KY,37.3265,-85.543
Adams,OR,45.7662,-118.5643
Burlison,TN,35.5569,-89.7847
Basin,MT,46.2834,-112.2871
California Pines,CA,41.4117,-120.6605
Bryantown,MD,38.5498,-76.8429
Sinclair,WY,41.7761,-107.1199
Newburg,PA,40.137,-77.5546
Dallas,WI,45.2591,-91.8142
Cove,AR,34.4366,-94.4161
Fife Lake,MI,44.5731,-85.3511
Dexter,MN,43.7194,-92.7017
Mercer,MO,40.5106,-93.5299
Manalapan,FL,26.562,-80.0439
Bellevue,TX,33.6335,-98.0164
Gamaliel,KY,36.6402,-85.7963
Creekside,PA,40.681,-79.1932
Lindsey,OH,41.4216,-83.221
Leonard,MI,42.8652,-83.1429
Quitaque,TX,34.3674,-101.0556
Willisburg,KY,37.8093,-85.1208
Crab Orchard,IL,37.7249,-88.8059
Collins,OH,41.2508,-82.4915
Gerrard,CO,37.6783,-106.5753
Old Forge,NY,43.706,-74.9722
Topawa,AZ,31.8078,-111.8305
Pitts,GA,31.9462,-83.5417
Abbeville,MS,34.5034,-89.5025
Betterton,MD,39.3652,-76.069
Dumas,MS,34.6381,-88.8431
Mesa,CA,37.419,-118.5424
Culloden,GA,32.8632,-84.0939
Summerfield,IL,38.5957,-89.7497
Maynard,AR,36.4214,-90.9018
Oak Grove Village,MO,38.2278,-91.1495
Jasper,MI,41.7859,-84.0403
New Alexandria,OH,40.2916,-80.675
Bay City,WI,44.5873,-92.4573
Tupelo,OK,34.6027,-96.4208
Uplands Park,MO,38.6927,-90.2829
Huxley,TX,31.7644,-93.8849
New Blaine,AR,35.2931,-93.4202
Monticello,MO,40.1188,-91.713
Crouse,NC,35.4214,-81.3027
Pisinemo,AZ,32.035,-112.3193
Mattawana,PA,40.4968,-77.7283
Terril,IA,43.3058,-94.9689
Edna,KS,37.0587,-95.3592
Edwardsport,IN,38.8125,-87.2513
Parker School,MT,48.2468,-109.7341
Fairview,IL,40.6485,-90.1841
Little York,IL,41.0109,-90.7472
Lowrys,SC,34.804,-81.2372
Butte,NE,42.9125,-98.8479
Blythedale,MO,40.4752,-93.928
Fairmount,MD,38.1016,-75.8074
Terminous,CA,38.1153,-121.4896
Arthur,ND,47.1043,-97.2184
Edgewood,IL,38.9222,-88.664
Dietrich,ID,42.9128,-114.2662
Fulton,OH,40.463,-82.8283
Mapleton,PA,40.3929,-77.9412
Prue,OK,36.2494,-96.2665
Cameron,NC,35.3259,-79.254
Olde West Chester,OH,39.3351,-84.4035
Aquadale,NC,35.2244,-80.2235
Duncan,MS,34.0418,-90.7459
Del Dios,CA,33.0757,-117.119
Orrstown,PA,40.0588,-77.608
Mayview,MO,39.0529,-93.833
Varnado,LA,30.895,-89.8318
Port Colden,NJ,40.7661,-74.9548
Constableville,NY,43.5649,-75.4281
Vanndale,AR,35.3153,-90.7711
Glenvil,NE,40.5025,-98.2545
Wykoff,MN,43.7086,-92.2674
Bear Creek Village,PA,41.1875,-75.7553
Bondville,IL,40.1115,-88.3682
McFarland,KS,39.0545,-96.2381
London Mills,IL,40.7106,-90.2661
Buxton,ND,47.6021,-97.0976
Jersey,OH,40.0557,-82.7227
Cherokee City,AR,36.2947,-94.5769
Wesley,IA,43.0891,-93.9929
Towanda,IL,40.5633,-88.9011
Pleasant Valley,TX,33.9375,-98.5981
Franklin,MD,39.4993,-79.0511
Lancaster,KS,39.571,-95.3037
Menlo,IA,41.5222,-94.4045
Sandusky,IA,40.4579,-91.3868
Neche,ND,48.983,-97.5517
Gorham,KS,38.8806,-99.0237
Herman,NE,41.6739,-96.2167
Jeffers,MN,44.0559,-95.1953
Gilman City,MO,40.1311,-93.8739
Pierrepont Manor,NY,43.7374,-76.061
White Stone,VA,37.644,-76.3897
Uniontown,WA,46.5391,-117.0861
New Home,TX,33.3269,-101.9117
Ridgecrest Heights,CA,35.6019,-117.7042
Eldorado Springs,CO,39.9366,-105.2626
Misquamicut,RI,41.3237,-71.822
Shaver Lake,CA,37.0971,-119.3245
McHenry,KY,37.3795,-86.9226
Twelve Mile,IN,40.8664,-86.2253
Richfield,PA,40.6868,-77.114
Richland,TX,31.9177,-96.4265
Rowley,IA,42.3685,-91.8443
Saxman,AK,55.3232,-131.5892
Junction City,GA,32.6032,-84.4573
Crowder,OK,35.1158,-95.6783
Allenwood,PA,41.1081,-76.8981
Snoqualmie Pass,WA,47.4014,-121.411
Purcell,MO,37.2433,-94.4394
Creal Springs,IL,37.6198,-88.8371
Clara,MS,31.5831,-88.6916
Akron,AL,32.8785,-87.7429
South Van Horn,AK,64.8091,-147.7854
Kinloch,MO,38.7384,-90.3249
Lehigh,IA,42.3575,-94.0535
Clinchco,VA,37.1588,-82.3562
Union,NH,43.4912,-71.0231
King Salmon,AK,58.753,-156.5061
Yadkin College,NC,35.8766,-80.3791
New Harmony,UT,37.4803,-113.3096
Great Meadows,NJ,40.877,-74.9034
Swan Quarter,NC,35.4109,-76.325
Eckley,CO,40.1124,-102.4883
Painesdale,MI,47.0435,-88.6715
Hebo,OR,45.226,-123.8586
Zeba,MI,46.7928,-88.4133
Westover,PA,40.7465,-78.6821
Edison,OH,40.5582,-82.8632
Hollister,ID,42.3529,-114.5839
Brighton,UT,40.6196,-111.6005
Slatedale,PA,40.7438,-75.6582
Hickman,TN,36.1451,-85.9413
Bolingbroke,GA,32.9401,-83.7985
Wakonda,SD,43.0081,-97.106
Lansing,OH,40.0758,-80.7919
Teasdale,UT,38.2851,-111.4724
Morningside,NM,32.861,-104.3971
Centerport,PA,40.4865,-76.0056
Donalds,SC,34.3766,-82.3467
Guys,TN,35.0191,-88.5427
Counce,TN,35.0404,-88.2717
Ephraim,WI,45.1589,-87.1667
West Falls,PA,41.453,-75.8605
Schwana,WA,46.8214,-119.9232
Farber,MO,39.2747,-91.5762
Cutler,IL,38.0325,-89.5676
Portage Des Sioux,MO,38.9274,-90.3434
Wheatland,IN,38.6632,-87.3062
Prescott,MI,44.1916,-83.9323
Burnettsville,IN,40.7612,-86.5947
New Galilee,PA,40.8335,-80.4011
Sand Hill,OK,35.6343,-95.2012
Horton Bay,MI,45.2814,-85.0742
Saddle Rock Estates,NY,40.794,-73.7414
Bluffton,GA,31.5198,-84.8691
Rushmore,MN,43.6197,-95.799
Oakdale,NE,42.0701,-97.9671
Ute,IA,42.0503,-95.7058
Hunters Hollow,KY,38.0784,-85.6934
Mount Enterprise,TX,31.9113,-94.6826
Leitersburg,MD,39.6928,-77.6206
Marne,OH,40.0725,-82.3091
Del Sol,TX,28.0132,-97.5202
Cleo Springs,OK,36.4046,-98.4401
Seward,PA,40.413,-79.0219
South Heights,PA,40.5746,-80.2364
Nelson,WI,44.4213,-92.0041
Willow River,MN,46.3206,-92.8346
Gardiner,OR,43.7327,-124.1068
Wyoming,RI,41.5143,-71.6903
St. Stephens,AL,31.5474,-88.0556
Eagleville,MO,40.4685,-93.9862
Brodnax,VA,36.7033,-78.0318
Sicangu Village,SD,43.0137,-100.5757
Midville,GA,32.8217,-82.2347
Brisbin,PA,40.8395,-78.3526
Toomsuba,MS,32.4267,-88.51
Rensselaer Falls,NY,44.5909,-75.319
Sabillasville,MD,39.6994,-77.4573
Brockton,PA,40.7484,-76.0685
Narciso Pena,TX,26.3019,-98.6407
Copeland,KS,37.5405,-100.6288
St. Michael,PA,40.329,-78.7717
Parrottsville,TN,36.0082,-83.0916
Darlington,MD,39.6425,-76.2035
Holiday Beach,TX,28.167,-97.006
Sugar Bush Knolls,OH,41.2038,-81.3472
Kenney,IL,40.0981,-89.0862
J.F. Villareal,TX,26.4199,-98.9788
Leavenworth,IN,38.1997,-86.3454
Bowmans Crossing,VA,38.8076,-78.592
Hedgesville,WV,39.5544,-77.9944
Alpena,SD,44.1829,-98.3683
Stapleton,NE,41.4802,-100.5125
Lewis,CO,37.5017,-108.66
Gray,PA,40.1331,-79.0924
Kiamesha Lake,NY,41.6806,-74.6652
Preston,MO,37.941,-93.2127
Chataignier,LA,30.5696,-92.3168
Hollyvilla,KY,38.0929,-85.7469
Kratzerville,PA,40.8588,-76.8939
Vina,CA,39.9343,-122.0517
Crawford,MS,33.3023,-88.6255
Remer,MN,47.0569,-93.9126
Maxeys,GA,33.7555,-83.1737
Fidelity,MO,37.0816,-94.3095
Gannett,ID,43.357,-114.1756
Sheldahl,IA,41.8646,-93.6967
Modena,PA,39.9619,-75.8025
Dalton,NY,42.5422,-77.9519
Homeland,FL,27.8181,-81.8268
Castle Valley,UT,38.6326,-109.3966
Waynesville,IL,40.2412,-89.1244
Centertown,KY,37.4177,-86.9959
Ripplemead,VA,37.339,-80.6883
Bush,IL,37.8427,-89.1295
Elliott,SC,34.1087,-80.1703
Lohrville,IA,42.267,-94.5515
Mountain Park,OK,34.6988,-98.9524
Roxobel,NC,36.2015,-77.2398
Lake Bridgeport,TX,33.2074,-97.831
Chidester,AR,33.702,-93.0238
Long Pine,NE,42.5353,-99.7027
Rolette,ND,48.6609,-99.8417
Arcadia,NE,41.4249,-99.1261
Shady Dale,GA,33.4008,-83.588
Runnelstown,MS,31.3779,-89.1143
Saginaw,MO,37.026,-94.4724
Kelliher,MN,47.9438,-94.4446
Turin,GA,33.3234,-84.6374
Seagrove,NC,35.5391,-79.78
Stonewall,TX,30.2497,-98.6593
Mayetta,KS,39.3386,-95.7216
Lawn,TX,32.1366,-99.7499
Hawkins,WI,45.5115,-90.7148
Shonto,AZ,36.5893,-110.6607
Newark,MD,38.2751,-75.2733
Ickesburg,PA,40.4559,-77.3517
Red Feather Lakes,CO,40.8071,-105.5864
Haystack,NM,35.3612,-107.934
Tabor,SD,42.9476,-97.6594
Coleville,CA,38.5806,-119.5029
Jenkinsburg,GA,33.3224,-84.0389
Follett,TX,36.434,-100.1408
North Hyde Park,VT,44.6702,-72.5927
Palmyra,UT,40.1346,-111.6925
Orchard,NE,42.3368,-98.2411
Wardensville,WV,39.0768,-78.593
McCausland,IA,41.7435,-90.4461
Cleveland,VA,36.9434,-82.1527
Martins Creek,PA,40.7816,-75.1912
Nashport,OH,40.068,-82.1735
Breathedsville,MD,39.546,-77.7246
Frazer,MT,48.0532,-106.048
Milton,IN,39.7862,-85.1562
Madrone,NM,34.5792,-106.7285
Henrietta,MO,39.2371,-93.9384
Bagley,WI,42.9015,-91.0971
Deweyville,UT,41.693,-112.0883
River Pines,CA,38.5455,-120.7428
Ney,OH,41.3806,-84.5211
Kingsville,MO,38.7438,-94.0699
North Pownal,VT,42.7984,-73.262
Snyder,NE,41.7045,-96.7869
Tower City,ND,46.9263,-97.676
Touchet,WA,46.0411,-118.6724
Trent,SD,43.9063,-96.6578
Wales,UT,39.4851,-111.6361
Ralston,OK,36.5035,-96.7373
Gunnison,MS,33.9437,-90.9468
Medicine Park,OK,34.7287,-98.4782
St. Regis,MT,47.3016,-115.1015
Munson,FL,30.8418,-86.887
Mansfield,WA,47.8119,-119.6379
Avoca,IN,38.9172,-86.5556
Crescent,OR,43.455,-121.7013
Pointe a la Hache,LA,29.5738,-89.7809
Kylertown,PA,40.9993,-78.1681
Harrisburg,MO,39.1397,-92.4579
Chesterhill,OH,39.4908,-81.8667
Arnold City,PA,40.1173,-79.8226
Charlo,MT,47.4427,-114.1716
Lancaster,MN,48.8577,-96.8019
Dowling,MI,42.5227,-85.2531
Alpine Northeast,WY,43.1938,-111.0072
Penn Lake Park,PA,41.1149,-75.7736
Pleasant Valley,CT,41.9083,-72.9924
Orangeville,OH,41.3421,-80.5277
Carman,IL,40.7362,-91.0617
Wadsworth,TX,28.8224,-95.9276
Groveland Station,NY,42.6634,-77.7666
Honcut,CA,39.3326,-121.5388
Clayton,WI,45.326,-92.171
Webbers Falls,OK,35.5105,-95.1601
Ben Avon Heights,PA,40.5125,-80.0731
Avalon,GA,34.5027,-83.1967
Pearcy,AR,34.4314,-93.2886
Jacksonville,OH,39.4761,-82.0796
Finleyville,PA,40.2528,-80.002
Dunlevy,PA,40.113,-79.8591
Holland,IA,42.4001,-92.7988
Petersburg,PA,40.5727,-78.0506
Clarendon,PA,41.7806,-79.094
Lebam,WA,46.564,-123.5508
Seltzer,PA,40.696,-76.2366
Island Falls,ME,46.0081,-68.2648
Gans,OK,35.3874,-94.6946
Sadorus,IL,39.9669,-88.3451
Macedonia,AL,33.4031,-88.2392
Lakeview Heights,KY,38.152,-83.5043
Indian Lake,PA,40.0446,-78.8603
Redwood,NY,44.3011,-75.8063
Leoma,TN,35.1582,-87.3464
Trenton,KY,36.7224,-87.2626
Chelsea,IA,41.9204,-92.3945
Bayou Goula,LA,30.2105,-91.1765
Harpers Ferry,WV,39.3252,-77.741
Riverton,CT,41.9631,-73.0166
Bent Tree Harbor,MO,38.2477,-93.4934
Yampa,CO,40.153,-106.9085
Palmer,MI,46.4436,-87.5817
Patrick,SC,34.5752,-80.0446
Aurora Springs,MO,38.3243,-92.5822
Buncombe,IL,37.4713,-88.9747
Silver Creek,NE,41.3152,-97.6652
Rose City,TX,30.1049,-94.0506
Hoytville,OH,41.19,-83.7843
Loomis,NE,40.4783,-99.5075
Bovina,MS,32.3499,-90.7359
Strausstown,PA,40.4913,-76.1821
Hornbrook,CA,41.908,-122.5597
Glidden,TX,29.6976,-96.5907
Chili,WI,44.6296,-90.3583
Quaker City,OH,39.9697,-81.2973
Winchester,KS,39.3226,-95.2688
Cokesbury,SC,34.29,-82.2087
Covington,OK,36.3075,-97.5865
Walcott,AR,36.0454,-90.6722
Hoven,SD,45.2416,-99.7775
Timberlake,NM,35.2012,-108.4843
Wattsburg,PA,42.0029,-79.807
Armstrong,MO,39.2692,-92.7042
Marshall,IN,39.8475,-87.1868
Ochoco West,OR,44.4033,-120.9207
Trout Creek,MT,47.8331,-115.5837
Millport,NY,42.2681,-76.8363
Fort Atkinson,IA,43.1443,-91.9346
Unadilla,NE,40.6826,-96.2699
Xenia,IL,38.6373,-88.6375
Vadito,NM,36.1929,-105.6755
Smith Island,MD,37.9748,-76.0251
Maxwell,IN,39.8558,-85.7683
Fairfield,NE,40.4323,-98.1033
St. Louisville,OH,40.1711,-82.4179
Plainville,GA,34.4053,-85.0312
Greenehaven,AZ,36.9959,-111.5566
Wells River,VT,44.1538,-72.0615
Spring Ridge,FL,29.8218,-82.7245
Lafayette,OH,40.7589,-83.9499
Cattle Creek,CO,39.4667,-107.2599
Pound,WI,45.0956,-88.0334
Tecumseh,KS,39.0419,-95.5807
Cottontown,TN,36.449,-86.5336
Pine Hill,NY,42.1308,-74.4666
Oakhurst,TX,30.7434,-95.3072
North Acomita Village,NM,35.0673,-107.5649
Stanfield,AZ,32.8794,-111.9636
Alvarado,MN,48.193,-96.9984
Embarrass,WI,44.6684,-88.7037
McVille,ND,47.7653,-98.1755
Branch,LA,30.348,-92.2771
Good Pine,LA,31.6933,-92.1637
Amity,IN,39.4262,-86.0011
Malone,WA,46.9779,-123.3035
Villa de Sabana,PR,18.4346,-66.1901
Mount Carmel,SC,34.0185,-82.5045
Hyde Park,NM,35.7112,-105.8866
Yale,IA,41.7751,-94.3578
Stratton,NE,40.1503,-101.228
Lyndon Center,VT,44.5377,-72.0142
Wolflake,IN,41.335,-85.4958
Clarks,NE,41.2163,-97.8394
Lowry,MN,45.705,-95.519
Prospect,NY,43.3025,-75.1513
Johnson,IN,38.2778,-87.7459
Flat Rock,OH,41.2353,-82.8593
Caspar,CA,39.3631,-123.8043
Glasco,KS,39.3609,-97.8372
Gilbertsville,NY,42.4693,-75.3226
Pittsboro,MS,33.94,-89.3373
Laurel Hill,FL,30.9623,-86.4586
Viola,AR,36.3968,-91.9863
Ludlow,IL,40.3866,-88.1259
Moro,IL,38.9252,-90.0262
Alta,UT,40.5818,-111.6229
Spring Creek,SD,43.1154,-101.0306
Columbia,LA,32.1026,-92.077
Hoffman Lake,IN,41.2725,-85.9886
Friendship,MD,38.7358,-76.5878
Seneca,WI,43.2658,-90.9566
Parker,KS,38.3285,-94.9899
Cambridge,ID,44.5719,-116.6778
Forest,LA,32.7925,-91.4126
Taylor,WI,44.3217,-91.1204
Placerville,CO,38.0054,-108.04
Reklaw,TX,31.8662,-94.9834
Midlothian,MD,39.6319,-78.9515
Prescott,WA,46.2988,-118.3126
Leasburg,MO,38.095,-91.2952
Bass Lake,CA,37.328,-119.5665
East Smithfield,PA,41.8645,-76.6255
Barry,TX,32.0999,-96.6378
Loma Grande,TX,28.7221,-99.8327
Walker,CA,38.5185,-119.473
Sharpsburg,GA,33.337,-84.6504
Coin,IA,40.6558,-95.2349
Warfield,KY,37.8415,-82.4224
Oak Grove,IL,41.412,-90.5742
Derby Acres,CA,35.244,-119.6038
Bodega,CA,38.3488,-122.9711
Hornick,IA,42.2305,-96.0972
Cottonwood,TX,32.4613,-96.3965
Orleans,NE,40.1317,-99.4551
Tennyson,WI,42.6907,-90.6868
Salley,SC,33.5671,-81.3038
Foxworth,MS,31.2385,-89.8828
Cerro Gordo,NC,34.3226,-78.9286
Branch,AR,35.3075,-93.9557
Barwick,GA,30.8933,-83.7391
Defiance,PA,40.1599,-78.2319
East Altoona,PA,40.5469,-78.3636
Newbern,AL,32.592,-87.5331
Hosston,LA,32.885,-93.8814
Byers,TX,34.0696,-98.1913
Earl Park,IN,40.6856,-87.4201
Y-O Ranch,WY,42.0351,-104.923
La Valle,WI,43.583,-90.1303
Baldwin,IL,38.1838,-89.8451
Amherst Junction,WI,44.4687,-89.3167
Kieler,WI,42.5823,-90.6051
Tontogany,OH,41.421,-83.741
Hackberry,AZ,35.3401,-113.7256
Askov,MN,46.1886,-92.7824
Tunnelton,WV,39.3929,-79.7466
Woodland,IL,40.7152,-87.731
Presho,SD,43.9071,-100.0583
Perry,SC,33.6281,-81.3079
Saddlebrooke,MO,36.826,-93.2018
Stapleton,GA,33.2169,-82.4672
Cedar Rock,NC,35.9435,-81.4584
South Union,SC,34.5536,-83.0509
Selma,VA,37.8041,-79.8495
Rushville,OH,39.7644,-82.4304
Glencoe,CA,38.3541,-120.5849
Streetman,TX,31.8787,-96.3306
Neelyville,MO,36.5562,-90.5139
Rosebud,PA,40.7542,-78.5414
Seymour,IL,40.1068,-88.4269
Campbell Station,AR,35.6678,-91.2538
Ratamosa,TX,26.2006,-97.8445
Brownsville,OH,39.9437,-82.2516
Cruger,MS,33.323,-90.2355
Damascus,GA,31.2989,-84.717
Finesville,NJ,40.611,-75.1738
Ranchitos Las Lomas,TX,27.6282,-99.2345
Penfield,PA,41.2115,-78.5766
Delta,IA,41.3228,-92.3305
Yarborough Landing,AR,33.7126,-94.0112
Vineland,CO,38.2447,-104.4599
Highland Meadows,NM,34.94,-107.1656
Eek,AK,60.2164,-162.0331
Torrey,UT,38.3078,-111.4269
Okahumpka,FL,28.7459,-81.8962
Gracemont,OK,35.1879,-98.2591
Las Palomas,NM,33.0589,-107.2983
Manilla,IN,39.5727,-85.622
Winthrop,NY,44.8006,-74.8016
Mineral Bluff,GA,34.914,-84.2776
White Hills,AZ,35.7242,-114.4004
Waukau,WI,43.9862,-88.7705
Mono City,CA,38.0321,-119.1474
Lee,IL,41.7955,-88.9417
Lawrenceville,OH,39.9842,-83.8766
Moose Creek,AK,64.714,-147.1639
Wilcox,NE,40.3644,-99.1693
Richlawn,KY,38.2547,-85.6412
Bronwood,GA,31.8305,-84.3644
East Duke,OK,34.6628,-99.5696
Jensen,UT,40.3695,-109.3555
San Pedro,NM,35.228,-106.1848
Polk,NE,41.0755,-97.7834
Midvale,ID,44.4618,-116.7435
Greencastle,MO,40.2607,-92.8784
Adamsville,OH,40.0689,-81.8826
Cuyamungue Grant,NM,35.8464,-105.9948
Midland,OH,39.3069,-83.9108
Winslow West,AZ,34.9918,-110.7069
Benedict,NE,41.0063,-97.6072
Williams,IA,42.4892,-93.5412
Ellis Grove,IL,38.0094,-89.9099
Veyo,UT,37.3375,-113.6931
Houston Lake,MO,39.1924,-94.6219
Smithville Flats,NY,42.3944,-75.8105
Hammondville,AL,34.5688,-85.6394
Waucoma,IA,43.0555,-92.0344
Hollandale,WI,42.8756,-89.9342
Westhope,ND,48.9112,-101.0176
Vienna,MD,38.4811,-75.8318
Bailey Lakes,OH,40.9488,-82.3572
Henderson,MI,43.0872,-84.1933
Floridatown,FL,30.5828,-87.1613
Midland,AR,35.0927,-94.3531
Cumberland Gap,TN,36.5974,-83.6658
Arpelar,OK,34.9356,-95.9589
Metompkin,VA,37.7671,-75.6054
Cade Lakes,TX,30.5152,-96.7751
Rosebush,MI,43.6998,-84.7657
Post Lake,WI,45.4352,-89.0921
Krakow,WI,44.7585,-88.2611
Campbell Hill,IL,37.9305,-89.5515
Lewistown,MD,39.5409,-77.4191
Searchlight,NV,35.4555,-114.9204
Carlton,GA,34.0426,-83.0386
Calhoun,LA,32.5153,-92.3539
Arimo,ID,42.5601,-112.173
Goldonna,LA,32.0155,-92.9203
New Trenton,IN,39.3088,-84.8969
Geneva,MN,43.8228,-93.2683
Jerome,AZ,34.7471,-112.1076
Herlong,CA,40.1417,-120.1397
Shrewsbury,WV,38.2079,-81.4671
Kingston,UT,38.2067,-112.1793
Newcastle,NE,42.6524,-96.874
Junior,WV,38.9782,-79.9504
La Tierra,NM,35.7473,-106.0308
Lake Viking,MO,39.9253,-94.0692
Wacissa,FL,30.3566,-83.9937
Mokane,MO,38.6744,-91.8723
Natchez,LA,31.6743,-93.0456
Clarksburg,CA,38.4193,-121.5416
Winter,WI,45.8221,-91.013
Madison,VA,38.3794,-78.2586
Sanborn,MN,44.2098,-95.1297
Luthersburg,PA,41.0534,-78.7192
Shorter,AL,32.4077,-85.9413
Foster Center,RI,41.7898,-71.7328
Hickory Hills,PA,41.0347,-75.8221
Dewey Beach,DE,38.6958,-75.0749
Applewold,PA,40.8084,-79.5221
Brandon,IA,42.3151,-92.0034
Benton Ridge,OH,41.0043,-83.792
Canada Creek Ranch,MI,45.1738,-84.2128
Grahamsville,NY,41.8527,-74.5522
Fronton,TX,26.4255,-99.0761
Adelphi,OH,39.4647,-82.7456
Persia,IA,41.5785,-95.5701
Elkmont,AL,34.9289,-86.9765
Ezel,KY,37.892,-83.4446
Panama,IL,39.029,-89.5246
Forbestown,CA,39.53,-121.2689
Wingate,IN,40.1722,-87.0724
Platte Center,NE,41.5374,-97.4886
Pigeon Falls,WI,44.4247,-91.2082
Rock Hill,LA,31.4427,-92.5695
Sledge,MS,34.4326,-90.2212
West Harrison,IN,39.2581,-84.8225
Egg Harbor,WI,45.0528,-87.2826
South Haven,KS,37.0495,-97.4013
College Corner,OH,39.5682,-84.8109
Table Rock,NE,40.1783,-96.0887
Royerton,IN,40.2637,-85.3655
Belk,AL,33.6517,-87.9286
Faith,SD,45.0258,-102.0363
Hanaford,IL,37.958,-88.8356
Oak Grove,AR,36.4642,-93.4302
Salona,PA,41.0838,-77.4586
Granjeno,TX,26.1371,-98.3034
Dover,OK,35.9816,-97.9108
Simms,MT,47.4931,-111.9474
Murray City,OH,39.5097,-82.1678
Claypool,IN,41.1306,-85.8826
Livonia Center,NY,42.8211,-77.6421
Vernon Center,MN,43.9626,-94.1665
Fort McDermitt,NV,41.9655,-117.6394
Belgium,IL,40.0607,-87.6328
Auburntown,TN,35.9511,-86.0969
Blanca,CO,37.4393,-105.5135
Magnetic Springs,OH,40.3535,-83.2626
Goodrich,TX,30.6092,-94.9467
Glendon,PA,40.6607,-75.2364
Rocky Point,OR,42.4482,-122.1096
Wilton,MN,47.5071,-94.9985
College Station,AR,34.7057,-92.2297
Shipshewana Lake,IN,41.6851,-85.6064
Schellsburg,PA,40.0481,-78.6434
Agra,OK,35.895,-96.8703
Lytton,IA,42.4233,-94.8609
Glencoe,KY,38.7253,-84.8238
Stantonville,TN,35.1569,-88.4302
Wetmore,KS,39.6357,-95.8112
Birdseye,IN,38.3149,-86.6961
Paguate,NM,35.1473,-107.3814
Nome,TX,30.0364,-94.4063
Chapman,NE,41.0233,-98.1593
Potsdam,OH,39.9637,-84.4148
McClusky,ND,47.484,-100.4426
Dearing,KS,37.0534,-95.6954
Williamsville,MO,36.9737,-90.548
East Gillespie,IL,39.1378,-89.8127
Indian Wells,AZ,35.4089,-110.1062
Harlansburg,PA,41.0242,-80.1887
Wassaic,NY,41.8064,-73.5593
Townville,PA,41.679,-79.8799
Martin,GA,34.4856,-83.1985
Aneth,UT,37.205,-109.1623
Chauncey,GA,32.1059,-83.0646
Beaver Crossing,NE,40.7782,-97.2825
Vernon,UT,40.0956,-112.4458
Gaastra,MI,46.0557,-88.605
Nebo,IL,39.4421,-90.7882
Norman,AR,34.4584,-93.6791
Ribera,NM,35.37,-105.4441
Morrow,AR,35.8559,-94.4352
Mildred,TX,32.0411,-96.3483
Kendrick,ID,46.614,-116.6543
Toston,MT,46.1657,-111.4459
East New Market,MD,38.597,-75.9232
Gagetown,MI,43.6572,-83.2449
Tuluksak,AK,61.105,-160.9493
Villa Esperanza,PR,18.4262,-66.2311
Fairbanks,IN,39.2195,-87.5222
Christine,TX,28.7862,-98.4978
Howell,UT,41.7733,-112.445
Evening Shade,AR,36.07,-91.6218
Dill City,OK,35.2816,-99.1336
Ostrander,MN,43.6137,-92.4263
Liscomb,IA,42.1912,-93.0063
Grenora,ND,48.6199,-103.9367
Russell,MN,44.3199,-95.9474
Herbst,IN,40.5145,-85.7815
Pine Grove,WV,39.5642,-80.6825
Mount Royal,PA,40.0393,-76.8878
Akeley,MN,47.0005,-94.728
Fargo,OK,36.3743,-99.6221
Gail,TX,32.767,-101.4465
Fancy Farm,KY,36.8003,-88.7928
Bunker,MO,37.4574,-91.2121
Weldon,IL,40.1216,-88.7497
Reserve,NM,33.709,-108.7614
Vanderbilt,PA,40.0339,-79.663
Marklesburg,PA,40.3821,-78.1697
Abbott,TX,31.8868,-97.0799
Little Ponderosa,OK,36.9612,-100.8782
Onekama,MI,44.3656,-86.2021
North San Ysidro,NM,35.4747,-105.5661
Tonkawa Tribal Housing,OK,36.6697,-97.2662
Waterford,OH,39.5407,-81.6424
Avondale,MO,39.1545,-94.5452
Alford,FL,30.6967,-85.3953
Mount Clare,IL,39.1003,-89.8252
Barrett,MN,45.9124,-95.8943
Chandler,MN,43.9306,-95.9512
New Ulm,TX,29.8874,-96.4913
Grandfalls,TX,31.3405,-102.8544
Helmsburg,IN,39.2653,-86.2928
Crawfordsville,IA,41.2139,-91.5366
Witmer,PA,40.05,-76.2114
Eros,LA,32.3926,-92.4239
St. Martin,MN,45.5028,-94.6676
Nespelem Community,WA,48.1715,-119.0244
Kings,IL,42.0031,-89.107
Finley,ND,47.5125,-97.8373
Eastman,WI,43.1622,-91.0254
Lenox,TN,36.0876,-89.4972
Leon,WV,38.7471,-81.9555
Spencerville,IN,41.2831,-84.9219
Willis Wharf,VA,37.5176,-75.8089
Latham,IL,39.9669,-89.1623
Lane,OK,34.2997,-95.9894
Douglassville,PA,40.2577,-75.7251
Hartwick Seminary,NY,42.6522,-74.9602
New Post,WI,45.8964,-91.1929
Holiday Lake,IA,41.8175,-92.4529
Kangley,IL,41.148,-88.8722
Roy,NM,35.9451,-104.1963
Perry,AR,35.0459,-92.7948
Malta,ID,42.3075,-113.3694
Leary,GA,31.4847,-84.5133
Somerville,OH,39.5639,-84.6391
Taloga,OK,36.0402,-98.964
Freeborn,MN,43.7659,-93.5642
Palisade,NE,40.3483,-101.1075
Light Oak,NC,35.2867,-81.4775
Beaverville,IL,40.9534,-87.6546
Lyle,WA,45.6956,-121.2805
Hope,ND,47.3244,-97.7191
Lewisville,IN,39.8068,-85.3529
Griffithville,AR,35.1231,-91.6449
Numidia,PA,40.8783,-76.4034
Hunts Point,WA,47.647,-122.2306
Lomax,IL,40.6792,-91.0754
Denton,GA,31.7222,-82.6968
Oak Creek Canyon,AZ,34.949,-111.7505
Copper Mountain,CO,39.4769,-106.2011
Clifton,VA,38.7802,-77.3866
Santa Clara,PR,18.211,-66.132
Hadar,NE,42.1072,-97.451
Mound Valley,KS,37.2071,-95.4046
Gilbert,WV,37.6142,-81.8689
East Dailey,WV,38.7795,-79.8911
New Douglas,IL,38.9697,-89.6665
Pitsburg,OH,39.9871,-84.488
Emmons,MN,43.5071,-93.485
Candelero Abajo,PR,18.0942,-65.8165
Picacho,AZ,32.709,-111.4909
Lakeridge,NV,39.0382,-119.9397
Paxton,IN,39.0212,-87.3886
Melvin Village,NH,43.6896,-71.3064
Havana,AR,35.1098,-93.526
Wyano,PA,40.2015,-79.6939
Casa Colorada,NM,34.5534,-106.742
Whiteash,IL,37.7853,-88.9294
Trenton,SC,33.7401,-81.8404
Minburn,IA,41.7576,-94.0285
St. Marie,MT,48.4053,-106.4986
Carytown,MO,37.2616,-94.3344
Cedar Point,TX,30.7975,-95.0749
Newburg,MO,37.916,-91.9004
Middletown,IA,40.8279,-91.2622
Staunton,IN,39.4864,-87.189
Nellie,OH,40.3384,-82.0713
Wainiha,HI,22.1984,-159.5458
Warren City,TX,32.553,-94.9056
Fort Thomas,AZ,33.0222,-109.9665
Tradewinds,TX,27.995,-97.2602
Loma Mar,CA,37.2658,-122.3007
Moore,ID,43.7344,-113.3675
Glen Ridge,FL,26.6714,-80.0751
Grandview Lake,IN,39.1523,-86.0464
Jemez Springs,NM,35.7732,-106.6909
Gilbert,LA,32.0507,-91.6567
Ionia,IA,43.0359,-92.4584
East Hodge,LA,32.2776,-92.714
Marblemount,WA,48.5418,-121.4397
Chickaloon,AK,61.804,-148.4103
Royal Lakes,IL,39.1117,-89.9607
Montgomery,MI,41.7775,-84.8064
Elmira,OR,44.07,-123.3588
Clutier,IA,42.0793,-92.4036
Skyland,NV,39.0265,-119.9221
Cobalt,MO,37.5454,-90.2876
New Albany,PA,41.6003,-76.4445
Bennington,OK,34.0038,-96.0376
Table Grove,IL,40.365,-90.4252
New Riegel,OH,41.052,-83.3191
New Odanah,WI,46.5986,-90.6509
Linwood,KS,39.0019,-95.0362
Hinkleville,WV,38.924,-80.2636
Fountain,NC,35.6721,-77.6317
Harrisonburg,LA,31.7681,-91.825
Hersey,MI,43.8513,-85.4419
Brownsboro Village,KY,38.2629,-85.6659
Sherrodsville,OH,40.4945,-81.2441
Clarence,LA,31.8198,-93.0292
Okolona,AR,34.0005,-93.3377
Tremont,MS,34.2326,-88.2507
Bayview,NC,35.4414,-76.7928
Lost Creek,WV,39.1628,-80.3483
Centertown,MO,38.618,-92.409
Gillisonville,SC,32.6116,-81.0001
North Vandergrift,PA,40.6085,-79.5561
Sidman,PA,40.3235,-78.7523
Hilham,TN,36.41,-85.4421
Morse,TX,36.066,-101.4769
Casstown,OH,40.0528,-84.1285
Delight,AR,34.0301,-93.5072
Nelson,AZ,32.4298,-111.2649
Mobile City,TX,32.9228,-96.4111
Dixon,WY,41.0345,-107.5356
Stinesville,IN,39.3,-86.6498
Ozora,MO,37.8667,-90.0518
Clarksdale,MO,39.8139,-94.5508
Hamilton,MS,33.746,-88.4095
Grand Lake,CO,40.2502,-105.8232
Fairmount,ND,46.0547,-96.6029
Cyrus,MN,45.6147,-95.7381
Austinburg,OH,41.7692,-80.8556
Whiting,KS,39.5878,-95.6112
Manns Choice,PA,40.0035,-78.5912
Buckman,MN,45.8973,-94.094
Harrodsburg,IN,39.018,-86.5532
Deep River,IA,41.5816,-92.3729
Lu Verne,IA,42.9095,-94.0836
Blandburg,PA,40.6837,-78.4159
Addieville,IL,38.3913,-89.4865
Thornton,AR,33.7756,-92.4889
Boyne Falls,MI,45.1678,-84.9131
Mesa Vista,CA,38.8102,-119.8033
Gillsville,GA,34.3085,-83.6352
Breedsville,MI,42.3489,-86.0716
East Laurinburg,NC,34.7691,-79.445
Silver Lake,OR,43.1264,-121.0495
Greenleaf,KS,39.7273,-96.98
Heckscherville,PA,40.721,-76.2669
Waltonville,IL,38.2141,-89.0381
Santa Cruz,TX,26.3537,-98.7676
Greensboro,PA,39.7921,-79.9126
St. Johns,OH,40.5558,-84.0796
Buena Vista,PA,40.276,-79.8001
Glen Echo,MD,38.9683,-77.1412
Plaza,ND,48.026,-101.9594
Delphos,KS,39.2744,-97.7653
Martinsburg,OH,40.2696,-82.3543
Pottersville,NJ,40.7133,-74.7253
Fairhaven,CA,40.7884,-124.2014
Templeton,IA,41.918,-94.9413
Forgan,OK,36.907,-100.5381
Wilburn,AR,35.5087,-91.8884
Dupont,OH,41.0547,-84.3011
Yeehaw Junction,FL,27.6993,-80.8871
Burdett,KS,38.1935,-99.5264
Greasewood,AZ,35.5279,-109.8614
Keo,AR,34.609,-92.0102
Nixon,NV,39.828,-119.3589
Royal,IL,40.193,-87.9721
Bellflower,MO,39.0038,-91.3521
Bombay Beach,CA,33.3556,-115.7269
Rose Hill Acres,TX,30.1933,-94.193
Sylvan Grove,KS,39.0123,-98.3944
Bancroft,ID,42.7202,-111.883
Martin City,MT,48.3935,-114.0308
East Arcadia,NC,34.3816,-78.3231
Vann Crossroads,NC,35.1697,-78.4026
Bainville,MT,48.147,-104.2264
Millsboro,PA,39.9902,-80.0023
Glen Arbor,MI,44.896,-85.9899
Beal City,MI,43.6692,-84.9086
Ransom,IL,41.1586,-88.6542
Gary City,TX,32.0277,-94.3679
Martinton,IL,40.9153,-87.7264
Rienzi,MS,34.7633,-88.534
Excelsior Estates,MO,39.39,-94.2082
Heron,MT,48.0637,-115.98
Burbank,OH,40.9862,-81.9949
McConnells,SC,34.8695,-81.2266
Copper Center,AK,61.9845,-145.3544
Mingus,TX,32.5363,-98.4249
Oden,AR,34.6215,-93.7862
Waverly,AL,32.7333,-85.5764
Akron,MI,43.5667,-83.5143
Anon Raices,PR,18.1389,-66.5856
Edmondson,AR,35.105,-90.3054
Melvin,IA,43.2866,-95.609
Kaw City,OK,36.7675,-96.8602
Meansville,GA,33.0508,-84.3082
Clatonia,NE,40.4654,-96.8512
Mount Pleasant,AR,35.9819,-91.7771
Arthur,IN,38.3406,-87.2458
Johnson,NE,40.4106,-95.9996
Skamokawa Valley,WA,46.3004,-123.4243
Vesta,MN,44.5067,-95.4139
Strawberry,AR,35.9665,-91.3211
St. Libory,NE,41.0822,-98.359
New Meadows,ID,44.9712,-116.2857
Vanlue,OH,40.9752,-83.4825
Chaseburg,WI,43.6598,-91.0968
Barber,OK,35.7562,-94.8414
Pine Village,IN,40.4495,-87.2534
Gordonville,AL,32.1489,-86.6995
Bayard,WV,39.2711,-79.3662
North Washington,CO,39.8084,-104.9792
Deal Island,MD,38.1444,-75.9417
Gatesville,NC,36.4072,-76.7566
Cullomburg,AL,31.7131,-88.2917
Colony,KS,38.0712,-95.3629
Virgil,IL,41.9557,-88.529
Gentryville,IN,38.1091,-87.0316
Montrose,WV,39.0673,-79.8143
Arenzville,IL,39.8805,-90.3706
Rock Springs,WI,43.479,-89.9177
Yaak,MT,48.8647,-115.6777
Mountain Ranch,CA,38.2117,-120.5311
Spartansburg,PA,41.8241,-79.6829
Angie,LA,30.9633,-89.8177
Amboy,IN,40.6017,-85.9272
Harbor Island,SC,32.4033,-80.4377
New Pittsburg,OH,40.8416,-82.0989
Woodside,DE,39.0711,-75.5677
Tunnelhill,PA,40.4782,-78.5423
Proctorsville,VT,43.381,-72.6373
Goose Lake,IA,41.9676,-90.3817
Merriam,IN,41.2873,-85.4344
Nashua,MT,48.1336,-106.3571
New Miami Colony,MT,48.1912,-112.2804
Cameron,OK,35.1374,-94.5393
Wildwood,TX,30.5256,-94.4456
Anderson,AL,34.9147,-87.2716
Rosemont,MD,39.3317,-77.6214
Teller,AK,65.2531,-166.342
Rocky Ford,GA,32.6636,-81.8297
Deloit,IA,42.0972,-95.3174
Chupadero,NM,35.8144,-105.9198
Hull,TX,30.1464,-94.6422
Quemado,NM,34.3414,-108.506
Grandin,MO,36.8308,-90.8221
Tanana,AK,65.1746,-152.0686
Bowler,WI,44.8627,-88.9814
Robbins,CA,38.867,-121.7056
San Lorenzo,NM,32.8086,-107.9221
Gary,MN,47.3725,-96.2656
St. Charles,KY,37.1881,-87.551
River Point,OR,46.1434,-123.8041
Bieber,CA,41.1332,-121.1295
Coleman,OK,34.2635,-96.4194
Marion,MN,43.9431,-92.3531
Clinton,MN,45.4632,-96.4414
Lester,IA,43.4403,-96.3314
Petersburg,OH,40.9094,-80.5335
Rockford Bay,ID,47.5086,-116.8866
Centre Island,NY,40.9017,-73.5211
Mongo,IN,41.6848,-85.2797
Manlius,IL,41.4557,-89.6692
Alton,UT,37.4303,-112.5061
Bladensburg,OH,40.2852,-82.2837
Baron,OK,35.9308,-94.6089
Marland,OK,36.5611,-97.1529
Ravensdale,WA,47.3589,-121.9781
Ranchitos del Norte,TX,26.4003,-98.8715
Greensboro Bend,VT,44.5582,-72.2643
Floyd,IA,43.1282,-92.7399
Needmore,IN,38.9267,-86.5263
Norway,IN,40.7797,-86.7719
Halbur,IA,42.0051,-94.9723
Stanton,MO,38.2702,-91.1059
Cashion Community,TX,34.0365,-98.5081
Big Bay,MI,46.8145,-87.6997
Easton,KS,39.3456,-95.1172
Lacona,IA,41.1901,-93.385
City of Creede,CO,37.8486,-106.9253
Cooter,MO,36.0467,-89.8091
El Castillo,TX,26.3348,-98.6391
Holland Patent,NY,43.2413,-75.2567
Cantril,IA,40.6429,-92.0684
Westside,IA,42.0757,-95.1014
Sandborn,IN,38.8968,-87.1848
Shirley,AR,35.6442,-92.3137
Marlin,PA,40.679,-76.244
Milford,KS,39.1729,-96.9105
Woodburn,KY,36.8421,-86.5301
Leach,OK,36.1979,-94.9099
Wood,PA,40.1668,-78.1387
Talala,OK,36.5295,-95.7011
Hilltown,VA,36.729,-80.9822
Hodges,AL,34.334,-87.9299
St. Thomas,ND,48.6192,-97.4471
Etowah,AR,35.7225,-90.2321
Abrams,WI,44.7796,-88.0604
Rodanthe,NC,35.5924,-75.4662
Onaway,ID,46.9282,-116.8896
Fort Supply,OK,36.5721,-99.5735
Columbus City,IA,41.2592,-91.3748
Ellenton,GA,31.176,-83.5877
Washburn,TX,35.1692,-101.57
Onslow,IA,42.1068,-91.0151
Saratoga,NC,35.6537,-77.7756
Koyuk,AK,64.9411,-161.1454
Murdock,MN,45.2234,-95.3946
Belmont,OH,40.028,-81.0409
Branchdale,PA,40.6732,-76.3222
Fountain Run,KY,36.7238,-85.9561
Idledale,CO,39.6688,-105.2432
Capitola,FL,30.4449,-84.0799
Crows Landing,CA,37.3944,-121.0752
Glen Acres,NM,32.375,-108.7162
Topaz Lake,NV,38.6976,-119.5427
Pawlet,VT,43.3481,-73.1743
Cementon,NY,42.1356,-73.9193
Easton,MO,39.7226,-94.6404
Zihlman,MD,39.6741,-78.9131
Ingalls,KS,37.8287,-100.4534
Taft,TN,35.0261,-86.7176
Hunker,PA,40.2041,-79.6154
Sawyer,ND,48.0894,-101.0533
Rockford,ID,43.1892,-112.5306
Neosho Rapids,KS,38.3685,-95.9916
Lagro,IN,40.8391,-85.7275
Apple River,IL,42.5022,-90.0937
Dillard,GA,34.9749,-83.382
Pullman,WV,39.188,-80.949
Lake Cavanaugh,WA,48.3225,-122.0122
Malcolm,AL,31.1946,-88.0016
Junction,UT,38.2358,-112.2238
Millersville,MO,37.4294,-89.7907
San Carlos II,TX,27.4901,-99.3684
Scandia,KS,39.7969,-97.784
Delaware Park,NJ,40.7051,-75.1883
Buckner,IL,37.9807,-89.0152
Fallon,MT,46.8373,-105.127
Melvern,KS,38.5073,-95.6377
Froid,MT,48.338,-104.4909
Annex,OR,44.2346,-116.9922
Painter,VA,37.5852,-75.7837
Yorkville,TN,36.0976,-89.1183
South Toledo Bend,TX,31.1568,-93.6074
Twin Forks,NM,32.9463,-105.6374
Quimby,IA,42.629,-95.6442
Ridgeley,WV,39.6432,-78.7711
Kanarraville,UT,37.5378,-113.181
Hickox,GA,31.1471,-81.9952
Parcelas Mandry,PR,18.0811,-66.5627
Elberta,UT,39.9559,-111.9569
Lowell,KS,37.0509,-94.7032
Alba,MI,44.9786,-84.9695
Eastlake,MI,44.2449,-86.2927
Aurora,WV,39.3254,-79.5546
Cranfills Gap,TX,31.7753,-97.8302
Port Elizabeth,NJ,39.3079,-74.9757
Bloomburg,TX,33.1378,-94.0591
Diggins,MO,37.174,-92.8503
Staples,TX,29.7664,-97.8279
Woodland,GA,32.7877,-84.5606
Moseleyville,KY,37.6747,-87.1938
Mindoro,WI,44.0202,-91.1019
Herndon,PA,40.7104,-76.8519
Sterling,UT,39.1934,-111.6904
Smithville,GA,31.9011,-84.2552
Dyer,NV,37.6469,-118.0345
Briggsville,WI,43.6561,-89.5897
Briarwood Estates,MO,38.1564,-90.5905
Lake Huntington,NY,41.683,-74.9922
Elizabethtown,IL,37.4499,-88.3052
Greeley,KS,38.3676,-95.1272
McRoberts,KY,37.2132,-82.6687
Indian Point,PA,41.2856,-74.8343
Walcott,ND,46.5505,-96.9375
Ages,KY,36.8569,-83.2426
Big Clifty,KY,37.5442,-86.1514
Delaware,OK,36.779,-95.6425
Bloomingdale,IN,39.8306,-87.2502
Deer Park,MD,39.424,-79.326
Rattan,OK,34.2005,-95.4131
Amazonia,MO,39.8888,-94.8927
Halchita,UT,37.1314,-109.9131
Esto,FL,30.9819,-85.6429
Crystal Springs,AR,34.5247,-93.3336
Brandt,OH,39.9027,-84.0908
Puako,HI,19.9628,-155.8389
Williston,MD,38.8307,-75.851
County Line,AL,33.8208,-86.7195
Mohrsville,PA,40.4781,-75.9851
Taylor Landing,TX,29.8641,-94.1348
Long Beach,MN,45.6509,-95.4297
Lake View,TX,29.459,-100.9532
Port Clinton,PA,40.5818,-76.0267
Trilby,FL,28.4564,-82.194
Woodruff,UT,41.5212,-111.1639
Bronson,IA,42.409,-96.2105
Waverly,FL,27.9843,-81.6199
Crystal,NM,36.029,-108.9898
New Hampton,MO,40.2652,-94.1952
Hickory Ridge,AR,35.4029,-90.9946
Hackensack,MN,46.927,-94.5161
Harrisonville,NJ,39.6881,-75.2701
Midland,PA,40.257,-80.2162
Ewing,IL,38.0889,-88.8528
South Williamson,KY,37.6633,-82.2879
Bonesteel,SD,43.0775,-98.9467
Moneta,VA,37.1886,-79.6133
San Miguel,AZ,31.6295,-111.7801
Leamington,UT,39.5313,-112.2855
Mingoville,PA,40.9369,-77.6596
Palisades,TX,35.0614,-101.8032
West Pawlet,VT,43.3575,-73.247
Trinity Center,CA,40.9841,-122.7083
Langleyville,IL,39.5611,-89.3603
Stockdale,PA,40.0835,-79.8504
Junction City,WI,44.593,-89.7679
Russellville,IN,39.8569,-86.9833
Ashley Heights,NC,35.09,-79.374
San Simeon,CA,35.6182,-121.1374
Orick,CA,41.2909,-124.0692
Lostine,OR,45.4868,-117.4296
Zuehl,TX,29.496,-98.1535
Salem Heights,OH,40.9031,-80.8871
Snake Creek,OK,36.1786,-95.0937
Alma,IL,38.7229,-88.9118
Meservey,IA,42.9157,-93.4733
Hayden,IN,38.9714,-85.739
Coldfoot,AK,67.2475,-150.1079
Dyckesville,WI,44.6403,-87.7647
Druid Hills,KY,38.2649,-85.6617
Garland,AR,33.3609,-93.7142
Mackeyville,PA,41.0545,-77.4614
Lisbon,IL,41.4807,-88.4559
Winchester,ID,46.2409,-116.6242
Frost,MN,43.5846,-93.9248
Goose Creek,KY,38.2934,-85.5906
Starks,LA,30.3105,-93.6667
Edom,TX,32.3743,-95.6099
Wardner,ID,47.5189,-116.1357
Hysham,MT,46.2909,-107.2305
Fort Coffee,OK,35.2942,-94.5731
Wellman,TX,33.047,-102.4275
Neahkahnie,OR,45.7324,-123.9399
Lake Chaffee,CT,41.9389,-72.1961
Burns,KS,38.0897,-96.8877
Davenport,NE,40.3123,-97.8115
Reinerton,PA,40.5914,-76.5359
Crumpton,MD,39.2358,-75.9223
McCook,IL,41.7959,-87.8411
Bremen,KY,37.3623,-87.2201
Jordan,MT,47.3211,-106.9098
Raysal,WV,37.3367,-81.7712
Chewsville,MD,39.6484,-77.6311
Sauget,IL,38.5842,-90.1608
Roberts,MT,45.3437,-109.1817
Athalia,OH,38.5127,-82.3093
Spencer,NE,42.8753,-98.7003
Lindsay,NE,41.6991,-97.6939
Malden,WV,38.3008,-81.558
Shaft,MD,39.6265,-78.9384
Richvale,CA,39.4937,-121.7508
Biggsville,IL,40.8536,-90.8621
Arpin,WI,44.5394,-90.0315
Dodgeville,MI,47.0909,-88.5828
Matagorda,TX,28.697,-95.9668
Banks,AL,31.8132,-85.8364
Millbrook,IL,41.6071,-88.5454
Young America,IN,40.5686,-86.3467
Grammer,IN,39.1528,-85.725
Imbler,OR,45.4621,-117.9632
Sandia,TX,28.0198,-97.8704
Coinjock,NC,36.3513,-75.9526
Avondale,CO,38.2351,-104.3482
Otter Lake,IN,41.6368,-85.1681
Lowrey,OK,36.0974,-94.9291
Mallard Bay,OK,35.8623,-95.2638
Oslo,MN,48.1954,-97.1321
Berrysburg,PA,40.6029,-76.8101
Lockhart,AL,31.0128,-86.3505
Quechee,VT,43.6445,-72.4184
Randlett,OK,34.1773,-98.4639
East Dorset,VT,43.245,-73.0069
Clifford,MI,43.3148,-83.1793
Braden,TN,35.3685,-89.5718
Thompson,PA,41.8636,-75.5141
Gateway,AR,36.4854,-93.9365
Springfield Center,NY,42.8357,-74.8721
Buckatunna,MS,31.5424,-88.5292
Stoutland,MO,37.8136,-92.5142
Jamestown,MO,38.7667,-92.4802
Elmer City,WA,47.9999,-118.954
Port Hope,MI,43.9394,-82.7153
Humbird,WI,44.5295,-90.8862
Atalissa,IA,41.5715,-91.1664
Irwin,IA,41.7901,-95.2068
Hydaburg,AK,55.2061,-132.8208
Lakewood,WI,45.3006,-88.5145
Prairie Creek,IN,39.275,-87.4972
Sarah Ann,WV,37.7086,-81.988
Comfrey,MN,44.1111,-94.9029
Chestnut,IL,40.0537,-89.1871
Edroy,TX,27.9609,-97.6754
Hancocks Bridge,NJ,39.5051,-75.4605
Lambs Grove,IA,41.7007,-93.0793
Newsoms,VA,36.6262,-77.1248
Jewett,IL,39.2077,-88.2431
Kincaid,WV,38.0382,-81.2759
Denning,AR,35.4252,-93.7568
East Globe,AZ,33.3511,-110.7061
Haring,MI,44.2819,-85.4007
Berkey,OH,41.7085,-83.8383
Newhope,AR,34.2276,-93.8753
Hermosa,SD,43.8399,-103.193
Notchietown,OK,35.5857,-95.0901
South Mountain,TX,31.4398,-97.6793
Guide Rock,NE,40.0737,-98.3288
Shawnee,OH,39.6063,-82.2046
Reevesville,SC,33.2021,-80.6456
Garfield,MN,45.9388,-95.4945
Andersonville,GA,32.1965,-84.1454
Medora,IL,39.1765,-90.1414
Lost Bridge Village,AR,36.3899,-93.9156
Arthur,IA,42.3354,-95.3468
Summer Shade,KY,36.8837,-85.7098
North Sultan,WA,47.8829,-121.8253
Staplehurst,NE,40.9747,-97.1732
Pakala Village,HI,21.9445,-159.6436
Timber Hills,PA,40.2457,-76.4838
Ulster,PA,41.8473,-76.5065
Clam Gulch,AK,60.2,-151.3939
West Liberty,PA,41.0079,-80.0573
Toone,TN,35.3565,-88.9542
Grosse Tete,LA,30.4148,-91.4395
Roscoe,SD,45.4501,-99.3367
Covington,TX,32.1784,-97.2603
Andersonville,TN,36.197,-84.033
Goltry,OK,36.5319,-98.151
Ridgeville Corners,OH,41.4388,-84.2554
Keokee,VA,36.8622,-82.9161
Marshall,OK,36.1502,-97.6234
Mapleton,IL,40.5731,-89.7248
Koosharem,UT,38.5134,-111.8819
Beaux Arts Village,WA,47.5853,-122.205
Ukiah,OR,45.1344,-118.9331
Albright,WV,39.4937,-79.6399
Kimballton,IA,41.6272,-95.0747
Bloomfield,CA,38.3183,-122.8502
South Mills,NC,36.4379,-76.3308
Rollinsville,CO,39.9232,-105.5136
Coulter,PA,40.3006,-79.7973
Leona,TX,31.1537,-95.976
Walton,KS,38.1187,-97.2582
Garden City,CO,40.3948,-104.6893
Saratoga,IN,40.2368,-84.9159
Gumbranch,GA,31.8367,-81.6838
Fenton,IA,43.2184,-94.4279
Westwood,MO,38.6435,-90.4335
Pawnee Rock,KS,38.2649,-98.9823
Shaktoolik,AK,64.3568,-161.1973
Quitman,LA,32.3507,-92.7236
Perrytown,AR,33.6973,-93.534
Carbon,IN,39.5991,-87.1077
Windsor,FL,27.7869,-80.4141
Pecan Gap,TX,33.4382,-95.8519
Gilchrist,OR,43.477,-121.69
Patterson,IA,41.3484,-93.8776
New Suffolk,NY,40.9961,-72.4767
Ballantine,MT,45.9511,-108.1428
Nelsonia,VA,37.8224,-75.5896
Seaview,HI,19.4067,-154.9214
Hallam,NE,40.5364,-96.7869
Powers Lake,ND,48.564,-102.6457
Anamoose,ND,47.8828,-100.242
Merom,IN,39.0559,-87.5672
Klein,MT,46.3983,-108.5525
New Munster,WI,42.5758,-88.2311
East Cape Girardeau,IL,37.2957,-89.4869
Beulah,MS,33.7905,-90.9802
Henrieville,UT,37.5638,-112.002
Wynona,OK,36.5458,-96.3264
Villa Quintero,PR,18.4255,-66.235
Maunaloa,HI,21.1334,-157.2123
Garrison,IA,42.1452,-92.1441
Glacier,WA,48.8908,-121.9351
Catherine,CO,39.4017,-107.133
Hartz Lake,IN,41.1762,-86.4942
Rebecca,GA,31.8072,-83.4876
Danbury,IA,42.2364,-95.7216
Kendleton,TX,29.4469,-96.0012
Milledgeville,TN,35.3776,-88.366
Luana,IA,43.0594,-91.4557
Tyonek,AK,61.0734,-151.333
Progreso Lakes,TX,26.0712,-97.9587
Chance,OK,36.0607,-94.6478
Wilmot,OH,40.6555,-81.6347
Riverdale,NE,40.7839,-99.1604
Enemy Swim,SD,45.4319,-97.2868
Montrose,GA,32.5595,-83.1535
Capulin,CO,37.2819,-106.105
Pierson,IA,42.5437,-95.8667
Colton,WA,46.5675,-117.1284
Cumberland,VA,37.4914,-78.2577
Camp Sherman,OR,44.4493,-121.6496
Mulat,FL,30.5595,-87.1297
Nettie,WV,38.2183,-80.6889
Moshannon,PA,41.0345,-78.0066
Colerain,NC,36.2013,-76.7661
Elyria,KS,38.2896,-97.6339
Mill Creek,PA,40.4373,-77.9307
Salt Lick,KY,38.1194,-83.6156
Turon,KS,37.8075,-98.4278
Buffalo,KS,37.709,-95.697
Genoa,WI,43.5732,-91.2262
Wachapreague,VA,37.6063,-75.6897
Orestes,IN,40.271,-85.7247
Coalmont,IN,39.1932,-87.2265
Langlois,OR,42.9259,-124.4532
Mekoryuk,AK,60.3704,-166.267
Vinton,OH,38.9776,-82.3374
Patricksburg,IN,39.3156,-86.9592
Wakita,OK,36.8819,-97.9241
Davis,NC,34.7996,-76.4641
Hunterstown,PA,39.8825,-77.1568
Lincoln,VT,44.1028,-72.9937
Montpelier,LA,30.6823,-90.6545
Michiana,MI,41.7637,-86.8113
Franklin,PA,40.3418,-78.8841
Mountain Dale,NY,41.6936,-74.5218
Acacia Villas,FL,26.6457,-80.1104
Custer,MI,43.9511,-86.2196
Loda,IL,40.516,-88.0756
Storden,MN,44.0396,-95.3193
Wheatland,MO,37.9404,-93.3993
Carroll,NE,42.2758,-97.1908
White City,IL,39.0716,-89.7637
Bedford,KY,38.5954,-85.3174
Bowling Green,IN,39.3831,-87.0117
Nixon,TN,35.1148,-88.2583
Florence,SD,45.0548,-97.3263
Plumwood,OH,40.0088,-83.4147
Le Raysville,PA,41.8381,-76.1776
Castleberry,AL,31.3001,-87.0269
Diamond Beach,NJ,38.9595,-74.8531
Ironton,WI,43.5453,-90.1436
Parmele,NC,35.8181,-77.3143
McEwensville,PA,41.0723,-76.8188
Walstonburg,NC,35.5961,-77.6981
Pilger,NE,42.0078,-97.0546
Ridgeland,WI,45.2025,-91.8965
Metaline Falls,WA,48.8615,-117.3718
Broadlands,IL,39.9087,-87.9971
Point Lay,AK,69.7443,-162.8678
Hanley Falls,MN,44.6918,-95.6195
Gold Hill,CO,40.0597,-105.4189
Yuma Proving Ground,AZ,32.8652,-114.4369
Fairview,KS,39.8397,-95.7282
Buckingham,IL,41.0467,-88.1749
Bonnieville,KY,37.3774,-85.9015
Litchfield,NE,41.1562,-99.1531
Ambrose,GA,31.5945,-83.0137
Negley,OH,40.7927,-80.536
Gackle,ND,46.6264,-99.1412
Weston,NE,41.1931,-96.7422
Backus,MN,46.8207,-94.5148
Selden,KS,39.5414,-100.5671
Canby,CA,41.4477,-120.8843
Cheshire,OR,44.1901,-123.2834
Castella,CA,41.1549,-122.3032
Elbing,KS,38.0534,-97.1283
Brule,NE,41.0947,-101.8882
Malone,TX,31.9171,-96.8948
Dowell,IL,37.9396,-89.2391
Bay View Gardens,IL,40.8102,-89.5272
Eden,WY,42.0601,-109.4392
Tremont City,OH,40.0147,-83.8386
Raiford,FL,30.0638,-82.2391
Lueders,TX,32.8004,-99.6232
Iola,TX,30.7719,-96.0771
Longton,KS,37.3779,-96.0821
Toccopola,MS,34.2561,-89.2211
Rose Hill,IA,41.3203,-92.4637
Kingston,MO,39.6425,-94.0384
Trumbull,NE,40.6801,-98.2734
Secor,IL,40.7418,-89.135
Liberty,PA,41.5585,-77.1054
Wales,AK,65.6119,-168.0773
Ewen,MI,46.5331,-89.2852
Athens,LA,32.658,-93.0277
Merino,CO,40.4835,-103.3535
Fries,VA,36.714,-80.9752
Railroad,PA,39.7596,-76.6961
Hood,CA,38.3693,-121.5155
Easton,IL,40.2321,-89.8415
Oaks,OK,36.1698,-94.8529
Dyess,AR,35.5893,-90.2133
Tynan,TX,28.1708,-97.7492
Auburn,WY,42.7969,-111.0216
Upper Red Hook,NY,42.0262,-73.8456
Whatley,AL,31.6463,-87.7108
Skillman,NJ,40.4247,-74.714
Posen,MI,45.2622,-83.6989
Cedar Hill Lakes,MO,38.33,-90.6577
Delmont,NJ,39.2152,-74.9494
Coffee Creek,CA,41.0802,-122.7136
Oakdale,WI,43.9622,-90.3791
Bordelonville,LA,31.1012,-91.9005
Monterey,LA,31.4436,-91.7191
Tullos,LA,31.8188,-92.3293
Hemlock,OH,39.5905,-82.1545
Carbon,TX,32.2684,-98.8272
Rhodes,IA,41.9278,-93.1837
St. Hilaire,MN,48.0135,-96.2137
Potter,NE,41.2244,-103.1905
Clipper Mills,CA,39.5325,-121.1665
Milburn,OK,34.24,-96.552
Goshen,VA,37.9901,-79.5067
Bullhead,SD,45.7693,-101.0809
Adams Lake,IN,41.5536,-85.3302
Stroh,IN,41.5814,-85.1994
Milligan,NE,40.5001,-97.3882
Blain,PA,40.3365,-77.5124
Dixie Inn,LA,32.5968,-93.3317
Acme,WA,48.7158,-122.2077
Vicco,KY,37.2161,-83.0609
Oswego,IN,41.3203,-85.7872
Hortonville,NY,41.7662,-75.0222
Nulato,AK,64.7052,-158.2382
Ward,SC,33.8573,-81.7313
Pavillion,WY,43.244,-108.689
Max,ND,47.8204,-101.2911
Standard,IL,41.2558,-89.1818
Eitzen,MN,43.508,-91.4636
Boneau,MT,48.2926,-109.8632
Cofield,NC,36.3567,-76.9106
Winslow,AR,35.8008,-94.1304
Bendon,MI,44.637,-85.8378
Helena,OH,41.3403,-83.2921
Ellsworth,MI,45.1665,-85.2435
Di Giorgio,CA,35.2491,-118.8442
Barrville,PA,40.6664,-77.6831
Tenkiller,OK,35.7935,-94.8537
Mehoopany,PA,41.568,-76.0616
Diamondhead Lake,IA,41.5507,-94.258
Mount Pleasant,OH,40.176,-80.7995
Callisburg,TX,33.6987,-97.0159
Coffee City,TX,32.1383,-95.4871
Red Cliff,CO,39.5092,-106.3699
Atlantic Beach,SC,33.8035,-78.7177
Beverly,WA,46.8348,-119.9301
Kingston,WI,43.6935,-89.1304
Panama,IA,41.7261,-95.4754
Oakdale,IL,38.2648,-89.5035
Lupton,MI,44.4297,-84.0225
Elderton,PA,40.6945,-79.3421
Elizabethtown,IN,39.1351,-85.8125
Shiloh,NJ,39.4595,-75.297
Lead Hill,AR,36.4137,-92.9067
Siloam,GA,33.5367,-83.0812
Longstreet,LA,32.0976,-93.9505
Newport,IN,39.884,-87.4072
Snelling,SC,33.2416,-81.4622
Bruce,SD,44.4378,-96.8906
Hop Bottom,PA,41.7053,-75.7674
Buford,SC,34.748,-80.6285
Carrizo,AZ,33.9866,-110.3314
Eskdale,WV,38.0909,-81.4471
Sipsey,AL,33.8225,-87.0835
Walkerville,MI,43.7143,-86.1259
Newburg,PA,40.5214,-78.4217
Davy,WV,37.4759,-81.6475
Sagaponack,NY,40.9302,-72.2726
Grand Detour,IL,41.9011,-89.4137
Waldo,AL,33.3892,-86.036
Buffalo,SD,45.5863,-103.5434
Savannah,OH,40.9666,-82.3661
Danville,MD,39.5125,-78.9184
Switz City,IN,39.0348,-87.054
Elk City,KS,37.2896,-95.9099
Union,WA,47.3475,-123.0951
Sandy Creek,NC,34.2799,-78.1531
Oak Island,TX,29.6628,-94.6883
Bee,NE,41.0064,-97.0583
Stanley,ID,44.2154,-114.9364
Mulhall,OK,36.0913,-97.361
Jackson,NE,42.4507,-96.5787
Middle River,MN,48.4349,-96.1617
Agricola,MS,30.812,-88.5224
Georgetown,MS,31.8698,-90.1648
Cuylerville,NY,42.7778,-77.8737
Hartsville,IN,39.2669,-85.6991
Neilton,WA,47.4031,-123.8782
Fayetteville,OH,39.1854,-83.9319
Menifee,AR,35.1493,-92.5544
North Robinson,OH,40.7924,-82.8568
Oil Trough,AR,35.6292,-91.4612
Hepzibah,WV,39.3309,-80.3341
Pleasant View,KY,36.6782,-84.1284
Edenborn,PA,39.8821,-79.8877
Forest,IN,40.3736,-86.3328
Forestville,PA,41.1046,-80.0042
Jenera,OH,40.8995,-83.727
Catawba,OH,39.9996,-83.6219
Boykin,AL,32.0696,-87.2915
Eureka,TX,32.012,-96.2856
Spangle,WA,47.4299,-117.3812
Plevna,MT,46.4184,-104.5186
Bakerhill,AL,31.7769,-85.2955
Georgetown,LA,31.7597,-92.3821
Ben Lomond,AR,33.8335,-94.1177
Baileys Harbor,WI,45.0659,-87.133
Jefferson,PA,39.9304,-80.0577
Coalton,IL,39.2848,-89.303
Rentz,GA,32.3835,-82.9917
Chilhowee,MO,38.5885,-93.8559
El Adobe,CA,35.2451,-118.9589
Macks Creek,MO,37.9639,-92.9682
Barnum,IA,42.5062,-94.3657
Channing,TX,35.6819,-102.3322
Crumpler,WV,37.4262,-81.3313
Chain of Rocks,MO,38.9155,-90.802
Cloverland,IN,39.5014,-87.2314
Arriba,CO,39.2843,-103.274
Salisbury Mills,NY,41.4308,-74.1098
Babb,MT,48.8777,-113.4408
North Miami,OK,36.9202,-94.8797
Nageezi,NM,36.2488,-107.7471
Gasconade,MO,38.6703,-91.56
Brainard,NE,41.1821,-97.0024
Copemish,MI,44.4804,-85.9242
Norway,SC,33.4503,-81.1266
Blairsville,IL,37.8107,-89.1239
Fairhaven,MN,45.3231,-94.204
Birch Hill,WI,46.5209,-90.5555
Pablo Pena,TX,26.3037,-98.6405
Duane Lake,NY,42.7526,-74.1088
Sacate Village,AZ,33.1416,-111.9811
Elim,AK,64.6186,-162.2763
Richville,NY,44.4151,-75.3924
Tharptown,PA,40.8028,-76.572
Nichols,WI,44.5672,-88.4678
Crook City,SD,44.4381,-103.6434
La Barge,WY,42.2605,-110.1971
Unionville Center,OH,40.1367,-83.3416
Rutledge,MN,46.257,-92.8696
Leroy,IN,41.36,-87.272
Fowlerville,NY,42.894,-77.8479
Eastville,VA,37.3511,-75.9417
Homewood at Martinsburg,PA,40.3044,-78.3323
Carrsville,VA,36.7088,-76.837
Elco,PA,40.0812,-79.8813
Palominas,AZ,31.3839,-110.1212
Dungannon,VA,36.8285,-82.4681
Truchas,NM,36.0338,-105.8095
Acampo,CA,38.1735,-121.2797
Knollcrest,CT,41.5012,-73.4669
Twin Groves,AR,35.3187,-92.4253
Granville,ND,48.2663,-100.8449
Anaktuvuk Pass,AK,68.15,-151.7162
Lac La Belle,WI,43.1432,-88.53
Crosby,MS,31.2791,-91.063
Golden,MO,36.5266,-93.6637
Roseland,NE,40.4697,-98.5587
Hoople,ND,48.5358,-97.6389
Dripping Springs,AZ,33.1049,-110.7551
Westville,FL,30.7697,-85.8465
Lake Angelus,MI,42.6921,-83.3216
Callaghan,VA,37.8112,-80.0871
White Shield,ND,47.6601,-101.8436
Peacham,VT,44.3296,-72.1725
Geneva,IN,39.3912,-85.7175
Alpine Northwest,WY,43.1817,-111.0347
Pukwana,SD,43.7792,-99.1843
Stovall,NC,36.4476,-78.5689
Fairfield,NC,35.5471,-76.2261
Cunningham,KY,36.9081,-88.8869
Mitiwanga,OH,41.3813,-82.466
Coaldale,CO,38.3558,-105.8131
Allen,KS,38.655,-96.1697
Welch,TX,32.9306,-102.1256
Alonzaville,VA,38.9287,-78.5464
Kanauga,OH,38.8411,-82.1495
Dakota,MN,43.9106,-91.3605
Thor,IA,42.6881,-94.0496
Camargito,TX,26.3451,-98.7387
Iliff,CO,40.7592,-103.0661
Imperial,TX,31.2668,-102.6947
Hanover,NM,32.8149,-108.0897
Montrose,IL,39.166,-88.3781
Omaha,IL,37.8901,-88.3053
Bessie,OK,35.3854,-98.9892
Burleigh,NJ,39.049,-74.8465
Soham,NM,35.4168,-105.4985
Alsace Manor,PA,40.3973,-75.8548
Pottawattamie Park,IN,41.7233,-86.8671
Tehuacana,TX,31.7411,-96.5436
Prescott,KS,38.063,-94.6929
Leesburg,NJ,39.2593,-74.9849
Indiahoma,OK,34.6197,-98.7522
Tonalea,AZ,36.3218,-110.9667
New Munich,MN,45.6309,-94.7525
Tarsney Lakes,MO,38.9506,-94.205
Durbin,WV,38.5471,-79.8278
Menominee,IL,42.4747,-90.5429
Parkdale,OR,45.5131,-121.5921
Pine Point,MN,46.9889,-95.3883
Toaville,PR,18.4438,-66.2431
Wells Bridge,NY,42.3712,-75.2432
Stout,IA,42.527,-92.7115
Vergennes,IL,37.9012,-89.3398
Crandall,IN,38.2883,-86.0659
Lodoga,CA,39.3041,-122.5058
Glenford,OH,39.8863,-82.3201
Wolbach,NE,41.4013,-98.394
St. Regis Falls,NY,44.6764,-74.5309
Bradshaw,WV,37.3534,-81.8012
St. Maurice,LA,31.7613,-92.9389
Cleghorn,IA,42.8124,-95.7127
Louviers,CO,39.4799,-105.0033
Augusta,MO,38.5695,-90.8812
Chester,NE,40.0101,-97.6181
Glenbrook,NV,39.0986,-119.9341
Neskowin,OR,45.1208,-123.9766
Edmore,ND,48.4124,-98.4536
Rocky Ridge,OH,41.531,-83.2126
Bentonia,MS,32.6437,-90.3692
Spring Lake,FL,28.4952,-82.3017
Repton,AL,31.4096,-87.2394
Lenapah,OK,36.8514,-95.6357
Olsburg,KS,39.432,-96.6158
Pollock,SD,45.9005,-100.2885
Darrouzett,TX,36.4447,-100.3258
Becenti,NM,35.8123,-108.1708
Glenmont,OH,40.519,-82.0925
St. Marks,FL,30.1656,-84.2078
Tallulah Falls,GA,34.7263,-83.3826
Wilton,AR,33.7388,-94.148
Amherst,NE,40.8383,-99.2696
Akiak,AK,60.9061,-161.2122
North Clarendon,VT,43.5722,-72.9667
Moscow,MD,39.5393,-79.0082
Bluejacket,OK,36.8003,-95.074
Russellville,SC,33.397,-79.9637
Deer Creek,MN,46.3909,-95.3217
Clear Creek,CA,40.3023,-121.0531
Patterson,AR,35.259,-91.235
Riverland,MN,47.3228,-95.9512
New Columbus,PA,41.1732,-76.2868
Nordic,WY,43.0793,-110.9913
Universal,IN,39.6226,-87.4554
Bennett,NC,35.5664,-79.54
Manor Creek,KY,38.2981,-85.5873
Creola,LA,31.43,-92.4829
Harpster,OH,40.7384,-83.2502
Central,AZ,32.8692,-109.7908
Bowers,DE,39.0602,-75.402
Newtonia,MO,36.8794,-94.1836
Gallina,NM,36.2295,-106.8205
Snover,MI,43.4564,-82.9684
Watersmeet,MI,46.2872,-89.1937
Wedgewood,MI,44.1937,-85.4902
Terral,OK,33.8966,-97.9383
Santo,TX,32.6056,-98.2138
Hoskins,NE,42.1126,-97.3045
Hall Summit,LA,32.1768,-93.3055
Toronto,SD,44.5724,-96.6414
Cuyuna,MN,46.5115,-93.9264
Wallace,NE,40.8376,-101.1645
Keyport,WA,47.6999,-122.624
Rossburg,OH,40.2801,-84.6383
Clarksburg,MO,38.6611,-92.666
Keene,KY,37.9431,-84.6411
Kilbourne,IL,40.1519,-90.0115
Foxburg,PA,41.1459,-79.6802
Jaconita,NM,35.8857,-106.0611
Fertile,IA,43.2623,-93.4232
Ghent,KY,38.734,-85.0614
Horn Hill,AL,31.2382,-86.3211
Zena,OK,36.5084,-94.8481
Bluebell,UT,40.3576,-110.2232
Lauderdale,MS,32.5104,-88.5264
Geiger,AL,32.8696,-88.3133
Northfork,WV,37.4196,-81.4274
Ripley,OK,36.0158,-96.9039
Bear Creek,WI,44.5313,-88.7275
Marathon,TX,30.2157,-103.2433
Creighton,MO,38.4966,-94.0721
Campbell,NE,40.2963,-98.7316
Captree,NY,40.6449,-73.2575
Irondale,OH,40.5728,-80.7259
Hunter,ND,47.1904,-97.2131
Grygla,MN,48.2996,-95.6238
Blue Springs,MS,34.3922,-88.8779
Condon,MT,47.5225,-113.6987
St. Thomas,MO,38.367,-92.216
Linndale,OH,41.445,-81.7665
Arcadia,KS,37.6412,-94.624
Perrin,TX,33.0348,-98.0693
Tower,MI,45.3543,-84.2976
Summers,AR,35.9834,-94.4866
Fairview,VA,36.8292,-78.4653
Soldier Creek,SD,43.3237,-100.8883
Pleasure Bend,LA,29.9205,-90.646
Ramer,TN,35.0718,-88.6147
Paisley,OR,42.6926,-120.5452
Keller,VA,37.6211,-75.7644
Kampsville,IL,39.2971,-90.6127
Kellerton,IA,40.7103,-94.0501
Monterey,IN,41.156,-86.4821
Corwith,IA,42.9889,-93.9582
Ladora,IA,41.7557,-92.1859
Industry,TX,29.9715,-96.4992
Spillertown,IL,37.7646,-88.9204
Daisytown,PA,40.3201,-78.9035
Mount Carmel,FL,30.9868,-87.121
Reserve,WI,45.8337,-91.3545
Kremlin,OK,36.5467,-97.8321
Fulton,IN,40.9463,-86.2642
Eagle Nest,NM,36.5496,-105.2591
Rising City,NE,41.198,-97.2972
Piffard,NY,42.8319,-77.8584
Fairfield,TN,36.6208,-86.3425
Dixon,MT,47.3172,-114.3569
Elk City,ID,45.8266,-115.4378
Blue Diamond,NV,36.04,-115.4128
Bigelow,MN,43.5053,-95.6892
Troy Grove,IL,41.4657,-89.0815
Ardentown,DE,39.8083,-75.4809
Woodstock,OH,40.1737,-83.5279
Friesland,WI,43.5886,-89.067
Georgetown,PA,40.6417,-80.4994
Petros,TN,36.1028,-84.4504
Mapleton,KS,38.0155,-94.8834
Brucetown,VA,39.252,-78.0605
Bethany,PA,41.6143,-75.2872
Hayes,LA,30.1112,-92.9236
Pikes Creek,PA,41.3085,-76.1028
Pymatuning North,PA,41.666,-80.4648
Low Moor,IA,41.8029,-90.355
Middleport,PA,40.7278,-76.0868
Young,AZ,34.1189,-110.9559
Mahaffey,PA,40.8747,-78.7276
Mongaup Valley,NY,41.676,-74.7831
Joplin,MT,48.559,-110.773
Tocsin,IN,40.8303,-85.1091
Norris,IL,40.6258,-90.0321
Bunceton,MO,38.7894,-92.7992
Holbrook,NE,40.3047,-100.0099
Maynard,MN,44.9055,-95.4687
Quinby,VA,37.5533,-75.7368
Randolph,IA,40.8731,-95.5647
Steward,IL,41.8493,-89.015
Fair Oaks,IN,41.075,-87.2575
Mallard,IA,42.9394,-94.6834
Alexander,ND,47.8393,-103.6426
Hedley,TX,34.8674,-100.659
Burnett,WI,43.5065,-88.7084
Dix,NE,41.2342,-103.4867
Downsville,WI,44.7709,-91.9257
Lockett,TX,34.0826,-99.3738
Kokomo,MS,31.1991,-90.0008
Cromwell,OK,35.3525,-96.4557
Templeton,PA,40.9185,-79.4603
Spickard,MO,40.2432,-93.5923
Hewitt,MN,46.324,-95.0902
Malcom,IA,41.7061,-92.5553
Fillmore,MO,40.0253,-94.9727
McCune,KS,37.3538,-95.0191
Canadian Shores,OK,35.1743,-95.7425
Elrama,PA,40.2517,-79.9243
Ivanhoe,NC,34.587,-78.2447
Kensington,MN,45.778,-95.6971
Gratiot,OH,39.9515,-82.2168
Enchanted Oaks,TX,32.2667,-96.109
Clayville,NY,42.9748,-75.2489
Willisville,AR,33.5194,-93.2949
Bowlus,MN,45.8191,-94.4072
Sasser,GA,31.7199,-84.3478
Rennert,NC,34.8142,-79.0791
Haworth,OK,33.8405,-94.6571
Millville,MN,44.2448,-92.2958
Stilesville,IN,39.6372,-86.6343
Hillside Colony,MT,48.9789,-112.0704
Bowbells,ND,48.8027,-102.2457
Myra,TX,33.624,-97.3144
Bruning,NE,40.3358,-97.5647
Old Washington,OH,40.0376,-81.4443
Verona,IL,41.2157,-88.505
Elizabethtown,OH,39.1622,-84.8037
Tilghmanton,MD,39.5286,-77.7437
Bascom,OH,41.129,-83.2869
Bug Tussle,OK,35.0293,-95.6836
Brooker,FL,29.8877,-82.3327
La Plant,SD,45.1353,-100.6648
Gainesville,AL,32.8149,-88.1608
McNary,LA,30.9895,-92.5795
Custer,WA,48.9127,-122.6369
La Victoria,TX,26.3478,-98.6296
Stanford,MT,47.1521,-110.219
Hillrose,CO,40.3245,-103.5224
Ridgeway,IA,43.2971,-91.9924
Skyline,MN,44.1406,-94.0341
Midland,LA,30.1805,-92.5014
Dalton,MN,46.1739,-95.9155
Bruce Crossing,MI,46.5394,-89.1779
Fort Washington,CA,36.8793,-119.7613
Wallsburg,UT,40.3869,-111.4194
Freetown,IN,38.9773,-86.1269
Rancho Banquete,TX,27.8093,-97.8455
Columbia Furnace,VA,38.8762,-78.6256
Morganton,GA,34.8749,-84.2442
Ste. Marie,IL,38.93,-88.0278
Ruth,NV,39.2791,-114.9901
Willow Hill,IL,38.9958,-88.0218
Kirkville,MS,34.442,-88.4854
Elliott,IL,40.4662,-88.2769
East Germantown,IN,39.8131,-85.1371
Russell,AR,35.3621,-91.51
Colfax,ND,46.471,-96.8725
Shuqualak,MS,32.9793,-88.5693
Temperanceville,VA,37.8991,-75.5526
Snelling,CA,37.5216,-120.4385
Felts Mills,NY,44.0167,-75.7628
Lake Almanor Peninsula,CA,40.2813,-121.1345
Flemington,WV,39.2666,-80.1285
Sheldon,WI,45.3119,-90.9567
Haugen,WI,45.6078,-91.7788
Olean,MO,38.4103,-92.53
East Worcester,NY,42.6284,-74.6743
Dresbach,MN,43.8893,-91.3438
Edmundson Acres,CA,35.2273,-118.8233
Cressey,CA,37.421,-120.6557
Statesville,TN,36.0198,-86.1206
Potter,WI,44.1203,-88.0989
Geraldine,MT,47.6022,-110.2663
Jeffersonville,IL,38.4425,-88.404
Rickardsville,IA,42.5815,-90.8762
La Motte,IA,42.2956,-90.6233
Joppa,IL,37.207,-88.8447
Cypress,IL,37.3655,-89.0187
Blencoe,IA,41.9303,-96.082
Redwood,MS,32.4734,-90.7969
Yolo,CA,38.7405,-121.8093
Tappen,ND,46.8716,-99.6269
Keener,NC,35.1131,-78.3094
Empire,OH,40.5117,-80.6261
Wyola,MT,45.1154,-107.3738
Swan Valley,ID,43.4445,-111.3287
Dundas,IL,38.8346,-88.0855
Greeley,IA,42.5849,-91.3417
Holy Cross,IA,42.6011,-90.9962
Kellnersville,WI,44.2253,-87.8021
Sunbury,NC,36.4469,-76.6127
South Glastonbury,MT,45.3121,-110.8076
Pachuta,MS,32.0441,-88.8844
Brookside,CO,38.4135,-105.1909
Kunkle,OH,41.636,-84.4943
Jennings,MI,44.3325,-85.2969
Lowell,WI,43.3363,-88.8182
Bud,WV,37.5329,-81.3821
Maytown,AL,33.5499,-87.0001
Pleasant Plains,AR,35.5545,-91.6273
Opdyke,IL,38.2583,-88.7898
Ethan,SD,43.5463,-97.9834
Daviston,SC,33.8862,-79.3718
Rodey,NM,32.6538,-107.1358
Moorhead,IA,41.9233,-95.8514
North Loup,NE,41.4955,-98.7726
Bolton Landing,NY,43.563,-73.6529
Missouri City,MO,39.2383,-94.3026
Cromberg,CA,39.8684,-120.6904
Gorman,MD,39.2923,-79.3527
Grady,AR,34.0787,-91.6976
Sand City,CA,36.6184,-121.8477
Boston,IN,39.7412,-84.8517
Kongiganak,AK,59.9858,-162.8544
Callao,MO,39.7621,-92.6237
Wheeler,WI,45.0441,-91.9037
Dedham,IA,41.9084,-94.8233
Glen Allan,MS,33.0267,-91.0226
Guys Mills,PA,41.6308,-79.976
Holcomb,MS,33.7642,-89.9732
Cumberland,IA,41.2732,-94.8705
Nazareth,TX,34.5416,-102.1021
Anniston,MO,36.8243,-89.3267
Rensselaer,MO,39.6692,-91.5387
Bryant,IN,40.5359,-84.9633
Sandy Ridge,PA,40.8105,-78.2345
Riverdale,MI,43.3828,-84.8392
Guinda,CA,38.8274,-122.1984
Brocton,IL,39.7154,-87.9336
Smoketown,PA,40.0387,-76.204
Farley,MO,39.2883,-94.8285
Keswick,IA,41.4545,-92.2383
La Grande,WA,46.8199,-122.2962
Browntown,WI,42.5788,-89.7894
Bear Dance,MT,47.902,-114.0273
North Bend,PA,41.3473,-77.7026
Amasa,MI,46.2295,-88.4579
Langston,AL,34.5374,-86.0899
Tescott,KS,39.013,-97.8781
Pisgah,IA,41.8305,-95.9262
Ransom,KS,38.6367,-99.9328
Drifting,PA,41.0242,-78.1083
Dodson,LA,32.0808,-92.6587
Lineville,IA,40.587,-93.5232
Morgan Heights,CO,40.2875,-103.8275
Saline,LA,32.1631,-92.9768
Trent,TX,32.4882,-100.1233
Caroleen,NC,35.2811,-81.7913
Emma,MO,38.9751,-93.495
Douglas,NE,40.5932,-96.3882
Belcher,LA,32.7522,-93.8372
Wedderburn,OR,42.4328,-124.4232
Sandy Hook,WI,42.5466,-90.6168
Colony,AL,33.9413,-86.9022
Williston,OH,41.6026,-83.3419
Iaeger,WV,37.4642,-81.8111
Homa Hills,WY,42.9857,-106.3719
Torboy,WA,48.6771,-118.6689
Hanston,KS,38.1229,-99.7127
McCarr,KY,37.6178,-82.1706
Mooar,IA,40.432,-91.4447
Browning,MO,40.0348,-93.16
Bluffton,MN,46.4696,-95.2338
Westport,OR,46.1303,-123.3715
Emeigh,PA,40.6948,-78.787
Hornsby,TN,35.2285,-88.8293
Garciasville,TX,26.3198,-98.6997
Carson,ND,46.4223,-101.5706
Hollansburg,OH,39.9985,-84.793
Stittville,NY,43.2236,-75.289
Edison,WA,48.564,-122.4348
Rochester,TX,33.3142,-99.8565
St. Charles,AR,34.373,-91.1375
Spring Branch,TX,29.8849,-98.4127
Mohawk,MI,47.3078,-88.3542
Rudolph,OH,41.2966,-83.6641
Kimberly,WV,38.1407,-81.2967
Rincon,NM,32.6726,-107.0759
Grand Falls Plaza,MO,37.0355,-94.5379
Weems,VA,37.6554,-76.4497
Lismore,MN,43.7491,-95.9481
Fairlee,MD,39.2268,-76.1654
Hume,MO,38.0906,-94.5827
Havana,TX,26.2507,-98.509
Ryegate,MT,46.2985,-109.2538
St. James,MI,45.7473,-85.5173
Goldsboro,MD,39.0316,-75.7821
Scottsville,TX,32.5317,-94.2464
Jacksontown,OH,39.9606,-82.4129
Venice,LA,29.2875,-89.3637
Laguna Seca,TX,26.2793,-97.9262
Grey Eagle,MN,45.8245,-94.7492
Nuremberg,PA,40.9378,-76.1685
Westbrook,TX,32.3571,-101.0133
Salt Point,NY,41.8061,-73.79
Holley,OR,44.349,-122.7855
Ogema,WI,45.451,-90.2927
Old Hundred,NC,34.8246,-79.5922
Peavine,OK,35.8903,-94.6064
Sanostee,NM,36.4329,-108.873
Rhoadesville,VA,38.2735,-77.9283
Shelby,IN,41.1934,-87.3427
Hainesburg,NJ,40.9577,-75.0503
Taylor,MS,34.2691,-89.5833
Oakford,IL,40.1011,-89.9652
Mifflin,OH,40.7734,-82.3639
Dutton,MT,47.8476,-111.7146
Dover,KY,38.7563,-83.8844
Alexander,IL,39.7218,-90.0368
Sanctuary,TX,32.9132,-97.5877
Jobstown,NJ,40.0334,-74.6945
Lohman,MO,38.5428,-92.3646
Walloon Lake,MI,45.2718,-84.9412
Hayes Center,NE,40.511,-101.0204
Hammett,ID,42.9441,-115.4654
Hall,NY,42.7965,-77.068
Francis,OK,34.8745,-96.5926
Oak Ridge,MO,37.4987,-89.7299
Munich,ND,48.6729,-98.8385
Centertown,TN,35.7251,-85.9197
Holmesville,OH,40.629,-81.9233
Mystic,IA,40.7792,-92.9446
Medicine Bow,WY,41.8995,-106.2019
Crane,IN,38.8943,-86.9012
Fillmore,IL,39.1154,-89.2785
Gresham,NE,41.0284,-97.4011
Lodge Pole,MT,48.0272,-108.5518
Cottageville,WV,38.8667,-81.8242
Marquette,NE,41.0063,-98.0098
Bethune,CO,39.3038,-102.4234
Buckner,AR,33.3572,-93.4358
Bloomington,ID,42.1908,-111.4042
East Poultney,VT,43.5259,-73.2107
Orchard,TX,29.6035,-95.969
Marty,SD,42.9965,-98.4302
East Hope,ID,48.2408,-116.2903
Jamison City,PA,41.2982,-76.3691
Glen Richey,PA,40.9489,-78.4778
Raemon,NC,34.6229,-79.3491
Olmsted,IL,37.1827,-89.0849
Lisbon,LA,32.7893,-92.8672
Halifax,NC,36.3255,-77.5901
Wall Lake,IN,41.7297,-85.1999
Montezuma Creek,UT,37.2563,-109.303
Peterson,MN,43.7868,-91.8333
Upper Stewartsville,NJ,40.7048,-75.1205
Woodland Hills,NE,40.7511,-96.421
St. Peter,IL,38.8676,-88.8505
Malden-on-Hudson,NY,42.0932,-73.9365
Hull,GA,34.0155,-83.2938
St. Petersburg,PA,41.161,-79.6545
Harperville,MS,32.4928,-89.4879
Plum,TX,29.9324,-96.9812
Kistler,PA,40.3769,-77.8654
Roaring Springs,TX,33.8992,-100.8561
Karthaus,PA,41.1211,-78.1198
Drummond,MT,46.6665,-113.1471
Rewey,WI,42.8419,-90.3961
Brownsville,IN,39.6645,-85.0047
Cove Neck,NY,40.884,-73.5002
Granville,IA,42.9853,-95.8749
Oakley,MI,43.1434,-84.1685
Volga,IA,42.8029,-91.5423
Ceylon,MN,43.5329,-94.6307
Southampton Meadows,VA,36.5916,-76.9293
Eureka,WI,44.0074,-88.8425
St. Mary,MO,37.8737,-89.9497
Jamestown,CO,40.118,-105.3914
Pauline,SC,34.8321,-81.8693
Burkettsville,OH,40.353,-84.6426
Houstonia,MO,38.8994,-93.3592
Pleasant Grove,AR,35.8205,-91.907
Grand Marais,MI,46.6685,-85.9751
Central Pacolet,SC,34.9096,-81.7527
Morgan's Point,TX,29.6765,-95.0027
Victoria,IL,41.0315,-90.0918
Norene,TN,36.0541,-86.2382
Ida,LA,33.0016,-93.8954
Bloomville,NY,42.3338,-74.818
Pickstown,SD,43.0671,-98.5295
Kelly,WY,43.6227,-110.6273
Dupont,IN,38.8915,-85.5167
Perry,IL,39.7821,-90.7474
Kaycee,WY,43.7101,-106.6371
Donovan,IL,40.8849,-87.6139
Downsville,NY,42.0833,-74.9966
Kinta,OK,35.1194,-95.2378
Rushville,MO,39.5874,-95.0235
Rock River,WY,41.7317,-105.9752
Harvel,IL,39.3577,-89.5322
Noma,FL,30.9802,-85.6223
Broeck Pointe,KY,38.2955,-85.5857
Ivor,VA,36.9052,-76.8978
Kirkville,IA,41.1423,-92.5036
Junction City,MO,37.5733,-90.2907
Pleasant Grove,MD,39.6802,-78.6904
Lewisville,MN,43.9241,-94.4341
Corinth,KY,38.4997,-84.6031
Savage Town,VA,37.55,-75.7983
Burnt Ranch,CA,40.8111,-123.5082
Henderson,IL,41.0238,-90.3535
Gurley,NE,41.3214,-102.9745
Scotland,GA,32.0472,-82.8181
Westby,MT,48.871,-104.0551
San Simon,AZ,32.2682,-109.2302
Fairview,WV,39.5927,-80.2469
Madrid,AL,31.0356,-85.3992
Harrell,AR,33.5099,-92.4001
Eau Claire,PA,41.1368,-79.7986
Antreville,SC,34.2971,-82.5541
Renwick,IA,42.8269,-93.9813
Richfield,CA,39.9738,-122.1732
Woolsey,GA,33.3626,-84.4113
Irwin,ID,43.3965,-111.2721
Madrid,NE,40.8525,-101.5278
Dellroy,OH,40.555,-81.1992
Buckingham Courthouse,VA,37.5541,-78.5514
Mountain,WI,45.1863,-88.468
Crisman,CO,40.0416,-105.3675
Coffee Springs,AL,31.1664,-85.9103
Broaddus,TX,31.305,-94.2699
Blue Mound,KS,38.089,-95.01
Lamont,OK,36.6911,-97.5583
West Sullivan,MO,38.192,-91.1919
Chelyan,WV,38.1958,-81.4928
Thompsons,TX,29.4906,-95.6304
New Ringgold,PA,40.6892,-75.9928
Stella,MO,36.7626,-94.191
Blakesburg,IA,40.962,-92.6347
High Hill,MO,38.8754,-91.3776
Ponderosa,NM,35.6555,-106.6544
New Point,IN,39.3096,-85.3266
Nason,IL,38.176,-88.9663
Rosalie,NE,42.0574,-96.5128
Bryant,IL,40.4655,-90.0948
Bliss,ID,42.9243,-114.9479
Wanship,UT,40.8167,-111.4151
Fallston,PA,40.724,-80.3133
Catharine,KS,38.9302,-99.2144
Campton,KY,37.7353,-83.5473
Lava Hot Springs,ID,42.6198,-112.0098
Stickney,SD,43.5894,-98.4376
Chemung,IL,42.4162,-88.6641
Chauncey,WV,37.7652,-81.9834
Applegate,MI,43.3554,-82.6371
Coulter,IA,42.733,-93.3701
Bellewood,KY,38.2608,-85.6594
Roswell,OH,40.4759,-81.348
Nakaibito,NM,35.7826,-108.8039
Mize,MS,31.8665,-89.5542
Boydton,VA,36.666,-78.3908
Lake Lorraine,WI,42.733,-88.7374
Wallace,WV,39.4072,-80.4911
Ridgeway,OH,40.5122,-83.5692
Fox,AR,35.7844,-92.2996
Hilltop,GA,33.1063,-84.4382
Bon Air,TN,35.9359,-85.3644
Millhousen,IN,39.2114,-85.435
Ebro,FL,30.4369,-85.8791
La Sal,UT,38.3026,-109.2646
La Rosita,TX,26.4017,-98.9322
Maplewood Park,OH,41.1392,-80.5798
Brimfield,IN,41.4542,-85.398
Spokane,MO,36.8669,-93.287
Philadelphia,MO,39.8387,-91.7391
Toronto,KS,37.7986,-95.9497
Hinsdale,MT,48.4036,-107.0582
Lincoln,MI,44.6842,-83.4133
Rockland,MI,46.7394,-89.1795
Yankee Hill,NE,40.7653,-96.7322
Norwood,LA,30.9682,-91.1125
Carolina,AL,31.2337,-86.5227
Centerview,MO,38.7462,-93.8442
Turley,NM,36.7366,-107.79
Schuyler,VA,37.7939,-78.7002
Villanueva,NM,35.2659,-105.3602
Newtown,IN,40.2045,-87.1483
Pembine,WI,45.6369,-87.9916
East Rochester,OH,40.7495,-81.0401
Downing,WI,45.0498,-92.1243
Alberta,VA,36.8552,-77.8937
Stratton,OH,40.5255,-80.6314
New Gretna,NJ,39.5909,-74.455
Worley,ID,47.4007,-116.9193
Hill View Heights,WY,43.8159,-104.1517
Coffman Cove,AK,56.0057,-132.8395
Wahkon,MN,46.1206,-93.5223
Wellton Hills,AZ,32.6231,-114.1453
Pocahontas,TN,35.0547,-88.8019
Lakota,IA,43.3786,-94.0963
Laclede,MO,39.7879,-93.1697
Grand Lake Towne,OK,36.5048,-95.0252
Annona,TX,33.5818,-94.9131
Hosmer,SD,45.5788,-99.4736
Buckland,OH,40.6235,-84.2599
Greenway,AR,36.3405,-90.2221
Renner Corner,SD,43.6524,-96.7044
Oakville,IN,40.0792,-85.3905
Sycamore,OK,36.399,-94.7149
Hamilton,WA,48.5283,-121.9839
Riverview,AL,31.0587,-87.0709
Stotts City,MO,37.1018,-93.9483
Big Creek,WV,38.0054,-82.0361
Maywood,NE,40.6587,-100.6223
Prescott,IA,41.0235,-94.613
Marquette,WI,43.7464,-89.1384
St. John,ND,48.9437,-99.7132
Beaver Creek,MN,43.6123,-96.3624
Garden Farms,CA,35.4158,-120.6141
Holland,MN,44.0897,-96.1944
Velarde,NM,36.1608,-105.9659
Mill Creek,OK,34.4022,-96.8249
Ronald,WA,47.2338,-121.0336
Madrid,NM,35.4033,-106.1537
New Eucha,OK,36.3912,-94.8522
Pillow,PA,40.6406,-76.803
Faceville,GA,30.7537,-84.6372
Freistatt,MO,37.0213,-93.8976
Odell,NE,40.0503,-96.8016
Elmira,CA,38.3523,-121.9077
Rives,TN,36.356,-89.0495
Lillie,LA,32.9221,-92.6614
Monroe,NE,41.4741,-97.5989
Twin Rocks,PA,40.4967,-78.8659
Oconee,GA,32.8535,-82.9576
Gordon,OH,39.9303,-84.5091
Robertsville,OH,40.7621,-81.1936
Arroyo Gardens,TX,26.2052,-97.5021
Twilight,PA,40.1158,-79.8936
Newton Hamilton,PA,40.3925,-77.8354
Raisin City,CA,36.6033,-119.9092
No Name,CO,39.5597,-107.293
Lower Santan Village,AZ,33.1427,-111.7853
Napoleon,IN,39.2043,-85.3279
Saulsbury,TN,35.0488,-89.0884
Dune Acres,IN,41.6448,-87.096
Nile,WA,46.8349,-120.9438
Butler,IL,39.1975,-89.5322
Boone,CO,38.2495,-104.2583
Maple Falls,WA,48.9179,-122.0943
Fair Oaks,OR,43.4109,-123.2194
Wellsville,PA,40.0513,-76.9408
Omer,MI,44.0487,-83.8565
Kiron,IA,42.1941,-95.3271
Joyce,LA,31.9347,-92.585
Loganville,WI,43.4389,-90.0371
Coldiron,KY,36.8286,-83.4524
Jim Falls,WI,45.0472,-91.2712
Grand View-on-Hudson,NY,41.0627,-73.9208
Ballou,OK,36.1421,-95.1998
Kane,IL,39.1905,-90.3512
Meadow,UT,38.8863,-112.4073
Markleysburg,PA,39.7364,-79.4516
Glenwood,WA,46.0228,-121.2925
Fredonia,AL,32.9861,-85.2912
Mount Gretna Heights,PA,40.2487,-76.4664
Villard,MN,45.7137,-95.2689
Weogufka,AL,33.0219,-86.3096
Arona,PA,40.2683,-79.6578
Willard,NM,34.5948,-106.0325
Donnelly,MN,45.6895,-96.0143
Alfred,TX,27.8742,-97.9799
Henry,SD,44.8809,-97.4616
Nobleton,FL,28.6451,-82.262
Bakersfield,MO,36.5238,-92.1442
Jeddito,AZ,35.7697,-110.1305
Medanales,NM,36.1765,-106.1777
Dunbar,NE,40.6686,-96.0309
West Danby,NY,42.3248,-76.5281
Sherando,VA,37.9889,-78.9442
Snowville,UT,41.9728,-112.7164
Schaefer Lake,IN,39.2828,-85.7517
Asbury,NJ,40.7003,-75.0121
Kelford,NC,36.1813,-77.2243
Pineville,AR,36.1612,-92.1065
Chula Vista,TX,28.6563,-99.8077
Bristol,SD,45.3466,-97.7485
Braxton,MS,32.0264,-89.9715
Henning,IL,40.3069,-87.701
Laotto,IN,41.2903,-85.198
McClure,IL,37.3146,-89.4335
Wallaceton,PA,40.9617,-78.2905
Elrod,NC,34.6072,-79.2307
Ewing,KY,38.4278,-83.8619
Drake,ND,47.9226,-100.3745
Hebron,TX,33.0337,-96.8759
White Oak,OK,36.6098,-95.2762
Bear Lake,MI,44.7182,-84.9486
Kinderhook,IL,39.7037,-91.1526
Scranton,AR,35.3606,-93.5394
Suissevale,NH,43.7234,-71.3623
Flint Hill,VA,38.7666,-78.1028
Lake George,MN,47.1895,-94.9822
Dougherty,OK,34.4005,-97.0514
Leonard,ND,46.6523,-97.2499
Kingsbury,IN,41.5302,-86.6972
West Point,IL,40.2556,-91.1836
Wildwood,GA,34.9706,-85.4078
Canal Point,FL,26.8626,-80.6222
Butteville,OR,45.2562,-122.8357
Ruby,SC,34.7462,-80.1799
Savage,MT,47.4536,-104.3414
Avant,OK,36.4888,-96.045
Chesterfield,IL,39.2566,-90.0668
Pattonsburg,MO,40.0715,-94.106
Oliver,GA,32.5215,-81.533
Pleasant Dale,NE,40.791,-96.9329
Holcombe,WI,45.2261,-91.1217
Cedar Grove,IN,39.356,-84.9372
Golf,FL,26.5043,-80.1091
Phoenicia,NY,42.079,-74.3089
Watha,NC,34.651,-77.9576
Grand Isle,ME,47.3065,-68.1552
Grainfield,KS,39.1143,-100.4684
Valle Crucis,NC,36.2076,-81.7861
Waterford,VA,39.1859,-77.6109
Windsor,SC,33.4809,-81.5137
Radisson,WI,45.7678,-91.218
Redford,NY,44.6063,-73.8114
Risco,MO,36.5513,-89.8186
Double Spring,NV,38.7788,-119.6154
Harrison,ID,47.4675,-116.8034
Chewton,PA,40.8946,-80.3208
Vibbard,MO,39.3854,-94.1455
South Milford,IN,41.5326,-85.2722
Pine Lakes Addition,SD,43.551,-96.6355
Christoval,TX,31.1976,-100.4933
Medon,TN,35.4556,-88.8636
Trowbridge,CA,38.9264,-121.5149
Edwardsville,AL,33.8409,-85.4523
Hanlontown,IA,43.2809,-93.3789
Fancy Gap,VA,36.6771,-80.6997
Sylvania,PA,41.8029,-76.8607
Afton,VA,38.0266,-78.8357
Axis,AL,30.9309,-88.018
Anchor,IL,40.5681,-88.5385
Pomona,MO,36.8671,-91.9134
Modest Town,VA,37.8169,-75.5611
Westport,KY,38.4875,-85.4753
Glezen,IN,38.4164,-87.3011
Maalaea,HI,20.8047,-156.4898
Canadian,OK,35.174,-95.6494
Hills and Dales,OH,40.8292,-81.4439
Rocky,OK,35.1562,-99.0597
Batavia,WI,43.5934,-88.048
Franklin,AR,36.1727,-91.7697
Kirkpatrick,OR,45.6796,-118.6499
Richview,IL,38.3758,-89.1803
Alma,CO,39.286,-106.0672
Currie,MN,44.0704,-95.6668
Medina,ND,46.8938,-99.2999
Anthoston,KY,37.7553,-87.5327
Dutchtown,MO,37.2598,-89.6466
Lewisburg,LA,30.3659,-90.1052
Graball,TN,36.4838,-86.4396
Waterloo,OR,44.4947,-122.8242
Cree Lake,IN,41.5073,-85.2748
Bluewater,NM,35.3243,-108.206
Golden Valley,ND,47.2901,-102.0652
Swanville,MN,45.9162,-94.6388
Glendo,WY,42.5049,-105.025
Union Center,WI,43.6826,-90.2634
McMullin,VA,36.8179,-81.5775
Cazenovia,WI,43.5237,-90.1991
Jerico Springs,MO,37.6194,-94.0114
Aspen Springs,CA,37.55,-118.7086
Kensett,IA,43.3534,-93.2108
Vergas,MN,46.6547,-95.8029
Blevins,AR,33.8716,-93.5778
Lebanon,OK,33.9737,-96.9177
La Ward,TX,28.8465,-96.4649
Toxey,AL,31.9109,-88.3092
Wilmont,MN,43.765,-95.8269
Leesville,OH,40.4519,-81.2095
Somerset,IN,40.6694,-85.8315
Harcourt,IA,42.2606,-94.1745
Goodell,IA,42.9238,-93.6141
Clearwater,NE,42.1707,-98.1897
Uehling,NE,41.7348,-96.5058
Hardtner,KS,37.0144,-98.6492
Tangier,VA,37.8235,-75.9934
Totah Vista,NM,36.7113,-108.2035
Milton Center,OH,41.3008,-83.8295
Lyon Mountain,NY,44.7253,-73.8831
Gladstone,ND,46.8595,-102.5701
La Yuca,PR,18.0727,-66.6077
Marengo,OH,40.4008,-82.811
Omena,MI,45.0599,-85.5956
Oktaha,OK,35.5775,-95.4779
Hazleton,IN,38.4893,-87.5406
Darbyville,OH,39.6957,-83.1139
Ridgeway,SC,34.3066,-80.9601
Aquilla,OH,41.5465,-81.173
Sunshine,CO,40.0636,-105.3695
Westpoint,TN,35.1349,-87.5377
Mitchellville,AR,33.9051,-91.4984
Tedrow,OH,41.6029,-84.2043
Belfry,MT,45.1375,-108.9985
Navajo Dam,NM,36.8339,-107.646
Fort Apache,AZ,33.7907,-109.9873
Moro,AR,34.792,-90.988
Cornwall Bridge,CT,41.8054,-73.3852
Yogaville,VA,37.6688,-78.6917
Jeff,KY,37.2094,-83.1394
Roots,PA,40.6136,-78.3652
Monroe,SD,43.4865,-97.2166
Goldsmith,IN,40.2895,-86.1492
Bear Valley,CA,37.5697,-120.1199
Mount Hope,WI,42.9697,-90.8596
Barryville,NY,41.4802,-74.9174
Hanalei,HI,22.2041,-159.4977
Dendron,VA,37.0364,-76.9241
Middleberg,OK,35.1067,-97.7341
Union,NE,40.8144,-95.9215
Hinkletown,PA,40.1467,-76.1202
North Bay,WI,42.7644,-87.7812
Fingerville,SC,35.1351,-82.0002
Reynoldsville,WV,39.2916,-80.4412
Sobieski,WI,44.7227,-88.0659
Heath,AL,31.3579,-86.4673
Raleigh,IL,37.8262,-88.5304
Salisbury Center,NY,43.1423,-74.7828
Campbellton,FL,30.9505,-85.4025
Green Bluff,WA,47.8184,-117.2748
Somerville,IN,38.2786,-87.377
Camp Dennison,OH,39.1933,-84.2899
Linn Grove,IN,40.645,-85.033
Labish Village,OR,45.0191,-122.9736
Evergreen,LA,30.9527,-92.1052
Lydia,SC,34.2866,-80.1185
Coffeeville,AL,31.7666,-88.0861
Bushton,KS,38.5124,-98.3959
Uniopolis,OH,40.6024,-84.0858
Alcalde,NM,36.0854,-106.0575
Lima,MT,44.6384,-112.5917
Taylor Ridge,IL,41.3892,-90.6705
Deferiet,NY,44.0344,-75.6793
Kipton,OH,41.2665,-82.304
Doland,SD,44.8944,-98.0997
Hartleton,PA,40.9002,-77.1564
Magnolia,DE,39.0714,-75.476
Westcreek,CO,39.1499,-105.1626
Shamrock Lakes,IN,40.4117,-85.4262
Hiddenite,NC,35.9053,-81.086
Black Sands,HI,19.4136,-154.9588
Burlington,WY,44.4471,-108.432
Bowersville,OH,39.5808,-83.7234
Mount Hermon,NJ,40.9227,-74.9961
Riggins,ID,45.4203,-116.3179
Hortense,GA,31.3327,-81.9517
Woodlawn,AR,33.9668,-92.0452
Proctor,OK,35.9823,-94.7481
Butterfield,TX,31.8426,-106.0822
Drasco,AR,35.6338,-91.9418
Cornish,UT,41.9717,-111.9565
Floydale,SC,34.321,-79.3371
New Effington,SD,45.8558,-96.9174
Butler,OK,35.6365,-99.1861
Pemberton,MN,44.0085,-93.7837
Clearview Acres,WY,41.5842,-109.2801
Lake Ka-Ho,IL,39.0998,-89.7463
Cotton City,NM,32.1104,-108.8801
Bowers,PA,40.4849,-75.7423
Marble,CO,39.0716,-107.1909
Middletown,IL,40.0994,-89.5903
Sterling,OH,40.9663,-81.844
Newtown,PA,40.6529,-76.3461
Benjamin,TX,33.5836,-99.7929
Genesee,PA,41.9914,-77.8656
Candlewood Lake Club,CT,41.4939,-73.4373
Arlington,KY,36.7904,-89.0132
Malden,IN,41.3762,-87.027
Pounding Mill,VA,37.079,-81.7106
Murdock,NE,40.9261,-96.2809
Centerville,MO,37.4367,-90.9601
Santee,NE,42.8386,-97.8495
Eland,WI,44.867,-89.209
Egan,SD,44.0004,-96.6485
Lyman,UT,38.3966,-111.5893
Morris Chapel,TN,35.3139,-88.3558
Justice,WV,37.5993,-81.8381
French Camp,MS,33.2931,-89.3993
Worthington Springs,FL,29.933,-82.4149
Almyra,AR,34.4057,-91.4108
Caledonia,MO,37.7649,-90.7722
Anton Chico,NM,35.1948,-105.1439
Eschbach,WA,46.667,-120.6337
Lower Elochoman,WA,46.2184,-123.3697
Cumbola,PA,40.7139,-76.1433
Steamboat Rock,IA,42.4081,-93.0662
Centerton,IN,39.515,-86.395
Lake Ann,MI,44.7251,-85.8451
Kennedy,NY,42.159,-79.0982
Oriska,ND,46.9313,-97.7908
Cairo,MO,39.5112,-92.4411
Uniondale,IN,40.8299,-85.2415
Danbury,NC,36.4111,-80.212
Stuckey,SC,33.7321,-79.5132
Bolckow,MO,40.1151,-94.8212
Lutsen,MN,47.6715,-90.6885
Damascus,OH,40.9042,-80.9523
Midway,TX,31.0252,-95.7539
Lansford,ND,48.627,-101.376
Lower Kalskag,AK,61.5163,-160.3556
Forest Hill Village,MT,48.1208,-114.2618
Bellechester,MN,44.371,-92.5113
Southview,PA,40.332,-80.2561
Garner,AR,35.1421,-91.7805
Mentor,KY,38.89,-84.2481
Belleview,KY,38.9793,-84.8249
Burr Oak,IA,43.458,-91.8619
Manchester,CA,38.9744,-123.6909
Collinston,LA,32.6893,-91.8718
Garten,WV,38.0335,-81.075
Fordyce,NE,42.6983,-97.3628
Tiro,OH,40.9062,-82.769
Quasset Lake,CT,41.9226,-71.984
Wyatt,MO,36.9371,-89.1911
Grafton,IA,43.3307,-93.0687
Delta,AL,33.447,-85.6746
Aniwa,WI,45.0117,-89.2089
Nauvoo,AL,33.9874,-87.4875
Palmer,IL,39.4587,-89.4079
Wynnedale,IN,39.8325,-86.2002
Ogema,MN,47.1016,-95.9225
Sierraville,CA,39.575,-120.3637
Paris,MS,34.1749,-89.4519
Allentown,GA,32.5855,-83.2273
Saxis,VA,37.926,-75.7224
Maharishi Vedic City,IA,41.0545,-92.0146
Wenona,GA,31.9061,-83.7552
Blackwell,TX,32.0851,-100.3194
Alderson,OK,34.9006,-95.6896
Parkersburg,IL,38.5891,-88.0568
Washingtonville,PA,41.0523,-76.675
Womelsdorf,WV,38.898,-79.9637
Walesboro,IN,39.1453,-85.9144
Moore Station,TX,32.1905,-95.5704
Dwight,NE,41.0827,-97.0191
Mercersville,MD,39.4968,-77.7672
Springville,PA,41.6974,-75.9226
Middletown,MO,39.1286,-91.4139
Oakvale,WV,37.3323,-80.9704
Upper Kalskag,AK,61.5416,-160.3337
Dent,MN,46.553,-95.7189
Artois,CA,39.6331,-122.1898
Western,NE,40.3931,-97.1984
Fredonia,IA,41.2844,-91.3392
Gotebo,OK,35.0712,-98.8743
Kanorado,KS,39.3366,-102.0373
Neck City,MO,37.2549,-94.4449
Wind Ridge,PA,39.9111,-80.4322
Blue Springs,NE,40.1375,-96.6631
Rayville,MO,39.3463,-94.0651
South Shore,SD,45.1016,-96.93
Sikes,LA,32.079,-92.4863
Chesterville,OH,40.4777,-82.6818
Kalihiwai,HI,22.2165,-159.4405
Hancock,IA,41.3924,-95.3636
Kenny Lake,AK,61.6644,-144.8662
Los Alvarez,TX,26.3859,-98.899
Crystal Beach,AZ,34.5714,-114.3925
Huron,IN,38.7223,-86.6706
Owensburg,IN,38.9305,-86.7292
Grenada,CA,41.6406,-122.526
Newcastle,UT,37.6628,-113.5644
Sproul,PA,40.2723,-78.4583
Linville,VA,38.52,-78.8358
De Tour Village,MI,45.9891,-83.9146
Cooper Landing,AK,60.4945,-149.841
Rowena,TX,31.6442,-100.0481
Lima,IL,40.1767,-91.3783
La Minita,TX,26.5024,-99.0735
Edgefield,LA,32.0501,-93.336
Sickles Corner,PA,40.5533,-78.2795
Turkey,TX,34.3939,-100.8953
Paxico,KS,39.0689,-96.1671
Schlater,MS,33.6397,-90.3494
Little Creek,DE,39.1659,-75.4481
Burlington,MI,42.1047,-85.0776
Bonita,LA,32.9206,-91.6751
Belleville,NY,43.7893,-76.1153
Abercrombie,ND,46.4469,-96.7294
Starr,SC,34.3774,-82.6954
Goldfield,NV,37.7121,-117.2378
Bear Creek,CA,37.2966,-120.4177
Briarcliff,AR,36.272,-92.2821
Twin Lakes,MN,47.2261,-95.6555
Rehrersburg,PA,40.4575,-76.2463
West Point,IN,40.3477,-87.0375
Granada,MN,43.693,-94.3496
Morristown,OH,40.0638,-81.0696
Alexander,IA,42.8044,-93.4786
Mullinville,KS,37.5885,-99.4754
Walnut,KS,37.6018,-95.0743
Luxemburg,IA,42.604,-91.0726
Vernon,AZ,34.2508,-109.6926
Cal-Nev-Ari,NV,35.2996,-114.8777
Oakland,KY,37.0467,-86.2506
Fenton,LA,30.3643,-92.9169
Dos Palos Y,CA,37.0469,-120.6395
Lumber City,PA,40.6583,-77.6014
Rapid River,MI,45.9264,-86.9743
Maxwell,NE,41.0772,-100.5262
Opdyke West,TX,33.5927,-102.3006
Trinity Village,CA,40.8789,-123.5132
Seminary,MS,31.5581,-89.4987
Climax,GA,30.8757,-84.4312
Dunmor,KY,37.0753,-86.9951
Alpine,OR,44.3303,-123.3628
Wanette,OK,34.9626,-97.0317
Coatsburg,IL,40.0327,-91.1604
Detroit,AL,34.0274,-88.1678
Mulberry,SC,33.9565,-80.3315
Pulaski,IL,37.2163,-89.2078
Loma Linda,TX,28.007,-97.4994
Engelhard,NC,35.5092,-76.0095
Bath,NC,35.4702,-76.8119
Cave-In-Rock,IL,37.4708,-88.1659
Pueblo Pintado,NM,35.9614,-107.6224
Crystal Lake,IA,43.223,-93.7927
Parnell,IA,41.5837,-92.0046
Foster,OK,34.6046,-97.4907
Haviland,OH,41.0178,-84.5853
Holy Cross,AK,62.1868,-159.8198
Norwood,GA,33.4625,-82.7055
New Holland,IL,40.1835,-89.5825
Beulah,MI,44.6292,-86.0963
Ellsworth,IL,40.4496,-88.7162
Indian Beach,NC,34.6882,-76.8879
Reader,WV,39.5689,-80.7316
Heilwood,PA,40.6219,-78.9152
Kensal,ND,47.3,-98.7321
Fountain,MI,44.0484,-86.181
Schoenchen,KS,38.713,-99.3325
Haines,OR,44.9123,-117.9396
Long Point,IL,41.005,-88.8926
Hochatown,OK,34.1482,-94.7465
Waterbury Center,VT,44.378,-72.7208
Sanford,AL,31.3007,-86.3976
Navarro,TX,32.0008,-96.3825
Finlayson,MN,46.2053,-92.9273
Berwind,WV,37.266,-81.6632
Garland,NE,40.9446,-96.9855
Golconda,NV,40.9522,-117.4997
McNabb,IL,41.177,-89.2096
Villa Verde,TX,26.1303,-97.9956
Losantville,IN,40.0237,-85.1836
Hager City,WI,44.6012,-92.5337
Otoe,NE,40.7243,-96.1207
Montpelier,IA,41.4614,-90.8114
McNeal,AZ,31.6079,-109.6699
Garden City,MN,44.0485,-94.1712
Belvoir,NC,35.7111,-77.47
Williamson,IA,41.0882,-93.2569
Lake Lafayette,MO,38.9487,-93.9714
Mackville,KY,37.7355,-85.0701
Robertsdale,PA,40.1842,-78.1153
Landisburg,PA,40.343,-77.3057
New Minden,IL,38.438,-89.3705
Benedict,ND,47.8301,-101.0843
Lake Wilson,MN,43.9953,-95.9533
Starr School,MT,48.5976,-113.1433
Beattie,KS,39.8624,-96.4178
Everton,MO,37.3429,-93.7023
Montgomery Creek,CA,40.8415,-121.9215
Dragoon,AZ,32.0272,-110.0369
La Crosse,FL,29.8395,-82.3784
Lonsdale,AR,34.545,-92.8106
Bellmont,IL,38.383,-87.9106
Gary,SD,44.7941,-96.4574
Dale,OK,35.3842,-97.0434
Alford,IN,38.4914,-87.2428
Johnstown,WY,43.1118,-108.6955
Roberdel,NC,34.9774,-79.7459
Winkelman,AZ,32.9853,-110.7651
Ravenna,TX,33.6705,-96.2409
West Rushville,OH,39.7641,-82.4486
Wolverine,MI,45.2732,-84.6052
New Site,MS,34.5553,-88.4153
Cannonville,UT,37.5689,-112.0531
Optima,OK,36.7613,-101.3491
Beardsley,MN,45.5577,-96.7139
Iuka,KS,37.729,-98.7327
Goodlow,TX,32.1091,-96.2152
Weston,TX,33.33,-96.6676
Lowgap,NC,36.5231,-80.8671
Bardolph,IL,40.4959,-90.5631
Silver Peak,NV,37.7578,-117.6386
Iron City,TN,35.0227,-87.5855
Bagtown,MD,39.583,-77.6139
McAllister,MT,45.4364,-111.7252
Peetz,CO,40.9617,-103.1139
Rush Center,KS,38.465,-99.311
Bath,IL,40.1905,-90.1425
Gilman,MN,45.7353,-93.9486
Copper City,MI,47.2842,-88.3877
Parral,OH,40.5609,-81.495
Osage,MN,46.9284,-95.2586
Maryhill Estates,KY,38.2663,-85.6532
Swan Lake,MT,47.9361,-113.7997
Rufus,OR,45.6919,-120.7434
Bolivia,NC,34.0699,-78.1472
Goehner,NE,40.8327,-97.2196
Gilboa,OH,41.0187,-83.9215
Plumville,PA,40.7925,-79.1794
Newburg,WV,39.3889,-79.8536
Acosta,PA,40.1104,-79.0689
Dickens,TX,33.6213,-100.8368
Waukeenah,FL,30.402,-83.96
Bynum,TX,31.9691,-97.0031
Forest City,IL,40.3723,-89.8325
Nehalem,OR,45.7196,-123.8941
Singer,LA,30.6512,-93.4117
Santa Cruz,NM,35.9939,-106.0359
Vernon,IN,38.9854,-85.6101
Tyner,IN,41.4098,-86.4025
Fort Laramie,WY,42.2131,-104.5175
Sherrill,AR,34.385,-91.9518
Boones Mill,VA,37.1156,-79.9514
Oakwood Park,MO,39.2047,-94.5738
Emerson,AR,33.0973,-93.196
Watch Hill,RI,41.3157,-71.8486
Stockport,IA,40.8573,-91.8334
Germantown,KY,38.6559,-83.9643
Bluff City,AR,33.7224,-93.1316
Ollie,IA,41.1992,-92.0924
Megargel,TX,33.4535,-98.9298
Avera,GA,33.1934,-82.5287
Elm Hall,MI,43.3624,-84.8335
Kempton,IN,40.2881,-86.2294
Geneseo,KS,38.517,-98.1545
Montague,TX,33.6653,-97.7209
Koliganek,AK,59.6971,-157.2259
Seaton,IL,41.1023,-90.7991
Dillon Beach,CA,38.2436,-122.9562
Jacob City,FL,30.8925,-85.4108
Jamestown,PA,40.4037,-78.6588
Nebo,KY,37.3832,-87.6416
Portage,UT,41.9756,-112.2405
Panama,NE,40.5998,-96.5111
Rutledge,AL,31.7241,-86.302
Midway,OH,39.7332,-83.4766
Crossgate,KY,38.2793,-85.6296
Cashtown,PA,39.8837,-77.3532
Castalia,NC,36.0823,-78.0576
Lake Leelanau,MI,44.9806,-85.7157
Buckhead,GA,33.5686,-83.3623
Acequia,ID,42.6688,-113.5968
Surrency,GA,31.7215,-82.1988
Wheeler,WA,47.1349,-119.176
Springview,NE,42.8249,-99.7475
Manitou,OK,34.5072,-98.9812
East Fultonham,OH,39.8477,-82.1225
Parkdale,MO,38.4801,-90.5283
New Edinburg,AR,33.7562,-92.2404
Lindcove,CA,36.358,-119.0646
Penelope,TX,31.8585,-96.9281
Apple Grove,WV,38.6663,-82.1706
Greenview,WV,37.9964,-81.8202
Ellinger,TX,29.8394,-96.7053
Agra,KS,39.7612,-99.1195
Three Lakes,MI,46.541,-88.1933
Alpha,MI,46.0441,-88.3776
Bertram,IA,41.9518,-91.5378
North Lake,WI,43.1559,-88.37
McBride,MI,43.3521,-85.0441
Altmar,NY,43.511,-76.0037
Lansing,NC,36.4994,-81.5106
Woodman,WI,43.0925,-90.7978
Jordan Hill,LA,31.8591,-92.5156
Amador City,CA,38.4191,-120.8233
Compton,IL,41.6942,-89.0858
Maurice,IA,42.9664,-96.1824
Latah,WA,47.2822,-117.1557
Broomtown,AL,34.3657,-85.5322
Augusta,MT,47.4893,-112.3923
Garfield,GA,32.6496,-82.0962
Florida,OH,41.3238,-84.2002
Christine,ND,46.5752,-96.8066
Kite,GA,32.6921,-82.5136
Sadler,TX,33.682,-96.8487
Ontario,IN,41.7023,-85.3825
Wabeno,WI,45.4394,-88.658
Wallins Creek,KY,36.8297,-83.4173
Dalton,WI,43.6562,-89.2069
Yancey,TX,29.1442,-99.1438
Widener,AR,35.0233,-90.6818
Haralson,GA,33.2285,-84.569
Topaz,CA,38.6356,-119.5047
Heidelberg,MN,44.4931,-93.6265
Boulder Junction,WI,46.1136,-89.6487
Luray,SC,32.8142,-81.2403
Loomis,MI,43.7882,-84.6659
Adrian,OR,43.7408,-117.0709
Wilsall,MT,45.9844,-110.6604
Kempton,IL,40.9354,-88.2363
Pitkas Point,AK,62.0374,-163.2681
Greenwald,MN,45.6014,-94.8594
Lodgepole,NE,41.1491,-102.639
Laurel,IA,41.884,-92.9223
Welda,KS,38.1747,-95.2915
French Gulch,CA,40.7166,-122.6312
Jette,MT,47.7169,-114.1905
Brutus,MI,45.4942,-84.7818
Clayton,WA,48.0012,-117.561
Packwaukee,WI,43.7653,-89.4599
St. Francis,AR,36.4556,-90.1428
Portersville,PA,40.9243,-80.1469
St. Michael,AK,63.4664,-162.1324
Dodge,WI,44.1344,-91.5493
Jacksonboro,SC,32.7718,-80.4768
Talladega Springs,AL,33.1191,-86.4421
Rocky Ford,OK,36.1558,-94.911
Granger,WY,41.5979,-109.9652
Tustin,MI,44.1009,-85.4589
Dateland,AZ,32.8209,-113.5418
Wildwood,KY,38.249,-85.5747
Breaks,VA,37.3004,-82.2758
Harrells,NC,34.7278,-78.2015
Lehigh,OK,34.4707,-96.2208
Rockdale,WI,42.9717,-89.0318
Sinai,SD,44.2445,-97.044
Dadeville,MO,37.4793,-93.6739
Lerna,IL,39.4177,-88.2885
New Haven,OH,39.2772,-84.744
Ranchette Estates,TX,26.4844,-97.822
Hillsboro,NM,32.9219,-107.5773
Summertown,GA,32.7458,-82.2763
Finland,MN,47.4288,-91.2656
Marietta,TX,33.1735,-94.5425
Lake Wallenpaupack Estates,PA,41.3675,-75.3371
Nyona Lake,IN,40.9637,-86.1857
Williams,MN,48.768,-94.9533
Caledonia,IL,42.3686,-88.8939
Doddsville,MS,33.6598,-90.5214
Huetter,ID,47.7037,-116.8508
Calhoun,IL,38.6512,-88.044
Hayward,MN,43.6499,-93.246
Grace,MS,32.9915,-90.9569
Kimball,WV,37.4268,-81.5078
Salvo,NC,35.5488,-75.4689
Vandervoort,AR,34.38,-94.3643
South Lima,NY,42.8575,-77.676
Custar,OH,41.2846,-83.8438
Axson,GA,31.2766,-82.7236
Calumet,MN,47.3196,-93.2666
Fort Peck,MT,48.007,-106.4552
Pocahontas,VA,37.307,-81.3436
Cabery,IL,40.9958,-88.2037
Youngstown,PA,40.2798,-79.3659
Burton,TX,30.1813,-96.5999
Tracy,MO,39.3797,-94.7921
East Kingston,NY,41.9524,-73.9704
East Carondelet,IL,38.5385,-90.24
Bald Eagle,PA,40.7262,-78.1902
Gene Autry,OK,34.3151,-97.0383
Winn,MI,43.5187,-84.9011
Gonvick,MN,47.7391,-95.5125
Lula,MS,34.4545,-90.4779
Bethlehem,MS,34.5774,-89.3289
Cedar Point,IL,41.2651,-89.126
Wixon Valley,TX,30.7639,-96.3193
Sibley,IL,40.5874,-88.3788
Twin Bridges,MT,45.5429,-112.3341
Utica,MN,43.9772,-91.9494
Midwest,WY,43.4109,-106.2775
Scipio,IN,39.0771,-85.716
Bagley,IA,41.8464,-94.4303
Joice,IA,43.3642,-93.4573
Farmington,DE,38.8699,-75.579
Ridgefield,IL,42.2707,-88.362
Chance,MD,38.1772,-75.9366
Chickamaw Beach,MN,46.7452,-94.3844
Loachapoka,AL,32.6049,-85.5948
Lamington,NJ,40.6633,-74.7079
Trenton,NC,35.064,-77.3553
Jackson Lake,CO,40.3758,-104.0712
Houston,AR,35.0349,-92.6945
Bay Center,WA,46.6213,-123.9533
Washtucna,WA,46.7539,-118.3106
Stickleyville,VA,36.7091,-82.9116
Yorkana,PA,39.976,-76.5846
Ethel,MS,33.122,-89.465
Hartline,WA,47.6894,-119.1081
Lawrence,NE,40.2902,-98.2596
Payne Gap,KY,37.151,-82.6669
Anawalt,WV,37.3364,-81.4407
Shumway,IL,39.1834,-88.6532
Byars,OK,34.8724,-97.0542
Sheyenne,ND,47.8272,-99.1168
Burdette,AR,35.8152,-89.9467
Allerton,IL,39.9161,-87.9353
Groveland,IN,39.7606,-86.72
Crescent Springs,OK,35.8968,-97.6028
College Springs,IA,40.6214,-95.121
Tuleta,TX,28.5767,-97.798
Mexican Colony,CA,35.4689,-119.2687
Rio,LA,30.6914,-89.8896
Crenshaw,PA,41.2488,-78.7541
Redding Center,CT,41.3067,-73.3831
Smarr,GA,32.987,-83.883
Dacusville,SC,34.9343,-82.5606
Brothertown,WI,43.9713,-88.3127
Barnard,MO,40.1754,-94.8232
Ursina,PA,39.8153,-79.3325
Little Meadows,PA,41.9891,-76.1277
North Cleveland,TX,30.3576,-95.1004
Pulaski,GA,32.3904,-81.9565
Fordville,ND,48.2166,-97.7954
Farrell,MS,34.2617,-90.675
Randolph,TN,35.5195,-89.8825
Waco,NC,35.3622,-81.4287
Bryce Canyon City,UT,37.6814,-112.1588
Frannie,WY,44.971,-108.6205
Arkdale,WI,44.0253,-89.8861
Thousand Island Park,NY,44.2865,-76.0254
Robeson Extension,PA,40.4673,-78.1997
Roosevelt,OK,34.8483,-99.0223
Manville,WY,42.7796,-104.6176
Wyatt,IN,41.5259,-86.1694
Wolf Summit,WV,39.2822,-80.462
Glen Aubrey,NY,42.2623,-76.0003
Ensenada,NM,36.731,-106.5368
Goodsprings,NV,35.8319,-115.4352
Banks Lake South,WA,47.6315,-119.276
Flat Rock,IN,39.3642,-85.8317
Zephyr,TX,31.6791,-98.7911
Rocheport,MO,38.9784,-92.5635
York,MT,46.7181,-111.7528
Dillsboro,NC,35.3706,-83.2527
Heflin,LA,32.4565,-93.2683
Davenport,ND,46.7148,-97.0657
Chunky,MS,32.3275,-88.9302
Chester,SD,43.8996,-96.9277
Clayton,MI,41.8649,-84.2347
New Leipzig,ND,46.3758,-101.9517
Conesville,OH,40.1851,-81.8921
Thedford,NE,41.979,-100.5746
Naylor,GA,30.9088,-83.0774
Edinburg,ND,48.4955,-97.8629
Chuichu,AZ,32.7403,-111.7821
Goldsmith,TX,31.9832,-102.6163
Chatfield,OH,40.9512,-82.9419
Lakeline,OH,41.6596,-81.4543
Richey,MT,47.6439,-105.0696
Gratiot,WI,42.5799,-90.0238
Hobgood,NC,36.0267,-77.394
Spring Lake,IN,39.7767,-85.8536
Bandana,KY,37.1447,-88.9418
Neibert,WV,37.7861,-81.9341
Hissop,AL,32.8815,-86.1285
Greasy,OK,35.6698,-94.7003
Rockland,ID,42.5731,-112.8744
Uriah,AL,31.3074,-87.4992
Prairie Home,MO,38.8136,-92.5906
Napoleon,MO,39.1293,-94.0857
Dennison,MN,44.4088,-93.0303
Curryville,MO,39.3457,-91.3413
Dundee,IA,42.5793,-91.5464
Halibut Cove,AK,59.5744,-151.2296
Albion,CA,39.2256,-123.7564
Blunt,SD,44.5159,-99.9885
Leland,IA,43.3319,-93.6351
Glenfield,PA,40.5207,-80.1333
Ten Sleep,WY,44.035,-107.4482
Palco,KS,39.2532,-99.5634
Neches,TX,31.8688,-95.4917
Force,PA,41.2581,-78.5035
Prompton,PA,41.5891,-75.3275
Cleveland,IL,41.5032,-90.3171
Anderson,TX,30.4871,-95.9899
River Bottom,OK,35.6357,-95.2378
Twin Oaks,OK,36.1974,-94.8378
Moonshine,LA,29.9701,-90.8132
South Acomita Village,NM,35.0533,-107.5722
New Deal,TN,36.5139,-86.5629
Superior,WY,41.7595,-108.9643
Glidden,WI,46.1346,-90.5721
Arroyo Hondo,NM,35.6103,-105.945
Cloud Lake,FL,26.6743,-80.0731
Broughton,IL,37.9345,-88.4624
Bulpitt,IL,39.5919,-89.4258
Chunchula,AL,30.9237,-88.2072
Ashton,NE,41.2477,-98.795
Shoal Creek Estates,MO,37.0173,-94.4933
Nettle Lake,OH,41.6786,-84.727
Emmett,MI,42.9934,-82.7653
South Komelik,AZ,31.7144,-111.7744
Parnell,MO,40.4384,-94.6223
Milroy,MN,44.4178,-95.5536
Amargosa,TX,27.8916,-98.1086
Lawrence,IL,42.4434,-88.6417
Edgar Springs,MO,37.7025,-91.8662
Buffalo,ND,46.9193,-97.5507
Sierra City,CA,39.574,-120.6297
Sherwood,ND,48.9619,-101.6328
Cuba,KS,39.8023,-97.4576
Cushing,IA,42.4651,-95.6757
Flensburg,MN,45.948,-94.5301
Charlos Heights,MT,46.1337,-114.1811
Morrill,KS,39.9291,-95.6944
Boligee,AL,32.7699,-88.0264
Le Roy,MI,44.0381,-85.4538
Wayton,AR,35.9103,-93.2544
Dannebrog,NE,41.1185,-98.5456
Powellville,MD,38.3299,-75.3749
San Carlos I,TX,27.4906,-99.3726
Midland,VA,38.5984,-77.7213
Cibola,AZ,33.3733,-114.6792
Rhame,ND,46.2347,-103.655
Plainville,IL,39.7848,-91.1815
Crouch,ID,44.1161,-115.974
Funk,NE,40.4631,-99.2507
Allen,MI,41.9581,-84.768
Seboyeta,NM,35.2001,-107.3861
Patch Grove,WI,42.9403,-90.9723
Braggs,OK,35.6634,-95.1984
Glen Hope,PA,40.8009,-78.4985
South English,IA,41.4522,-92.0903
Coxton,KY,36.8581,-83.2681
Wynot,NE,42.7399,-97.1697
Cedar Crest,OK,36.1232,-95.1732
Daggett,MI,45.462,-87.6047
Northrop,MN,43.736,-94.4366
Ivesdale,IL,39.9458,-88.4558
Soper,OK,34.0321,-95.6965
Riverview Colony,MT,48.1823,-111.0327
Magnolia,IL,41.1141,-89.1958
Overland,NE,41.0809,-97.9783
Union Dale,PA,41.7154,-75.4818
Sparta,KY,38.6969,-84.9074
Dudley,PA,40.2053,-78.1783
Scott,OH,40.989,-84.5837
Rogersville,PA,39.8807,-80.2695
Pindall,AR,36.0637,-92.8622
Summit,OR,44.6363,-123.5769
Trinway,OH,40.1377,-82.0119
Crescent Bar,WA,47.211,-119.9959
East Rocky Hill,NJ,40.4079,-74.6128
Star City,IN,40.9746,-86.5613
Bassfield,MS,31.4959,-89.7449
Oswego,SC,34.0056,-80.2862
Belgrade,NE,41.4709,-98.0678
Boardman,NC,34.4365,-78.9468
Collins,WI,44.0856,-87.9809
Marlboro,OH,40.9505,-81.2165
Bishop Hills,TX,35.2614,-101.9519
Elgin,PA,41.907,-79.7465
Searles,MN,44.2307,-94.4362
Mirando City,TX,27.4401,-99.0006
Shungnak,AK,66.8805,-157.1499
Tipton,KS,39.3395,-98.4709
Sunizona,AZ,31.8855,-109.6332
Westgate,IA,42.7683,-91.9957
Sorrento,FL,28.8087,-81.5632
Rio Chiquito,NM,35.9949,-105.9069
Deer Creek,IN,40.615,-86.3904
Kappa,IL,40.6755,-89.006
Cheraw,CO,38.1076,-103.511
Mitchell,OR,44.5703,-120.1537
Conception Junction,MO,40.2684,-94.6914
Yale,SD,44.4337,-97.9885
Swan Lake,NY,41.7573,-74.7829
Campbell's Island,IL,41.5407,-90.43
Koshkonong,MO,36.5976,-91.646
Nerstrand,MN,44.3429,-93.0638
Harpers Ferry,IA,43.2006,-91.1522
Straughn,IN,39.8082,-85.2909
Brant Lake South,SD,43.9139,-96.938
St. Mary,KY,37.5806,-85.3463
Ocoee,TN,35.1235,-84.7167
White Branch,MO,38.2299,-93.3532
Lake Tekakwitha,MO,38.4415,-90.7154
Kit Carson,CO,38.7628,-102.7954
Mossville,IL,40.8164,-89.5707
Cisco,IL,40.0117,-88.7254
Rio,IL,41.1093,-90.3988
Delmita,TX,26.6852,-98.4231
Center,NE,42.609,-97.8761
Woodville,GA,33.6713,-83.1068
La Presa,TX,27.3995,-99.4374
Paton,IA,42.1644,-94.255
Deer Park,WI,45.1887,-92.3879
Ore Hill,PA,40.2924,-78.4032
New Schaefferstown,PA,40.4536,-76.1692
Zapata Ranch,TX,26.357,-97.8243
East Shore,CA,40.2453,-121.0768
Highwood,MT,47.5992,-110.7698
Tarlton,OH,39.5543,-82.7781
Rowan,IA,42.7399,-93.5503
Twining,MI,44.1131,-83.8075
Glacier View,AK,61.8511,-147.7764
Honey Hill,OK,35.7694,-94.5716
Long Creek,NC,34.4382,-78.0161
Sawyerville,IL,39.0785,-89.802
New Canton,IL,39.6371,-91.0983
Monetta,SC,33.8501,-81.61
Smithland,KY,37.1387,-88.4038
Preston,NV,38.915,-115.0637
Hurdland,MO,40.149,-92.3035
Rosedale,NM,32.7694,-108.2417
Bayou Corne,LA,30.0158,-91.1528
Abney Crossroads,SC,34.5063,-80.5107
West Glacier,MT,48.4916,-113.9961
Williams,IN,38.8151,-86.6444
Orient,OH,39.8056,-83.1528
Saint Mary,MT,48.7428,-113.4275
Crabtree,PA,40.3637,-79.4695
Casanova,PA,40.9556,-78.1584
Blain City,PA,40.7565,-78.5331
Briceville,TN,36.1777,-84.1837
Alligator,MS,34.0899,-90.7206
June Lake,CA,37.7778,-119.0953
Wolcott,VT,44.5476,-72.4617
Randall,KS,39.6417,-98.0456
Abington,IN,39.7331,-84.963
Summit,UT,37.8013,-112.935
Tetlin,AK,63.1481,-142.4947
Verdon,NE,40.149,-95.7111
Onycha,AL,31.2246,-86.2785
Salem,SC,34.8879,-82.9752
South Haven,MN,45.2927,-94.2174
Aguila,AZ,33.9376,-113.1665
Pittsburg,IN,40.5928,-86.7017
Valley Home,CA,37.8272,-120.9143
Aristes,PA,40.8156,-76.3395
Country Club Heights,IN,40.1244,-85.6878
Elliston,MT,46.5587,-112.4639
Jet,OK,36.6665,-98.1815
Princeton,KS,38.4874,-95.2698
Bartow,GA,32.8816,-82.4712
Bridgeport,NJ,39.8009,-75.3468
Barrera,TX,26.3925,-98.8985
Everglades,FL,25.858,-81.3862
Nanwalek,AK,59.3303,-151.9111
Paradise Valley,NV,41.4937,-117.547
New Baltimore,NY,42.4489,-73.7941
Barnesville,MD,39.2212,-77.3799
Owendale,MI,43.7273,-83.2671
Dry Creek,OK,35.7275,-94.8704
Schneider,IN,41.1921,-87.4454
Defiance,IA,41.8253,-95.3403
Frederika,IA,42.8837,-92.306
Newport Center,VT,44.9527,-72.3065
Cainsville,MO,40.4398,-93.7747
Diamond Bluff,WI,44.6489,-92.6189
Nesbitt,TX,32.5886,-94.4469
Rippey,IA,41.9339,-94.2007
Modale,IA,41.6182,-96.0121
Northport,WA,48.9158,-117.7797
Gilliam,MO,39.2327,-93.0041
Seldovia Village,AK,59.453,-151.5905
Manuel Garcia,TX,26.3337,-98.7017
Iona,MN,43.9148,-95.7857
Flasher,ND,46.4521,-101.2324
Jamestown,KS,39.5996,-97.8613
Juliustown,NJ,40.0121,-74.6715
Bradley,SC,34.0391,-82.2435
Rockport,KY,37.3359,-86.991
Landingville,PA,40.6256,-76.1235
Millerton,OK,33.9857,-95.0196
Winifred,MT,47.5621,-109.3773
Indianola,IL,39.927,-87.7402
Meadow Grove,NE,42.029,-97.7361
Wakarusa,KS,38.8911,-95.6999
Mizpah,NJ,39.4814,-74.8385
Dames Quarter,MD,38.1697,-75.8895
Emerald Beach,MO,36.5755,-93.6711
Silver Plume,CO,39.6957,-105.7264
New Lebanon,IN,39.0409,-87.4711
Knottsville,KY,37.7726,-86.9064
Wadena,IA,42.8397,-91.6594
Coral,PA,40.502,-79.1746
Eden,SD,45.6168,-97.4196
Dilley,OR,45.4917,-123.1222
Harding-Birch Lakes,AK,64.3711,-146.5999
Mesic,NC,35.2034,-76.645
Tulare,SD,44.7382,-98.5089
Bemus Point,NY,42.1631,-79.3896
Vance,SC,33.4365,-80.4201
Conception,MO,40.2411,-94.6805
Sebastopol,MS,32.5679,-89.334
Zoar,OH,40.6134,-81.4232
Broadwell,IL,40.0668,-89.4429
Kingston,MN,45.1959,-94.311
Bentonville,OH,38.7455,-83.6103
Marcus,WA,48.6642,-118.0596
Dennis,OK,36.5433,-94.8693
Elmo,MO,40.5187,-95.117
Wamsutter,WY,41.668,-107.9792
West Leipsic,OH,41.1053,-84.0011
Center Ridge,AR,35.3796,-92.5694
Sand Pillow,WI,44.3313,-90.7637
Fleischmanns,NY,42.1552,-74.5335
Henderson,IA,41.1399,-95.4302
Coahoma,MS,34.3664,-90.522
Echo,MN,44.6177,-95.4139
Deering,AK,66.0722,-162.7435
Hankins,NY,41.8214,-75.0804
Iroquois,IL,40.8288,-87.5843
Canaan,IN,38.8661,-85.2996
Mayersville,MS,32.8963,-91.0467
Norton,WV,38.9316,-79.9692
Mountain Meadows,CO,40.027,-105.3832
Little York,IN,38.6993,-85.9045
Golovin,AK,64.564,-162.9989
Hamilton,KS,37.9805,-96.1638
Creswell,NC,35.8743,-76.4031
Manley,NE,40.9184,-96.1658
Clay Springs,AZ,34.3593,-110.3044
Bonney,TX,29.3013,-95.4508
Farmington,KY,36.6691,-88.5276
Fairview,KY,36.8426,-87.3055
Brookville,KS,38.7736,-97.8645
Tamaha,OK,35.4057,-95.0178
Pine Flat,CA,35.8746,-118.6428
Berrydale,FL,30.8982,-87.035
Horse Creek,SD,43.533,-100.7419
Rhododendron,OR,45.3149,-121.8887
Fly Creek,NY,42.7191,-74.9848
Dewy Rose,GA,34.1681,-82.9395
Mendon,MO,39.5907,-93.1337
North Henderson,IL,41.0904,-90.4748
Westboro,WI,45.3608,-90.2934
West Sunbury,PA,41.0061,-79.8965
Elizabeth,MS,33.4271,-90.8808
Weinert,TX,33.3234,-99.6736
Decker,IN,38.5184,-87.524
White Lake,WI,45.1617,-88.7704
Lincolnville,KS,38.4943,-96.9613
Farner,TN,35.1543,-84.3191
Vandemere,NC,35.1887,-76.665
Hathaway Pines,CA,38.1919,-120.3655
Flor del Rio,TX,26.4013,-98.9015
Fitzhugh,OK,34.6582,-96.7665
Harvey,IA,41.3179,-92.9227
Moore,MT,46.975,-109.6949
Whitmore,CA,40.6149,-121.9355
Hambleton,WV,39.0815,-79.6455
Bowles,CA,36.6089,-119.7526
Westdale,TX,27.9657,-97.9937
Hecla,SD,45.8822,-98.152
Saint Anthony,IN,38.3145,-86.8267
Monson,CA,36.4924,-119.336
Wellington,IL,40.5411,-87.6799
Fairview Beach,VA,38.3282,-77.2424
Huckabay,TX,32.3486,-98.2971
Campo Verde,TX,26.3916,-98.914
Cats Bridge,VA,37.5491,-75.7797
Hartstown,PA,41.5512,-80.3822
Gibson Flats,MT,47.464,-111.2404
Blackwater,MO,38.9793,-92.992
Summitville,OH,40.6759,-80.8876
Tenstrike,MN,47.6603,-94.6843
Rockville,MO,38.0712,-94.0804
Chula Vista,TX,26.0739,-97.4397
Eureka,NC,35.5414,-77.8763
Haywood City,MO,37.0117,-89.6003
Hanksville,UT,38.3724,-110.7138
Woodloch,TX,30.2173,-95.4132
Melvin,MI,43.1864,-82.8617
Barclay,MD,39.1451,-75.8655
Alvord,IA,43.3417,-96.3037
Newry,PA,40.3933,-78.4357
Old River,CA,35.2671,-119.1055
Jackson Springs,NC,35.2127,-79.6297
Kennedyville,MD,39.3032,-75.9949
Brandonville,PA,40.8601,-76.1689
El Moro,CO,37.2349,-104.4491
Russian Mission,AK,61.7825,-161.3567
Fowlerton,IN,40.4096,-85.5728
Burlington,OK,36.9001,-98.4235
Mass City,MI,46.7616,-89.0849
Maysville,IA,41.6497,-90.7184
Lolita,TX,28.8326,-96.5388
Yeoman,IN,40.6677,-86.7238
Northway,AK,62.9709,-141.6173
Bryceland,LA,32.4485,-92.9924
Lebeau,LA,30.7313,-91.9771
Conconully,WA,48.5586,-119.7521
Gwynneville,IN,39.6609,-85.648
Arkabutla,MS,34.7003,-90.1216
Jamaica,IA,41.8454,-94.307
Middle Village,WI,44.9347,-88.7334
Vickery,OH,41.3769,-82.9415
Baskerville,VA,36.6844,-78.2732
Norcatur,KS,39.8347,-100.1888
Wing,ND,47.1423,-100.2823
Nikolaevsk,AK,59.8295,-151.5964
Bremen,KS,39.8965,-96.7948
Stoy,IL,38.9968,-87.8336
Highland Park,FL,27.8615,-81.5619
Ambler,AK,67.0897,-157.8725
Gu Oidak,AZ,31.9206,-112.0235
Lucan,MN,44.41,-95.4134
Garretts Mill,MD,39.3534,-77.6892
Letona,AR,35.3635,-91.8295
Blue Ridge,IN,39.5192,-85.6355
Shubert,NE,40.2359,-95.6837
Exeland,WI,45.667,-91.2426
Cassel,CA,40.9213,-121.5514
Jeffers Gardens,OR,46.1518,-123.852
Deer Creek,AZ,34.0644,-111.3505
Goodville,PA,40.128,-76.0046
Eldred,NY,41.5268,-74.8788
Bison,KS,38.5201,-99.1977
Brookfield Center,CT,41.4623,-73.3875
Lime Ridge,WI,43.4676,-90.1577
Hordville,NE,41.0793,-97.8904
Matthews,GA,33.2176,-82.3079
Ames,OK,36.247,-98.1861
Cincinnati,IA,40.6309,-92.9222
Fairport,IA,41.4394,-90.9171
Day,FL,30.195,-83.2909
Thawville,IL,40.673,-88.1137
Red Rock,OK,36.4601,-97.1796
Plattville,IL,41.5343,-88.3835
Chugwater,WY,41.7557,-104.8229
Okabena,MN,43.7393,-95.3187
Tuckahoe,NJ,39.2892,-74.7497
Monterey,VA,38.4116,-79.5809
Gakona,AK,62.3609,-145.2657
Barkeyville,PA,41.1965,-79.9826
Laclede,ID,48.1678,-116.7529
Moose Run,PA,40.953,-77.8031
Portsmouth,IA,41.6501,-95.5192
Glen White,WV,37.73,-81.2797
White Signal,NM,32.5724,-108.3512
Rocky Comfort,MO,36.7424,-94.0904
Viola,KS,37.4829,-97.6444
Four Bears Village,ND,47.9871,-102.5939
Wren,OH,40.8008,-84.7747
Chester,TX,30.9214,-94.6002
Gifford,SC,32.8601,-81.2385
Troutdale,VA,36.7022,-81.4413
Sheffield,VT,44.5996,-72.116
Dodgingtown,CT,41.3799,-73.3524
Craigville,IN,40.7784,-85.0908
Salamonia,IN,40.3859,-84.8649
Hardwick,MN,43.7742,-96.1975
Orwin,PA,40.5839,-76.5314
Pease,MN,45.6996,-93.6491
Liberty,OK,35.4656,-94.5442
Rake,IA,43.4806,-93.9196
Allensville,KY,36.7163,-87.0683
Bosworth,MO,39.4699,-93.3357
Comfort,WV,38.1317,-81.6102
Loch Arbour,NJ,40.2323,-74.0013
Marble Rock,IA,42.9647,-92.8681
Pryorsburg,KY,36.6899,-88.7124
Dime Box,TX,30.355,-96.8233
Pine Level,FL,30.8887,-87.1687
Lenora,KS,39.6109,-100.0014
Sand Point,OK,33.9651,-96.5639
Good Hope,OH,39.4467,-83.3594
Rembert,SC,34.1037,-80.5306
Marathon,IA,42.8602,-94.9829
Daviston,AL,33.0557,-85.6371
Johnson Village,CO,38.812,-106.1071
Stoney Point,OK,35.5847,-94.6635
Crowley,CO,38.1935,-103.8597
Utica,MO,39.7456,-93.6286
Leeds,NY,42.2554,-73.8929
East Glacier Park Village,MT,48.4459,-113.2235
Bridgeville,NJ,40.8427,-75.0303
Avery,CA,38.1967,-120.3698
Carney,MI,45.5935,-87.5547
Arroyo Hondo,NM,36.5346,-105.6665
Stokes,NC,35.7106,-77.2677
New Paris,PA,40.1084,-78.643
Vinegar Bend,AL,31.2594,-88.3712
Dryville,PA,40.4623,-75.7532
Albin,WY,41.417,-104.1016
Gantt,AL,31.4092,-86.4842
Elko,SC,33.3808,-81.3805
Valley Springs,AR,36.1537,-92.9896
Monument,OR,44.8208,-119.4209
Kelleys Island,OH,41.6034,-82.7027
Weldon Spring Heights,MO,38.7041,-90.6855
Pringle,SD,43.609,-103.5946
Sallis,MS,33.0215,-89.7647
Marenisco,MI,46.3737,-89.712
South Ilion,NY,42.9924,-75.0509
Smartsville,CA,39.2053,-121.2928
Lewellen,NE,41.3305,-102.1437
Mellott,IN,40.1641,-87.1488
Denton,MT,47.3222,-109.9481
McIntosh,AL,31.2649,-88.0284
Salton Sea Beach,CA,33.3759,-116.0113
Gotham,WI,43.2225,-90.297
Bivins,TX,33.0174,-94.193
Brandywine,WV,38.6218,-79.2415
West Canaveral Groves,FL,28.3928,-80.8459
San Isidro,TX,26.7136,-98.4479
Callaway,MN,46.982,-95.912
Perla,AR,34.3648,-92.7762
Waresboro,GA,31.2451,-82.4721
Plaucheville,LA,30.9647,-91.9837
Rochester,KY,37.2093,-86.8921
Thurman,IA,40.8201,-95.7488
Harrisville,OH,40.1815,-80.8869
Moscow,KS,37.3249,-101.2069
Napeague,NY,40.9976,-72.0665
Palo Pinto,TX,32.7692,-98.3007
White Heath,IL,40.0869,-88.5115
Nelsonville,WI,44.4937,-89.309
Spruce Pine,AL,34.3928,-87.7294
Rye,AR,33.7505,-91.9985
Fredonia,AR,34.8194,-91.4101
Deep River,WA,46.3521,-123.6985
Clarksville,PA,39.9745,-80.044
Mount Gretna,PA,40.2455,-76.4716
Locust Gap,PA,40.7718,-76.4413
Trego-Rohrersville Station,MD,39.4291,-77.6748
Mendes,GA,31.9953,-81.9709
Heislerville,NJ,39.2236,-74.9915
New Boston,NH,42.9781,-71.6937
Kingston,IL,39.8198,-91.0274
Lake Bruce,IN,41.0703,-86.4645
Watts,OK,36.1073,-94.5718
New Providence,IA,42.2813,-93.1716
Linn Creek,MO,38.0458,-92.7049
Reliance,SD,43.88,-99.6018
Dunreith,IN,39.8029,-85.4367
Carmine,TX,30.1485,-96.6908
Sandy Hook,MD,39.3284,-77.7052
Delmont,SD,43.2666,-98.1592
Blyn,WA,48.0131,-122.9897
Woodstock,MN,44.011,-96.0967
Millersburg,MI,45.3344,-84.0601
Bobtown,VA,37.6493,-75.7998
Mount Clifton,VA,38.7617,-78.7166
Harrison,NE,42.6879,-103.8826
Bradford,IA,42.6367,-93.2524
Creston,WA,47.7594,-118.52
Sulphur Springs,OH,40.8723,-82.8766
Michigamme,MI,46.5335,-88.0627
Gerton,NC,35.4758,-82.3504
Crellin,MD,39.3886,-79.4685
Alpine Village,CA,38.7793,-119.8077
Serena,IL,41.4871,-88.732
Meno,OK,36.3882,-98.1779
Doylestown,WI,43.4276,-89.1457
Belsano,PA,40.5195,-78.8711
Plato,MO,37.5027,-92.2201
Shelly,MN,47.4584,-96.8197
Wilson,WI,44.9586,-92.1705
McGrath,AK,62.9424,-155.563
Nichols,SC,34.235,-79.149
Campbell,MN,46.0976,-96.4055
Ford,KS,37.6366,-99.7539
Homewood Canyon,CA,35.89,-117.3863
Hillsdale,IN,39.7859,-87.3903
Page,WV,38.0506,-81.2717
Keller,WA,48.0852,-118.7164
Cloud Creek,OK,36.2938,-94.7543
Elk Garden,WV,39.3862,-79.1556
Severn,NC,36.5143,-77.1893
Penfield,IL,40.3047,-87.9443
Belfonte,OK,35.5368,-94.5507
Grant,OK,33.9387,-95.5156
Reading,KS,38.5192,-95.9574
Kermit,WV,37.8425,-82.4086
Willapa,WA,46.6755,-123.6648
Dennis,KS,37.3469,-95.4078
Power,MT,47.7203,-111.6944
Vermilion,IL,39.5803,-87.588
Friesville,PA,40.2943,-78.4634
Centerville,AR,35.1157,-93.1714
Du Pont,GA,30.9891,-82.8691
Hatfield,WI,44.4164,-90.7409
Dwight,KS,38.8449,-96.5921
Powhatan,AR,36.0873,-91.1238
Marshallville,NJ,39.2929,-74.7751
West Middleton,IN,40.4395,-86.2161
Port Costa,CA,38.0446,-122.185
New Athens,OH,40.1845,-80.9948
Elgin,TN,36.3285,-84.6091
Elrosa,MN,45.563,-94.9473
Humptulips,WA,47.2491,-123.9348
Leonard,OK,35.9228,-95.801
Morristown,AZ,33.8549,-112.6135
Kingston Mines,IL,40.5586,-89.772
Baumstown,PA,40.2777,-75.8066
Ackermanville,PA,40.835,-75.2227
Leiters Ford,IN,41.1217,-86.3858
Cherokee Strip,CA,35.4698,-119.2617
Unionville,PA,40.7459,-80.2107
Harrison Lake,IN,39.1855,-86.0256
Barstow,TX,31.4615,-103.3955
Frank,WV,38.5462,-79.808
Des Arc,MO,37.2837,-90.6353
Carter,OK,35.217,-99.5036
Plato,MN,44.7724,-94.0397
Dorrance,KS,38.8469,-98.59
Miramiguoa Park,MO,38.2389,-91.0688
Yoder,WY,41.917,-104.2955
Prestonville,KY,38.6805,-85.1931
Martell,CA,38.3644,-120.8036
Goodmanville,CA,35.4348,-118.939
Dawson,NE,40.1308,-95.8298
Taylor,ND,46.9018,-102.4222
Cable,WI,46.2011,-91.2937
Killona,LA,29.9985,-90.4851
Fort Bridger,WY,41.3184,-110.3894
Wyaconda,MO,40.3921,-91.926
Delta,LA,32.322,-90.9414
Westernville,NY,43.3079,-75.3819
Paxtonville,PA,40.7702,-77.0808
Lake Tomahawk,WI,45.811,-89.5873
Cranberry Lake,NY,44.2063,-74.8426
Blodgett Mills,NY,42.5665,-76.1329
Noxon,MT,47.985,-115.7707
Regino Ramirez,TX,26.488,-98.9338
New Pine Creek,OR,42.0014,-120.3043
Lamb,IN,38.692,-85.188
Ross,TX,31.7282,-97.1123
Graceham,MD,39.6152,-77.3829
Saint Joseph,KY,37.6936,-87.3256
South Frydek,TX,29.7318,-96.0738
Waterloo,SC,34.3561,-82.0572
Rockfield,IN,40.6416,-86.5731
Tomales,CA,38.247,-122.9054
Preston,OK,35.7113,-95.9888
Calvin,LA,31.9617,-92.7758
Sylvester,WV,38.008,-81.5623
Karns City,PA,40.9971,-79.7264
Glenview Manor,KY,38.2907,-85.6333
Kitzmiller,MD,39.3894,-79.1833
Ferryville,WI,43.3516,-91.0936
West,MS,33.1977,-89.7821
Harmon,ND,46.9443,-100.9526
Wessington,SD,44.4552,-98.6967
Maple City,MI,44.8556,-85.8573
Virden,NM,32.689,-109.0015
Rockholds,KY,36.8308,-84.1131
Moran,TX,32.5471,-99.1663
Wilsey,KS,38.6357,-96.6764
Wildwood,IN,41.5932,-85.1897
Lidderdale,IA,42.1224,-94.7837
Gallatin River Ranch,MT,45.9073,-111.3313
Cold Brook,NY,43.2401,-75.0387
Macedonia,IA,41.1922,-95.4266
Reeds,MO,37.1165,-94.1682
Vilas,CO,37.3737,-102.4474
Courtland,KS,39.7835,-97.8961
Apple Valley,ND,46.8209,-100.5993
Deer Island,OR,45.933,-122.8498
Animas,NM,31.9449,-108.8065
Sammons Point,IL,41.0316,-87.8593
Chapman,PA,40.7585,-75.4013
Aplin,AR,34.9675,-92.9813
Burgoon,OH,41.2674,-83.2508
Harris,IA,43.4451,-95.4372
Henlopen Acres,DE,38.7257,-75.0849
Locustdale,PA,40.7784,-76.3736
Belspring,VA,37.1938,-80.6097
Hazelton,ND,46.4858,-100.2811
Magnolia,MN,43.644,-96.0753
Cooksville,IL,40.5428,-88.7146
Siglerville,PA,40.7369,-77.5318
Yonah,GA,34.6437,-83.7411
Tyro,KS,37.0368,-95.8218
Butlerville,OH,39.3014,-84.0906
Siasconset,MA,41.2636,-69.9718
Katherine,AZ,35.2206,-114.5616
Stamford,NE,40.1313,-99.5945
Beclabito,NM,36.8335,-109.004
Elberta,PA,40.5124,-78.3241
Waco,MO,37.247,-94.6003
Fort Shaw,MT,47.4969,-111.8194
Ronks,PA,40.0267,-76.171
Wever,IA,40.7058,-91.228
Sumpter,OR,44.7435,-118.1975
Harrietta,MI,44.3091,-85.7007
Llewellyn,PA,40.6729,-76.2791
McDonald,KS,39.7848,-101.3702
Watson,AR,33.894,-91.2566
Hendrum,MN,47.2641,-96.8107
Grays River,WA,46.3608,-123.589
Selfridge,ND,46.0417,-100.9244
Baring,WA,47.7661,-121.4803
Sehili,AZ,36.2807,-109.1814
Pickrell,NE,40.3781,-96.7295
Bailey,TX,33.4337,-96.1651
Geuda Springs,KS,37.1114,-97.1505
Porter,MN,44.6428,-96.1678
Sundown,MO,36.5645,-92.6418
Samburg,TN,36.3823,-89.3533
Bellamy,AL,32.4582,-88.1277
Elgin,AZ,31.6681,-110.5347
Aripeka,FL,28.4308,-82.6668
Grangeville,CA,36.344,-119.7075
Minto,AK,65.1033,-149.5565
Medicine Lake,MT,48.5023,-104.5018
Gillham,AR,34.1686,-94.3145
Maysville,CO,38.5305,-106.2156
Dixon,IA,41.7421,-90.7825
Homer,IN,39.5781,-85.578
Witherbee,NY,44.0824,-73.5339
Montrose,AR,33.2989,-91.4965
Beaver Dam,IN,41.0937,-85.9757
Richland Springs,TX,31.2715,-98.9486
Trimountain,MI,47.0557,-88.6587
Rutland,IL,40.9838,-89.0413
Lake Lindsey,FL,28.6322,-82.3617
Box Springs,GA,32.5495,-84.6568
Coleta,IL,41.9021,-89.7998
Amesville,OH,39.4015,-81.9548
Westside,CA,36.4042,-120.1341
Spreckels,CA,36.6247,-121.6465
Cape Meares,OR,45.5153,-123.9536
Dunnell,MN,43.5604,-94.7752
Wentworth,SD,43.997,-96.9645
Falmouth,MI,44.2429,-85.0848
Marquand,MO,37.4287,-90.167
Homer,MN,44.0084,-91.5601
Stuart,OK,34.901,-96.0994
Dayville,OR,44.4667,-119.5322
Mears,MI,43.6835,-86.4222
Myers Flat,CA,40.2666,-123.8737
Lehigh,KS,38.3744,-97.3024
Watson,MN,45.01,-95.7998
Jakin,GA,31.0901,-84.9822
Fulton,MI,47.2992,-88.3607
Sweden Valley,PA,41.7594,-77.9538
Oakdale,TN,35.9895,-84.5573
Prairietown,IL,38.9665,-89.9234
Pine Glen,PA,41.0887,-78.0581
Jakes Corner,AZ,34.0083,-111.3203
Mitchell,GA,33.2198,-82.7032
Cutter,AZ,33.3584,-110.6593
Grand River,IA,40.819,-93.963
Milton,IL,39.5646,-90.6499
Tanquecitos South Acres,TX,27.4898,-99.3797
Dell,AR,35.8572,-90.0341
Greenhorn,CA,39.903,-120.759
Kellyton,AL,32.9791,-86.0358
Brule,WI,46.5589,-91.5712
Olar,SC,33.1799,-81.1854
North Star,OH,40.3243,-84.569
Dotyville,OK,36.8515,-94.9098
Sellers,SC,34.2826,-79.4724
Hardinsburg,IN,38.462,-86.2733
Berger,MO,38.6718,-91.3391
Surry,VA,37.1372,-76.8333
Idaville,OR,45.5098,-123.8633
Pie Town,NM,34.34,-108.1708
Sheridan,MO,40.5171,-94.6145
Salladasburg,PA,41.2783,-77.2273
Lebanon,KS,39.8101,-98.5572
Kennerdell,PA,41.2787,-79.8219
Hubbard,NE,42.3859,-96.5915
Volta,CA,37.0875,-120.9235
Taneyville,MO,36.7377,-93.0354
Atwood,CO,40.5505,-103.2746
Carolina,WV,39.4795,-80.2728
Idanha,OR,44.7029,-122.0843
Murphy,ID,43.2121,-116.5485
Ellison Bay,WI,45.2551,-87.0729
Radnor,OH,40.3852,-83.1459
Friendship,AR,34.2243,-93.0037
Standard City,IL,39.3504,-89.7836
Shelbyville,TX,31.7594,-94.0772
Fontanet,IN,39.5718,-87.2425
Oelrichs,SD,43.182,-103.2334
Linneus,MO,39.8767,-93.1868
Oakland Acres,IA,41.7205,-92.8211
Ardencroft,DE,39.8056,-75.4862
West Charlotte,VT,44.3099,-73.2546
Stronach,MI,44.2131,-86.2731
Raymond,NE,40.9567,-96.7816
South Montrose,PA,41.7973,-75.8913
Colp,IL,37.8074,-89.0786
Bone Gap,IL,38.4449,-87.9976
Manchester,IL,39.5423,-90.3303
Barlow,OR,45.2523,-122.7223
Ironton,MI,45.257,-85.1929
Cavour,SD,44.3693,-98.042
Fiddletown,CA,38.5069,-120.7602
Douglas Flat,CA,38.1144,-120.4549
Allport,PA,40.966,-78.2066
Fairfield,KY,37.932,-85.3839
Pungoteague,VA,37.629,-75.8171
B and E,TX,26.3565,-98.7537
Peck,ID,46.4747,-116.4262
Charlton,MD,39.6344,-77.8944
Sobieski,MN,45.923,-94.482
Timblin,PA,40.9673,-79.199
Riverdale,ND,47.4975,-101.3661
East Thermopolis,WY,43.6441,-108.1979
Boyd,MN,44.8512,-95.9008
Lloyd,FL,30.4822,-84.0244
Scotsdale,MO,38.3917,-90.5907
Gorham,IL,37.7151,-89.4831
Old Harbor,AK,57.2169,-153.3252
Cheyney University,PA,39.9343,-75.5306
Pollard,AR,36.4296,-90.267
Rocky Mound,TX,33.029,-95.029
Offerle,KS,37.8907,-99.5603
Emmett,KS,39.3071,-96.0578
Avoca,NE,40.7965,-96.1191
Jerseytown,PA,41.0889,-76.5804
St. Lucas,IA,43.0665,-91.9341
Cayuga,OK,36.6252,-94.6542
Talmage,NE,40.5315,-96.0237
Henderson Point,MS,30.3153,-89.2864
Omaha,AR,36.4583,-93.191
Lucky,LA,32.2443,-93.0158
Taylorstown,PA,40.1567,-80.3865
Venango,PA,41.7727,-80.1121
Hortonville,IN,40.0861,-86.1608
Browns,IL,38.3775,-87.9831
Rossmore,WV,37.805,-81.9923
Minnewaukan,ND,48.0762,-99.2607
Kingsbury,TX,29.6541,-97.8
Burfordville,MO,37.3677,-89.8097
Eastvale,PA,40.767,-80.3148
Gregory,OK,36.1697,-95.5741
Waltham,MN,43.8193,-92.8746
White Mountain,AK,64.6812,-163.4228
Farson,WY,42.1528,-109.4283
Waggoner,IL,39.3776,-89.6525
Belle Valley,OH,39.7889,-81.5567
Boles,AR,34.7861,-94.0507
Oconee,IL,39.2863,-89.1066
Severy,KS,37.622,-96.2273
Kennedy,MN,48.6441,-96.9106
Vicksburg,IN,39.0906,-87.1981
Mount Vernon,AR,35.2236,-92.124
Dorchester,IL,39.0859,-89.8877
Crane,MT,47.5772,-104.2509
Sherrill,IA,42.6045,-90.7841
Black Oak,AR,35.8365,-90.3676
Elmdale,MN,45.834,-94.4942
Falcon,NC,35.1936,-78.6512
Stockton,GA,30.9428,-83.0029
Chili,NM,36.1027,-106.1529
Bull Lake,MT,48.2379,-115.8474
Bentley,IA,41.3755,-95.6225
Lockbourne,OH,39.8078,-82.9838
Free Union,VA,38.1539,-78.5594
Bee,OK,34.125,-96.5687
Cassville,IN,40.56,-86.1228
Elvaston,IL,40.3954,-91.2496
Gulf,NC,35.5597,-79.2805
Alsey,IL,39.5592,-90.4328
Warthen,GA,33.0997,-82.8033
Winger,MN,47.5363,-95.986
Climax,MN,47.6095,-96.8122
Berry,KY,38.5205,-84.3837
Cowgill,MO,39.5605,-93.9257
Eden,MS,32.9837,-90.324
Lynn,AR,36.0042,-91.2521
Fostoria,IA,43.243,-95.1549
Burket,IN,41.1549,-85.9687
Beaverton,AL,33.9354,-88.0218
Calvary,GA,30.7224,-84.3541
Commodore,PA,40.7154,-78.9375
Rock Falls,WI,44.7209,-91.6917
Reddick,IL,41.0985,-88.2486
Humphrey,AR,34.4225,-91.7025
South Londonderry,VT,43.1904,-72.8118
Reasnor,IA,41.5789,-93.0229
Woden,IA,43.2308,-93.9114
Eldred,IL,39.2862,-90.5538
Stewartsville,IN,38.1848,-87.8328
Ellenboro,WV,39.2678,-81.0551
Letcher,SD,43.8995,-98.1442
Winchester Bay,OR,43.6729,-124.1828
Galesburg,KS,37.4721,-95.3563
Havensville,KS,39.5115,-96.0762
Clayville,RI,41.7734,-71.6854
Ambia,IN,40.4892,-87.5164
Greenbush,VA,37.7398,-75.6797
Stillwater,PA,41.1506,-76.3693
East Marianna,PA,40.0217,-80.0934
New Haven,VT,44.1266,-73.151
Lowpoint,IL,40.8729,-89.3138
Mount Auburn,IA,42.2573,-92.0939
Mendota,MN,44.8876,-93.1609
Diller,NE,40.1089,-96.9374
Washam,WY,41.0056,-109.6992
Ashville,PA,40.5601,-78.5473
Volcano,CA,38.4506,-120.6218
Riddlesburg,PA,40.162,-78.2545
Litchville,ND,46.6566,-98.1917
Wilson Creek,WA,47.423,-119.1176
Woolstock,IA,42.5648,-93.8431
Sisquoc,CA,34.8621,-120.2943
Hamilton,NC,35.9443,-77.2067
Silver Creek,MS,31.6048,-90.0023
Los Panes,PR,18.1848,-66.076
Julian,PA,40.8616,-77.9426
Fountain N' Lakes,MO,38.9689,-90.8493
Winona,KS,39.0618,-101.2449
Rochester,OH,41.1246,-82.3058
Elmo,MT,47.829,-114.3484
Pittman,FL,28.9967,-81.6462
Causey,NM,33.8607,-103.1066
Swift Bird,SD,45.0601,-100.3545
Eagarville,IL,39.1121,-89.7832
Old Monroe,MO,38.9379,-90.7468
Maryd,PA,40.7601,-76.056
Bates City,MO,39.0047,-94.0659
Filer City,MI,44.2149,-86.289
South Hero,VT,44.6479,-73.3017
Antioch,IN,40.2273,-86.5056
Randolph,KS,39.429,-96.7598
Mount Sterling,WI,43.3163,-90.9292
Paint Rock,AL,34.6601,-86.331
Mineral Springs,PA,40.9981,-78.3636
Alvan,IL,40.307,-87.6069
Mission Woods,KS,39.0341,-94.6107
Felton,MN,47.0749,-96.5058
Isabel,SD,45.3939,-101.4325
Leipsic,DE,39.243,-75.5155
Whitesboro,OK,34.6963,-94.8789
Camargo,OK,36.0179,-99.2885
Minden City,MI,43.6715,-82.7757
Ramsay,MI,46.47,-89.9978
Pine Creek,MT,45.5078,-110.5724
Vanduser,MO,36.991,-89.6866
Vicksburg,PA,40.9384,-76.9905
Blodgett,MO,37.0049,-89.5263
East Verde Estates,AZ,34.2983,-111.3645
Patterson,OH,40.7822,-83.5263
Girard,GA,33.04,-81.7122
Conchas Dam,NM,35.3623,-104.2042
Birmingham,OH,41.3302,-82.3617
Clacks Canyon,AZ,35.2203,-114.0723
Northome,MN,47.8747,-94.2676
Mission Hill,SD,42.9208,-97.2791
Solsberry,IN,39.0834,-86.7561
Reedy,WV,38.8996,-81.4264
Yorktown,VA,37.2352,-76.5146
Ferdinand,ID,46.1519,-116.39
Algiers,VT,42.8182,-72.5771
Westford,VT,44.6079,-73.0113
Flinton,PA,40.7161,-78.5178
Turney,MO,39.6377,-94.321
Venedocia,OH,40.785,-84.4559
Industry,CA,34.0175,-117.9267
Elba,NE,41.2854,-98.5693
Ehrenfeld,PA,40.3743,-78.7763
Partridge,KS,37.9666,-98.0922
Rogers,OH,40.7897,-80.6275
Elberta,MI,44.6209,-86.231
South Fork Estates,TX,27.2697,-98.7239
Wineglass,MT,45.628,-110.6233
Register,GA,32.3658,-81.8845
Arlington,IL,41.4716,-89.2478
La Tour,MO,38.6348,-94.1017
Cloverdale,OR,45.2006,-123.8842
Bee Branch,AR,35.4561,-92.395
Timber Cove,CA,38.541,-123.2589
San Lucas,CA,36.1283,-121.0218
Glenwood,NC,35.6161,-81.9833
Brandsville,MO,36.6507,-91.6963
Henrietta,PA,40.2625,-78.2977
Warwick,OK,35.6881,-97.0018
Disney,OK,36.4769,-95.0195
Baskin,LA,32.2591,-91.7473
Rockville,NE,41.1185,-98.8311
Sylvia,KS,37.9589,-98.4085
Rhineland,MO,38.7205,-91.5175
Ruby,AK,64.7233,-155.5005
Carleton,NE,40.3033,-97.6816
Brunsville,IA,42.811,-96.2664
Harrellsville,NC,36.3017,-76.7918
Ruthton,MN,44.1776,-96.1035
Mooreton,ND,46.269,-96.8758
Burtons Bridge,IL,42.2781,-88.2305
Andersonville,IN,39.4975,-85.2889
Panther Burn,MS,33.0659,-90.8726
Faunsdale,AL,32.4576,-87.5938
Murphy,OK,36.1341,-95.2414
Pronghorn,OR,44.1881,-121.1817
Cody,NE,42.9377,-101.2489
Robinson,KS,39.8157,-95.4117
Forest City,MO,39.9829,-95.1883
Glenwood,AL,31.6675,-86.173
Beech Grove,KY,37.6183,-87.3921
South Carrollton,KY,37.3358,-87.1401
Biscay,MN,44.8263,-94.2742
Three Rocks,CA,36.5051,-120.3936
Almont,ND,46.7283,-101.5026
Praesel,TX,30.631,-97.0211
Dorseyville,LA,30.1773,-91.1614
Nada,TX,29.4146,-96.3781
Clare,IA,42.5874,-94.3444
Roosevelt,MN,48.807,-95.101
Middleburg,NC,36.399,-78.3235
Glenwood,MO,40.5243,-92.5766
Kemp,OK,33.7696,-96.3542
Fishing Creek,MD,38.3358,-76.2238
Genoa,CO,39.2782,-103.4984
Mineral,IL,41.3837,-89.8383
Macy,IN,40.9581,-86.1288
Haysville,IN,38.4856,-86.915
Skidmore,MO,40.288,-95.0796
Grover,CO,40.8691,-104.2259
Fingal,ND,46.7625,-97.7932
New London,IN,40.4434,-86.2714
Atlanta,LA,31.8064,-92.7383
Rosalia,KS,37.8158,-96.625
Slaterville Springs,NY,42.3953,-76.3452
Bluff,UT,37.2871,-109.573
Switzer,WV,37.7879,-81.9865
Blue Clay Farms,NC,34.3005,-77.8917
East Enterprise,IN,38.8703,-84.989
Whaleyville,MD,38.3917,-75.3004
Wet Camp Village,AZ,33.1413,-111.9004
Kincaid,KS,38.0812,-95.1554
Carl,GA,34.0045,-83.8129
Frederick,SD,45.8319,-98.5067
Rock,MI,46.0686,-87.1616
Richland,OR,44.7682,-117.1669
Lenhartsville,PA,40.5721,-75.8892
Aurora,IA,42.6194,-91.7295
Oaks,MO,39.197,-94.572
Garden Grove,IA,40.8266,-93.6068
Batchtown,IL,39.0331,-90.6533
Los Barreras,TX,26.3911,-98.9184
Golden,MS,34.4866,-88.1863
Lobeco,SC,32.5512,-80.7354
Nora,IL,42.4565,-89.9459
Ravenden Springs,AR,36.3127,-91.2233
Washington,NE,41.3976,-96.2074
Wildorado,TX,35.2091,-102.2055
North Washington,PA,41.0478,-79.8134
Scarbro,WV,37.9503,-81.1665
Midland,CO,38.8468,-105.1579
Markleeville,CA,38.684,-119.8228
Munden,KS,39.9126,-97.5385
Shumway,AZ,34.4145,-110.0649
Unadilla Forks,NY,42.8497,-75.2308
Knobel,AR,36.3199,-90.6024
Palestine,OH,40.0501,-84.7443
Cameron,LA,29.787,-93.2925
Fifty-Six,AR,35.9621,-92.2301
Ruskin,NE,40.144,-97.867
Admire,KS,38.641,-96.102
White Plains,GA,33.4804,-83.0377
Midpines,CA,37.5524,-119.9289
Allens Grove,WI,42.5783,-88.7668
St. Francisville,MO,40.4497,-91.572
Glendale Colony,SD,44.7979,-98.2868
Edmonson,TX,34.2791,-101.8967
Arctic Village,AK,68.1421,-145.4956
Tow,TX,30.8889,-98.4631
Hodges,SC,34.2876,-82.248
El Chaparral,TX,26.3489,-98.7673
Woodlawn Park,OK,35.5096,-97.6499
Wendell,MN,46.0359,-96.1008
Bolton Valley,VT,44.4166,-72.8576
Corwin Springs,MT,45.1276,-110.7997
New Lebanon,PA,41.4196,-80.0755
Grand Cane,LA,32.0836,-93.8088
Bushnell,NE,41.2328,-103.8912
Winesburg,OH,40.6175,-81.6948
Gladstone,IL,40.8643,-90.9566
Zumbro Falls,MN,44.2847,-92.4262
Braddyville,IA,40.5806,-95.0312
Morriston,FL,29.2811,-82.44
James City,PA,41.6181,-78.8442
North Lawrence,OH,40.8417,-81.6347
Lewisville,OH,39.7671,-81.2182
Hessen Cassel,IN,40.9778,-85.0791
Lone Oak,GA,33.1723,-84.8173
Patriot,IN,38.8352,-84.8301
Regent,ND,46.4222,-102.5581
Judah,IN,38.9609,-86.5372
Hillsboro,WV,38.1384,-80.2107
Catawba,WI,45.537,-90.5335
Jolly,TX,33.8827,-98.3475
Page,ND,47.1592,-97.5681
Lewis,WI,45.7159,-92.3965
Cadiz,IN,39.9511,-85.4867
Nibbe,MT,45.9819,-108.0272
Fultonham,OH,39.8557,-82.1408
LaFayette,KY,36.6599,-87.6585
Sagar,NM,35.2474,-108.767
Wisacky,SC,34.1465,-80.1905
Keachi,LA,32.1708,-93.916
Lake Bronson,MN,48.7322,-96.664
Vona,CO,39.3021,-102.7434
Grantsburg,IN,38.2881,-86.4694
Wakulla,NC,34.797,-79.2559
Clifford,IN,39.2827,-85.8691
Blackburn,MO,39.1048,-93.4855
Kenilworth,UT,39.6803,-110.8146
Lacassine,LA,30.2331,-92.9208
Mason City,NE,41.2222,-99.2988
Havelock,IA,42.833,-94.701
Holcomb,IL,42.0646,-89.097
Kansas,OH,41.2452,-83.2839
Tupman,CA,35.2987,-119.3577
Lake Ellsworth Addition,OK,34.8368,-98.3213
Mormon Lake,AZ,34.9112,-111.4527
Beaver,OR,45.2781,-123.8222
Seldovia,AK,59.4396,-151.7111
Wallingford,IA,43.3203,-94.7922
Hooppole,IL,41.5218,-89.914
Buck Run,PA,40.7068,-76.3212
Delavan,MN,43.7677,-94.0174
Barnes,KS,39.7116,-96.8733
Cataract,WI,44.0867,-90.8383
Kranzburg,SD,44.8888,-96.9092
Tylersville,PA,40.9897,-77.4427
Frontenac,MN,44.5061,-92.3512
Roslyn,SD,45.4966,-97.4928
Concow,CA,39.7733,-121.5196
Louisville,KS,39.2499,-96.3145
Bladen,NE,40.3232,-98.5961
Clarita,OK,34.4825,-96.4367
Mullin,TX,31.5551,-98.6657
Bogard,MO,39.458,-93.5239
Aucilla,FL,30.477,-83.7604
Shippingport,PA,40.6261,-80.4205
Soda Springs,CA,39.3248,-120.3786
Downieville,CA,39.5701,-120.8213
Continental Divide,NM,35.4329,-108.3358
Ravalli,MT,47.2799,-114.1658
Riverton,IA,40.6871,-95.5686
East Lynne,MO,38.6682,-94.2306
Green Hill,IN,40.4135,-87.1122
Port Alsworth,AK,60.1688,-154.3233
Cedar Fort,UT,40.3414,-112.1086
Farmington,NC,36.0128,-80.5329
Cheney,NE,40.7261,-96.5936
Brinson,GA,30.9784,-84.7379
Glendale,SC,34.9452,-81.8364
Hays,TX,30.1214,-97.8725
Haywood,OK,34.8919,-95.9518
Bouton,IA,41.8512,-94.0107
Glenn Springs,SC,34.8134,-81.8415
Plessis,NY,44.2736,-75.8574
Connorville,OH,40.1938,-80.7176
Lilly,GA,32.1465,-83.8775
Christie,OK,35.9709,-94.6542
Allakaket,AK,66.5506,-152.627
Winnett,MT,47.0043,-108.3466
Bristow,IA,42.7738,-92.9079
Gays,IL,39.4583,-88.4963
Markham,WA,46.915,-123.9823
Delia,KS,39.2394,-95.9651
Alverda,PA,40.6346,-78.8584
Livingston,SC,33.5531,-81.1196
Peoria,OR,44.4508,-123.2043
Tanacross,AK,63.3523,-143.4318
Fox Lake,MT,47.6858,-104.6331
Study Butte,TX,29.335,-103.5421
Greensburg,MD,39.6806,-77.5615
Modoc,IN,40.0455,-85.1262
Boxholm,IA,42.1736,-94.1061
Henderson,WV,38.8305,-82.136
Sheridan,TX,29.5023,-96.6761
Brainards,NJ,40.7718,-75.1699
Marietta,MN,45.0105,-96.4189
Deaver,WY,44.889,-108.5961
Daykin,NE,40.3217,-97.2983
Autryville,NC,34.9965,-78.6412
Roca,NE,40.658,-96.6614
Fort Bidwell,CA,41.863,-120.1589
Tenakee Springs,AK,57.7913,-135.1954
Union,AL,32.9938,-87.9071
Los Berros,CA,35.0809,-120.545
Roadstown,NJ,39.4431,-75.3169
Morgan City,MS,33.3787,-90.3461
Auburn,IA,42.2496,-94.8777
Waverly,GA,31.1012,-81.7279
Brashear,MO,40.1484,-92.3787
Paris,MI,43.7814,-85.5067
Eugene,IN,39.9664,-87.4728
Saugany Lake,IN,41.7213,-86.593
Grayling,AK,62.8998,-160.1078
Slaughters,KY,37.4903,-87.5021
Chewalla,TN,35.0209,-88.6426
Modesto,IL,39.4789,-89.9803
Santa Claus,GA,32.1712,-82.3297
E. Lopez,TX,26.3087,-98.6379
Birmingham,MO,39.1676,-94.4501
Pickering,MO,40.4503,-94.842
Spring Garden,AL,33.973,-85.5558
Washta,IA,42.5756,-95.7201
Smithboro,IL,38.8946,-89.3399
Stites,ID,46.0921,-115.9762
Kempton,PA,40.6278,-75.8546
Relampago,TX,26.0851,-97.9059
Alta Vista,IA,43.1967,-92.417
Kahlotus,WA,46.6433,-118.5559
Falcon,MS,34.391,-90.2555
Smolan,KS,38.7381,-97.6843
Larkspur,CO,39.2319,-104.8924
Ashton,SD,44.9931,-98.4991
Moorland,IA,42.4415,-94.2954
Easton,MN,43.7661,-93.9
Gravity,IA,40.7608,-94.7435
Keswick,CA,40.6135,-122.4606
Lindrith,NM,36.3173,-107.0459
Columbia,SD,45.6148,-98.3107
Manor,GA,31.1044,-82.5665
Cusick,WA,48.3333,-117.2944
Oconto,NE,41.1415,-99.7619
Aline,OK,36.5097,-98.4485
Gravois Mills,MO,38.3049,-92.8244
Centerville,CA,36.7361,-119.4961
Dixon,OK,35.161,-96.5184
Edmund,WI,42.9662,-90.2644
Parsonsburg,MD,38.3936,-75.4748
Castle,OK,35.4717,-96.3921
Davis City,IA,40.64,-93.8126
Carthage,AR,34.0726,-92.5553
Belvue,KS,39.2164,-96.1789
Cosby,MO,39.8639,-94.6798
Godwin,NC,35.2134,-78.677
Meire Grove,MN,45.6264,-94.8694
Morganville,KS,39.4666,-97.2038
Billtown,IN,39.51,-87.1861
Howard City,NE,41.0752,-98.7155
Lane,KS,38.4398,-95.0819
Elcho,WI,45.4354,-89.1861
Locust Grove,VA,38.9705,-78.4031
Jefferson,IN,40.2794,-86.591
Godfrey,GA,33.4513,-83.503
Island Park,ID,44.5281,-111.3591
Tecopa,CA,35.835,-116.2074
Lewistown,OH,40.4238,-83.8846
Lasker,NC,36.3502,-77.3058
Zanesfield,OH,40.3387,-83.6779
Rockville,UT,37.1478,-113.0548
Cimarron City,OK,35.8887,-97.6023
Harrisville,WI,43.8808,-89.4078
Freedom,WY,42.9854,-111.0296
Glen Campbell,PA,40.8197,-78.8297
Blue Valley,CO,39.6996,-105.4921
Smithfield,IL,40.4744,-90.2951
Carpio,ND,48.4434,-101.7163
Caulksville,AR,35.3017,-93.868
New Hamburg,MO,37.1294,-89.5959
West Brooklyn,IL,41.693,-89.1473
Lockington,OH,40.2075,-84.2358
Farnam,NE,40.7065,-100.2155
Pondsville,MD,39.6234,-77.5916
Bluff Dale,TX,32.3497,-98.0249
Beatrice,AL,31.7332,-87.209
Ringgold,TX,33.8144,-97.9424
Charlottsville,PA,40.6457,-78.2753
Gomer,OH,40.8457,-84.1812
Monmouth,CA,36.5656,-119.7405
Hanging Rock,OH,38.5599,-82.7274
Aldie,VA,38.9761,-77.645
Park Place,PA,40.8384,-76.098
Raleigh,WV,37.7575,-81.1699
Marquez,TX,31.2361,-96.2574
Sweetwater,ID,46.3677,-116.7975
Mooresboro,NC,35.2992,-81.6986
Whitesville,WV,37.9823,-81.5367
Blanche,TN,35.0437,-86.7532
Alamillo,NM,34.2519,-106.9158
Big Rock,VA,37.3536,-82.1887
Cannonsburg,MI,43.0538,-85.4714
Macdoel,CA,41.8263,-122.0059
Starrucca,PA,41.8996,-75.453
De Witt,IL,40.1847,-88.7853
Richland,SD,42.7634,-96.648
Malta Bend,MO,39.194,-93.3635
Hooper,CO,37.746,-105.8777
Galt,MO,40.1272,-93.388
West Chester,IA,41.34,-91.8169
Villarreal,TX,26.3072,-98.6443
La Madera,NM,36.3808,-106.042
Wooster,IN,41.2092,-85.7428
Sayner,WI,45.991,-89.5332
Geneva,IA,42.6748,-93.1298
Poston,AZ,33.9921,-114.4045
Oakville,IA,41.0977,-91.0436
Ulm,AR,34.5762,-91.4617
Bayport,FL,28.5468,-82.6456
St. Charles,ID,42.1116,-111.3903
Smithtown,NC,36.2326,-80.5711
Mount Hood,OR,45.5339,-121.5662
Rew,PA,41.8992,-78.5388
Nehawka,NE,40.8296,-95.9899
Edison,NE,40.2792,-99.7758
Poneto,IN,40.6568,-85.2225
Wadsworth,NY,42.8214,-77.8939
Bowdon,ND,47.4685,-99.7089
Meridian,NY,43.163,-76.5382
Rembrandt,IA,42.8257,-95.1656
Harveyville,KS,38.7896,-95.9624
Hardwick,CA,36.4026,-119.7208
Arnegard,ND,47.8084,-103.4388
Nisland,SD,44.6731,-103.5538
Bunola,PA,40.2373,-79.9506
Ocosta,WA,46.8913,-124.0236
Lincoln,IN,40.6156,-86.21
Corona,NM,34.2501,-105.597
Rachel,WV,39.5207,-80.2997
Bulger,PA,40.3767,-80.323
Marion,OR,44.7513,-122.9277
Antoine,AR,34.0346,-93.4226
La Feria North,TX,26.1778,-97.8232
Burnside,PA,40.8133,-78.792
Desert Center,CA,33.7378,-115.3666
Weston,IA,41.3423,-95.7448
Venango,NE,40.7637,-102.0441
Gilmore,AR,35.4131,-90.2973
Benson,PA,40.2028,-78.9293
Lignite,ND,48.8771,-102.5645
Lamar,OK,35.0942,-96.1241
Octavia,NE,41.3474,-97.059
Milton,KS,37.4432,-97.7694
Vaughnsville,OH,40.8814,-84.146
Concord,NE,42.3839,-96.989
Spiritwood Lake,ND,47.0743,-98.5866
Dana,IL,40.9565,-88.95
Roseville,PA,41.8638,-76.9576
Lowndesville,SC,34.2099,-82.6476
Castleford,ID,42.5206,-114.8717
Ogdensburg,WI,44.4535,-89.0316
Adams,OK,36.7546,-101.0752
Summerfield,OH,39.7969,-81.3355
Klagetoh,AZ,35.501,-109.5283
Summerfield,KS,39.9968,-96.3493
Rockbridge,OH,39.5861,-82.5262
Sportmans Shores,OK,36.4645,-95.083
Danby,VT,43.3452,-72.9946
Long Hollow,SD,45.6823,-97.1611
Pierpont,SD,45.4953,-97.8321
Prospect,TN,35.0219,-86.999
Jonesville,IN,39.0599,-85.8878
Peru,KS,37.0803,-96.0962
Highland,OH,39.344,-83.6001
West Burke,VT,44.6431,-71.9792
Linn Grove,IA,42.8928,-95.2424
Shawneetown,MO,37.5511,-89.6554
Gideon,OK,35.9972,-95.028
Rarden,OH,38.9233,-83.2423
Spearsville,LA,32.932,-92.6001
Cloverdale,OH,41.0193,-84.3035
Ruth,CA,40.2943,-123.3483
Donnelly,ID,44.7351,-116.0788
Shiloh,SC,33.9462,-80.0208
Endicott,NE,40.0814,-97.0954
Freeman Spur,IL,37.8613,-88.9993
Bloomington,MD,39.4794,-79.0768
Bannock,OH,40.1043,-80.9757
Upham,ND,48.5815,-100.7284
Bretzville,IN,38.2995,-86.8731
Lenox Dale,MA,42.3339,-73.2496
Sutton,VT,44.629,-72.0277
Waldorf,MN,43.9332,-93.6976
Badger,SD,44.4855,-97.2079
Schell City,MO,38.0192,-94.1167
Newbern,IN,39.2353,-85.7508
Troy,SC,33.988,-82.2974
Jackson Center,PA,41.2731,-80.1397
Sims,IL,38.3618,-88.5355
Eunola,AL,31.0326,-85.8409
Wilkesville,OH,39.0768,-82.3275
O'Kean,AR,36.1715,-90.8183
Roll,IN,40.5523,-85.3903
Roosevelt,WA,45.7476,-120.2161
Lake Meredith Estates,TX,35.6639,-101.6027
Smithfield,KY,38.3864,-85.2566
Curran,IL,39.742,-89.7785
Williamson,IL,38.9855,-89.7629
Index,WA,47.8212,-121.5561
Shanksville,PA,40.0173,-78.9069
Logan,ND,48.1557,-101.1664
Hope,ID,48.2542,-116.3064
Lazear,CO,38.7788,-107.7805
Eagle Lake,IL,41.3702,-87.5552
Latham,KS,37.5357,-96.6427
Warba,MN,47.1367,-93.2657
Bivalve,MD,38.3054,-75.8847
West Union,IL,39.2137,-87.6666
Linds Crossing,PA,40.4389,-78.3198
Garden,MI,45.773,-86.5529
Waverly,WA,47.338,-117.2312
Manitou,KY,37.3755,-87.5781
Staves,AR,34.031,-92.278
Linden,IA,41.6427,-94.27
Jordan Valley,OR,42.9793,-117.0574
Woodlawn,KY,39.0909,-84.4729
Venedy,IL,38.3966,-89.6456
Poole,KY,37.6392,-87.6447
Enville,TN,35.3911,-88.4303
Rock Point,MD,38.2754,-76.8428
Oakwood,MO,39.2005,-94.5705
Hanover,AL,33.0029,-86.199
Blairsburg,IA,42.4784,-93.6428
Samoa,CA,40.8146,-124.1893
Wortham,MO,37.8401,-90.6076
Stanwood,MI,43.5805,-85.4481
Thornhill,KY,38.2884,-85.6256
Montour,IA,41.9803,-92.7151
Bogus Hill,CT,41.5075,-73.4625
La Jara,NM,36.1055,-106.9419
Galt,IL,41.7894,-89.7541
Weskan,KS,38.8653,-101.9681
Petrolia,PA,41.0217,-79.7168
Darrow,LA,30.1212,-90.9843
Eugene,MO,38.3547,-92.4031
Lakeside-Beebe Run,NJ,39.4522,-75.2497
Howardville,MO,36.5684,-89.5973
Haigler,NE,40.0122,-101.9385
Humboldt River Ranch,NV,40.4318,-118.2719
Cokedale,CO,37.1444,-104.6216
Blountsville,IN,40.0598,-85.2384
Elberon,IA,42.0055,-92.3161
Bartlett,NE,41.8839,-98.5527
Greensboro,IN,39.8786,-85.464
Aragon,NM,33.8899,-108.5201
Fieldon,IL,39.1087,-90.4996
Tumacacori-Carmen,AZ,31.5771,-111.0468
Five Points,AL,33.0173,-85.3516
Black Butte Ranch,OR,44.3578,-121.6588
Blairsville,IN,38.0789,-87.762
Cruzville,NM,33.81,-108.6684
Sun Valley Lake,IA,40.8499,-94.0684
Edie,PA,40.0863,-79.128
Willow Creek,MT,45.8178,-111.6402
Mill Run,PA,40.5055,-78.4333
Harrisburg,OH,40.8873,-81.23
Lake Waconda,NE,40.8448,-95.8535
Holstein,NE,40.4652,-98.651
Homestead,MO,39.3632,-94.2006
Ross,ND,48.3128,-102.5435
Conway,MI,45.4188,-84.8634
Grass Valley,OR,45.3591,-120.7844
Spring Creek Colony,SD,45.9077,-98.8806
Tennyson,IN,38.0817,-87.1187
Retsof,NY,42.8325,-77.8756
Atwood,PA,40.7501,-79.2601
Mount Lebanon,LA,32.5053,-93.0499
Northwood,PA,40.6864,-78.2272
Baldwin,IA,42.0731,-90.8386
Hanson,OK,35.4376,-94.6958
Ovett,MS,31.4849,-89.0273
Des Lacs,ND,48.2564,-101.5636
Salt Rock,WV,38.3243,-82.2172
Marble City,OK,35.5823,-94.8186
Sammy Martinez,TX,26.4329,-98.7512
Hamorton,PA,39.8679,-75.6517
Lynch,NE,42.8312,-98.4668
Makaha Valley,HI,21.4844,-158.1843
Glenwood,NM,33.3188,-108.8811
Big Rock,TN,36.5767,-87.7579
Greenwich,NJ,39.391,-75.3432
Randall,IA,42.237,-93.6026
Little Rock,OK,36.217,-95.0926
Goldfield,CO,38.7176,-105.1253
Silverstreet,SC,34.2177,-81.7146
Plainfield,OH,40.2051,-81.7181
Sunset,AR,35.224,-90.2056
Frontier,ND,46.8002,-96.8331
Astoria,SD,44.5577,-96.5465
Artesian,SD,44.0079,-97.9237
Edinburg,PA,41.0145,-80.4367
Alicia,AR,35.8929,-91.0835
Brunswick,NE,42.3377,-97.9718
McKee,PA,40.3605,-78.4211
Rodessa,LA,32.9735,-93.9966
Cordova,SC,33.4345,-80.9211
Weingarten,MO,37.8894,-90.2172
Anderson,AK,64.3074,-149.1562
Arcola,MS,33.2705,-90.88
Hartly,DE,39.1683,-75.7124
Troutville,PA,41.0259,-78.7863
Vincent,IA,42.5917,-94.0198
Goodman,WI,45.623,-88.3518
New Boston,PA,40.7985,-76.1503
Marietta,MS,34.5,-88.4726
Denison,KS,39.3938,-95.6285
Davidson,OK,34.2418,-99.0783
Phillipsburg,MO,37.5525,-92.7871
Cassville,PA,40.2928,-78.0272
Waiohinu,HI,19.0714,-155.6145
Seibert,CO,39.298,-102.8695
Sparta,OH,40.3943,-82.6996
Harmonyville,VT,43.0372,-72.6657
Leighton,IA,41.3392,-92.7863
South Lincoln,VT,44.0651,-72.9748
Luray,KS,39.1151,-98.6922
Roe,AR,34.6311,-91.3861
Pocasset,OK,35.178,-97.9592
Silver City,MS,33.0951,-90.4968
Harper,OR,43.857,-117.6265
Big Foot Prairie,WI,42.4956,-88.5983
Grayford,IN,38.9628,-85.5741
Milton,NC,36.5372,-79.2081
Friendsville,PA,41.9179,-76.0477
Itmann,WV,37.5734,-81.4146
Wakpala,SD,45.6594,-100.5355
Hillsboro,IA,40.8372,-91.7113
Liberty Mills,IN,41.0337,-85.7358
Big Cabin,OK,36.5423,-95.222
Burbank,SD,42.7461,-96.8326
Middlebrook,VA,38.0552,-79.2182
Union Mills,IN,41.4931,-86.7775
Westphalia,KS,38.1818,-95.4906
Rupert,PA,40.976,-76.4797
Bairoil,WY,42.2372,-107.5611
Rose,OK,36.2123,-95.0381
Everetts,NC,35.8346,-77.1721
Caney,OK,34.2357,-96.2173
Crane,OR,43.4179,-118.5875
Millboro,VA,37.9785,-79.6022
Netawaka,KS,39.603,-95.7189
Daphnedale Park,CA,41.507,-120.5472
Pine Island,FL,28.5727,-82.6546
Fisher,LA,31.4934,-93.4597
Latty,OH,41.0879,-84.5832
Indianola,OK,35.1637,-95.7761
Canjilon,NM,36.484,-106.4334
Welty,OK,35.6257,-96.4195
Leisure Lake,MO,40.11,-93.7236
Alston,GA,32.081,-82.4789
Fairview,PA,41.0156,-79.7433
Cherry Creek,SD,44.6048,-101.4996
Nunica,MI,43.081,-86.0721
Oneida,KY,37.2701,-83.6496
Orovada,NV,41.5492,-117.8235
Gabbs,NV,38.8621,-117.933
Townshend,VT,43.047,-72.6692
Vanceboro,ME,45.5674,-67.4293
Hobble Creek,UT,40.2084,-111.4859
Big Falls,MN,48.1794,-93.8092
Pine Apple,AL,31.8722,-86.9891
Isleta Comunidad,PR,18.3767,-67.1123
Sweet Water,AL,32.1046,-87.8619
Sena,NM,35.3036,-105.3913
Tabiona,UT,40.3544,-110.7096
Devol,OK,34.1954,-98.5882
Stone Bluff,IN,40.17,-87.2528
Wellersburg,PA,39.7306,-78.8478
Dukedom,TN,36.4949,-88.7163
Big Falls,WI,44.6175,-89.0166
Rimrock Colony,MT,48.8954,-112.0952
Hendersonville,PA,40.3007,-80.1583
Humnoke,AR,34.5422,-91.7596
Castana,IA,42.0734,-95.9104
Tuscumbia,MO,38.2369,-92.4601
Chloride,AZ,35.4097,-114.1972
Ulysses,NE,41.0721,-97.203
Barnesdale,OR,45.6487,-123.8545
Valley Hi,OH,40.3162,-83.6759
Hardy,NE,40.0113,-97.924
Ocotillo,CA,32.7431,-116.002
Port Mansfield,TX,26.5623,-97.4365
Okreek,SD,43.3533,-100.3826
Allen,KY,37.6119,-82.7291
Raywick,KY,37.5606,-85.4311
Sylvanite,MT,48.7063,-115.8741
Hannibal,OH,39.6718,-80.8737
Redstone,CO,39.1839,-107.2407
Fairview,IN,40.2976,-85.1962
Huttonsville,WV,38.7139,-79.9765
Rover,AR,34.9518,-93.409
Booth,WV,39.5976,-80.0191
Dodson,MT,48.3953,-108.2472
Drummond,WI,46.3437,-91.25
Edgemont,MD,39.6766,-77.547
Bishop Hill,IL,41.1998,-90.1175
Silver Creek,MN,45.3127,-93.9827
Fisher,AR,35.4915,-90.9725
Cecil,OH,41.219,-84.6017
Black Hawk,CO,39.8043,-105.495
Tajique,NM,34.7601,-106.301
Pritchett,CO,37.3701,-102.8588
Kinney,MN,47.5167,-92.7227
Maple Grove,MI,44.7091,-85.8538
Hallwood,VA,37.8774,-75.5897
Hobson,AL,31.4836,-88.1513
Du Bois,NE,40.0346,-96.0466
Boston,VA,37.6039,-75.8437
Colony,OK,35.3486,-98.6715
Erhard,MN,46.4836,-96.0965
Olivet,IL,39.9461,-87.6396
Florissant,CO,38.9445,-105.29
Marksboro,NJ,40.9811,-74.9082
Prairie View,KS,39.832,-99.5732
Nogal,NM,33.5382,-105.7119
Louise,MS,32.9816,-90.5904
Vaiva Vo,AZ,32.7167,-111.9269
Hurontown,MI,47.1091,-88.5737
Falls View,WV,38.1296,-81.2539
Manchester,OK,36.9945,-98.0351
Franklin,MO,39.0111,-92.755
Onward,IN,40.6947,-86.1948
Fulton,AR,33.6126,-93.8138
Custer,MT,46.1292,-107.5554
Livingston,KY,37.298,-84.2157
Campus,IL,41.0247,-88.3072
Raritan,IL,40.6958,-90.8251
Kenefic,OK,34.15,-96.3644
Lansing,MN,43.7476,-92.9657
Love Valley,NC,35.9872,-80.9836
Coal Center,PA,40.07,-79.9009
Waco,NE,40.897,-97.4619
Tatums,OK,34.4779,-97.466
Cambria,MI,41.8181,-84.6628
Petty,TX,33.6034,-95.8055
Cape May Point,NJ,38.9372,-74.9651
Mount Olivet,KY,38.5318,-84.0357
Buttzville,NJ,40.8293,-75.006
West Havre,MT,48.5471,-109.731
Sedgwick,AR,35.9742,-90.8621
Nespelem,WA,48.167,-118.9722
Otter Creek,FL,29.3238,-82.7734
Boyers,PA,41.1084,-79.8989
Potters Mills,PA,40.8023,-77.6271
Fairford,AL,31.178,-88.0728
Arbovale,WV,38.4353,-79.8116
Mount Etna,IN,40.7411,-85.5619
Oneida,KS,39.8668,-95.9398
West Mineral,KS,37.2839,-94.9268
Lake Everett,IN,41.1541,-85.3153
Vincent,OH,39.3749,-81.671
Elizabeth,MN,46.3798,-96.1309
Hutton,MD,39.4145,-79.4801
Saco,MT,48.4571,-107.3414
Coker Creek,TN,35.2632,-84.2882
Talma,IN,41.1539,-86.135
Hughesville,MO,38.8371,-93.2953
Cusseta,AL,32.7876,-85.3057
Somers,IA,42.3788,-94.431
New Liberty,IA,41.7161,-90.878
Sedgwick,CO,40.9355,-102.5256
Pinion Pines,AZ,35.1466,-113.9058
Mine La Motte,MO,37.6145,-90.2943
Long Creek,OR,44.7142,-119.1042
Blanford,IN,39.667,-87.5203
Branchville,VA,36.5698,-77.2501
Stonega,VA,36.9522,-82.7899
Boston,KY,37.7837,-85.6804
Ayrshire,IA,43.0396,-94.8338
West Elkton,OH,39.5881,-84.5597
Northville,SD,45.1554,-98.5793
Kossuth,MS,34.8726,-88.6428
Springfield,WI,42.6407,-88.4135
Camden-on-Gauley,WV,38.3686,-80.5973
Fountain Springs,PA,40.7722,-76.3284
Spring Drive Mobile Home Park,PA,40.3071,-78.3301
Vidette,GA,33.0376,-82.2474
Old Bennington,VT,42.8848,-73.2143
Cold Bay,AK,55.2122,-162.7475
Cuney,TX,32.0374,-95.4147
Steuben,WI,43.1833,-90.8569
Bay View,MI,45.386,-84.929
Winston,MO,39.8699,-94.1416
Pickwick,MN,43.9815,-91.4946
Unity,IL,37.152,-89.273
Baxter,WV,39.541,-80.1439
Ojo Sarco,NM,36.125,-105.7846
Austwell,TX,28.3911,-96.8435
Lozano,TX,26.1896,-97.5437
Prairie Hill,MO,39.5208,-92.7363
Atlanta,KS,37.4358,-96.767
Dwale,KY,37.6253,-82.7277
Corning,KS,39.657,-96.0288
Little Bitterroot Lake,MT,48.118,-114.7206
Hyannis,NE,42.0006,-101.7624
Kaktovik,AK,70.1231,-143.6258
Cannelburg,IN,38.668,-86.9977
Bienville,LA,32.3618,-92.9788
Bransford,TN,36.5133,-86.2853
Alamo Beach,TX,28.5734,-96.5655
Oak Shores,CA,35.7602,-120.9813
South Edmeston,NY,42.6854,-75.3113
Nara Visa,NM,35.6068,-103.1043
Marion,ND,46.6091,-98.3375
Bascom,FL,30.9278,-85.1181
Broadview,MT,46.0988,-108.8789
Lorraine,KS,38.569,-98.3174
Longville,MN,46.9877,-94.212
Drakesville,IA,40.7986,-92.4813
Jacksonville,VT,42.7976,-72.8192
Le Flore,OK,34.8981,-94.9772
Norge,OK,34.9888,-97.9941
Hunter,OK,36.564,-97.6625
Steptoe,WA,47.0075,-117.3502
Jamestown,NM,35.4692,-108.4396
Hannasville,PA,41.4716,-79.9311
Bellingham,MN,45.1367,-96.284
Sidney,AR,36.0044,-91.6583
Minnesota City,MN,44.0923,-91.75
McKeansburg,PA,40.6823,-76.0196
North Westminster,VT,43.1219,-72.4554
Holliday,MO,39.4936,-92.1312
Columbia,NJ,40.926,-75.0945
Quinwood,WV,38.0586,-80.706
Askewville,NC,36.1116,-76.9412
Kamaili,HI,19.4391,-154.9189
Celeryville,OH,41.0287,-82.7273
Cumberland-Hesstown,NJ,39.3641,-74.9284
Stonewall,NC,35.1371,-76.7406
Spray,OR,44.8335,-119.7949
Port Lions,AK,57.8758,-152.8737
Breckenridge,OK,36.4621,-97.7274
Garrison,MN,46.2992,-93.8264
Capron,VA,36.7093,-77.2013
La Clede,IL,38.8806,-88.7128
Meadowlands,MN,47.0731,-92.7312
Tollette,AR,33.8181,-93.8969
Idaville,PA,40.0199,-77.2034
Westphalia,IA,41.7192,-95.3937
Templeville,MD,39.1361,-75.7676
Elida,NM,33.9469,-103.6531
Zap,ND,47.2847,-101.9233
May,TX,31.9798,-98.9247
Hickory Corners,MI,42.4363,-85.3793
Longview,MS,33.4027,-88.9256
Tampa,KS,38.5481,-97.1542
Newtonville,IN,38.002,-86.9433
Burlington Flats,NY,42.7404,-75.1843
King William,VA,37.6882,-77.0212
Metcalf,IL,39.8004,-87.8078
Falun,KS,38.6745,-97.7511
Mound Station,IL,40.0066,-90.8737
Salvisa,KY,37.921,-84.8615
Organ,NM,32.4251,-106.6025
Belfry,KY,37.6194,-82.2684
Lamont,WA,47.2007,-117.9049
Lodge,SC,33.0678,-80.9537
Candlewood Knolls,CT,41.4791,-73.4636
Utica,PA,41.436,-79.9592
Economy,IN,39.9774,-85.0868
Grayson,OK,35.5054,-95.8716
Blue Mountain,AR,35.1311,-93.7162
Altamont,MO,39.8886,-94.0866
Medora,ND,46.9124,-103.5251
Martinsburg,IN,38.444,-86.0261
Rexford,KS,39.4705,-100.7439
Pulcifer,WI,44.8476,-88.3592
Torreon,NM,34.7242,-106.3008
Adams,ND,48.4202,-98.0737
Orchard Hill,GA,33.1851,-84.2123
Ogden,AR,33.5859,-94.0469
Bristow Cove,AL,34.1092,-86.241
New Burnside,IL,37.5787,-88.7727
North Bay,NY,43.2283,-75.745
Damar,KS,39.3192,-99.5844
Elbert,CO,39.2189,-104.5404
Graham,MO,40.2013,-95.0404
Marathon,OH,39.1453,-84.0063
Maxville,MT,46.476,-113.2355
Navarino,WI,44.6109,-88.4934
Chula,MO,39.9219,-93.4776
Albany,OK,33.8769,-96.16
Moclips,WA,47.2348,-124.2024
Butler,TN,36.3562,-82.0347
Jefferson,NY,42.4813,-74.6062
Simpson,KS,39.386,-97.934
Sparks,OK,35.6113,-96.8191
Segundo,CO,37.1225,-104.7395
Creston,NE,41.708,-97.3625
Butlerville,IN,39.0325,-85.5131
Webster,IN,39.9034,-84.9452
Rudy,AR,35.5304,-94.2406
Grenola,KS,37.3507,-96.4494
Ophiem,IL,41.2538,-90.3827
Boaz,WI,43.3299,-90.5277
Kell,IL,38.4912,-88.9032
Bellville,GA,32.1526,-81.9743
Layton,FL,24.8247,-80.8128
Greenfield,OK,35.729,-98.3775
Melbeta,NE,41.7819,-103.5171
Perkins,MO,37.0942,-89.7747
Hopewell,PA,40.1345,-78.2666
Keensburg,IL,38.3518,-87.8683
Pinos Altos,NM,32.8665,-108.2221
Homestead,IA,41.7612,-91.8711
Gilson,IL,40.8629,-90.1992
Ludlow Falls,OH,39.9981,-84.3392
Bald Head Island,NC,33.866,-77.9862
El Rancho,CA,36.2207,-119.0684
Fall River,KS,37.6078,-96.0286
Falling Spring,WV,37.9926,-80.3576
Proctor,TX,31.9867,-98.4304
Henderson,MD,39.075,-75.766
Daniel,WY,42.8657,-110.0766
Lake Lillian,MN,44.9458,-94.8801
Smoaks,SC,33.0895,-80.8142
Ali Molina,AZ,31.9025,-111.7804
Smithland,IA,42.2288,-95.9315
Riverton,MN,46.4584,-94.0488
Crestline,KS,37.1701,-94.7065
Wopsononock,PA,40.566,-78.4495
Woodburn,IA,41.0108,-93.5963
Banner,IL,40.5126,-89.9156
Days Creek,OR,42.9705,-123.1658
Panorama Park,IA,41.5557,-90.4538
Garvin,OK,33.9561,-94.9357
Amberg,WI,45.5062,-87.9873
Clements,MN,44.3801,-95.0548
Emerald,WI,45.0833,-92.2579
Magnolia,IA,41.6921,-95.874
Crystal Bay,NV,39.2314,-120.0019
Jeddo,PA,40.9903,-75.8958
Brookeville,MD,39.1808,-77.0591
Virginia City,MT,45.2962,-111.9369
Circleville,KS,39.5095,-95.8555
Chical,NM,34.8658,-106.6671
Clyattville,GA,30.688,-83.3154
Binford,ND,47.5604,-98.3456
Big Bow,KS,37.5609,-101.5573
Reydon,OK,35.6499,-99.9236
Carbon Hill,OH,39.5021,-82.2426
Gattman,MS,33.8848,-88.2367
Goofy Ridge,IL,40.3948,-89.9407
Summit Station,PA,40.562,-76.2013
Clark,MO,39.276,-92.3474
La Fayette,IL,41.1095,-89.9736
Stockett,MT,47.3542,-111.1697
Adair,IL,40.4183,-90.4974
Corn Creek,SD,43.5744,-101.2059
Claremont,IL,38.7176,-87.9728
Denton,NE,40.7393,-96.8461
Milwaukee,NC,36.4047,-77.2306
Spivey,KS,37.4484,-98.1658
Fairfield,UT,40.2462,-112.0842
Deer,AR,35.8238,-93.223
Federal Dam,MN,47.2411,-94.2152
Hollis,AK,55.5113,-132.7023
Hillview,IL,39.4496,-90.5386
Justice Addition,WV,37.8916,-81.9928
Cantrall,IL,39.9353,-89.6788
Willow,OK,35.0515,-99.5098
Belmont,LA,31.7182,-93.5082
Waves,NC,35.5695,-75.4666
Hillsboro,VA,39.1987,-77.7239
Round Mountain,CA,40.8006,-121.9375
Spurgeon,IN,38.2552,-87.2588
Dry Creek,AK,63.6255,-144.6364
Webb,IA,42.9497,-95.013
Morrowville,KS,39.8452,-97.1724
Wildrose,ND,48.6299,-103.1837
Worthville,KY,38.6098,-85.0681
Ulen,IN,40.0661,-86.465
Commerce,MO,37.1583,-89.4467
Oceola,OH,40.8441,-83.0947
Whitingham,VT,42.7892,-72.8834
Frenchville,PA,41.1048,-78.22
Skene,MS,33.704,-90.7974
Bobo,MS,34.1336,-90.6776
Glasgow,IL,39.5487,-90.48
Kaltag,AK,64.3223,-158.7436
Nadine,NM,32.6231,-103.1078
Braman,OK,36.9236,-97.3358
Woodland,MS,33.7797,-89.0507
Chapin,IA,42.8353,-93.222
Gilman,VT,44.4135,-71.7157
Foss,OK,35.45,-99.1707
Truesdale,IA,42.7293,-95.1835
Murtaugh,ID,42.4918,-114.1625
Blomkest,MN,44.9428,-95.0235
Canalou,MO,36.754,-89.6866
Freeburn,KY,37.5619,-82.1514
Teresita,OK,36.123,-94.9803
Happys Inn,MT,48.0638,-115.135
Jersey,GA,33.7177,-83.8
Hindsville,AR,36.1458,-93.8627
Sand Coulee,MT,47.4024,-111.1726
Grafton,NE,40.6298,-97.7146
Kamrar,IA,42.3896,-93.7278
Honor,MI,44.6666,-86.0201
Syracuse,MO,38.6695,-92.8764
Lane,IL,40.122,-88.8558
Haleburg,AL,31.4099,-85.1381
Leadore,ID,44.6802,-113.3592
Quicksburg,VA,38.6932,-78.6789
Mitchellville,TN,36.6344,-86.54
Amsterdam,MT,45.7462,-111.3301
Crook,CO,40.859,-102.8013
St. Lawrence,SD,44.5166,-98.9379
Appleton,AR,35.4185,-92.8724
Rye,CO,37.9212,-104.9322
St. George,WV,39.1662,-79.6987
Scotts,MI,42.1941,-85.4137
Ithaca,NE,41.1594,-96.5394
McClelland,IA,41.3316,-95.6814
Interlaken,UT,40.5413,-111.4749
Maquon,IL,40.798,-90.1632
Hobson,MT,46.9992,-109.8731
Fort Dodge,KS,37.7304,-99.937
White Oak,NC,34.7396,-78.7186
Atkinson Mills,PA,40.4519,-77.8052
Pottersville,NY,43.7363,-73.8211
Madison,MD,38.5163,-76.2182
Hallsboro,NC,34.3189,-78.5934
Avon,MT,46.6264,-112.582
Lena,MS,32.5939,-89.5948
Singers Glen,VA,38.55,-78.9143
Redmon,IL,39.6448,-87.8616
Freedom Acres,AZ,34.3199,-111.3051
Clearmont,MO,40.508,-95.0326
Muncie,IL,40.1161,-87.8431
Ophir,CO,37.8568,-107.8312
Colburn,IN,40.5188,-86.7122
Hustler,WI,43.8773,-90.2658
Haverhill,IA,41.9441,-92.9607
Hickory Hill,KY,38.2877,-85.5679
Republic,KS,39.9239,-97.8245
Kenton Vale,KY,39.0514,-84.5199
Yellow Bluff,AL,31.9623,-87.4773
Archer,IA,43.115,-95.7442
Barrytown,NY,42.0001,-73.9259
Osterdock,IA,42.7313,-91.1586
Monterey Park Tract,CA,37.5268,-121.0115
New Grand Chain,IL,37.2552,-89.0165
Bluewater,CA,34.176,-114.264
Taylor,NE,41.7696,-99.3814
Mellette,SD,45.1544,-98.4983
Brice,OH,39.9173,-82.8318
Garrattsville,NY,42.6524,-75.1691
Canton,IN,38.6239,-86.0347
Eareckson Station,AK,52.7213,174.111
Crestview,NM,35.4878,-108.8574
McCord Bend,MO,36.7875,-93.5034
Shevlin,MN,47.5302,-95.2595
Waterville,IA,43.2077,-91.2966
Pace,MS,33.7922,-90.8594
Crum,WV,37.9095,-82.447
Slick,OK,35.7799,-96.28
Leshara,NE,41.3298,-96.4292
Mentor,MN,47.6966,-96.144
Long Island,KS,39.9462,-99.534
Sierra Village,CA,38.0765,-120.1629
Huntington Center,VT,44.2906,-72.9672
Knox City,MO,40.1441,-92.0102
Iron Belt,WI,46.4031,-90.3194
Hanover,WI,42.6389,-89.1712
Leonore,IL,41.189,-88.9825
Morland,KS,39.3489,-100.0743
Tina,MO,39.5379,-93.4413
Wyeville,WI,44.0279,-90.3861
Fairfax,SD,43.0281,-98.889
Burkittsville,MD,39.3923,-77.6275
Springport,IN,40.0472,-85.3924
Kino Springs,AZ,31.3641,-110.8096
Blakeslee,OH,41.5243,-84.7309
Bridgewater,CT,41.5347,-73.3646
Booneville,KY,37.4702,-83.6828
Lockwood,CA,35.9412,-121.0802
Denton,MO,36.0905,-89.8915
Mier,IN,40.5748,-85.8233
Stone Creek,OH,40.3998,-81.558
Forksville,PA,41.4896,-76.6028
Mound,TX,31.3505,-97.6432
Forestville,MI,43.6599,-82.6126
Fishersburg,IN,40.072,-85.8594
Loving,TX,33.2628,-98.5156
Rulo,NE,40.0518,-95.4301
Bearden,OK,35.3569,-96.3851
Frankfort,SD,44.8777,-98.3092
Fort Yates,ND,46.0865,-100.6301
Big Arm,MT,47.7936,-114.2701
Elderon,WI,44.7843,-89.248
Laurel Mountain,PA,40.2112,-79.1851
Foley,MO,39.0457,-90.7414
North Escobares,TX,26.4325,-98.9719
Castalia,IA,43.1126,-91.677
Blue Sky,CO,40.3002,-103.8056
Hunnewell,MO,39.6679,-91.8588
Hickory,OK,34.5569,-96.8584
Marengo,WI,46.4219,-90.8081
Reightown,PA,40.6021,-78.3441
Boston,PA,40.312,-79.8237
Greenville,OK,34.0061,-97.124
Kings Valley,OR,44.6985,-123.4269
Lynndyl,UT,39.5085,-112.3933
Emhouse,TX,32.1607,-96.5772
Chester,IA,43.4916,-92.364
Lequire,OK,35.1098,-95.1065
Tacoma,VA,36.9356,-82.5323
Deep Creek,VA,37.763,-75.7552
East Burke,VT,44.5875,-71.9403
Sutherland,UT,39.3896,-112.6399
Powellsville,NC,36.2252,-76.9316
Wilton Center,IL,41.3516,-87.9565
Pleasant Plain,OH,39.2785,-84.1121
Hennepin,OK,34.5143,-97.349
Shopiere,WI,42.5722,-88.9362
Chelan Falls,WA,47.7994,-119.9882
Guthrie,TX,33.6215,-100.329
Miller City,OH,41.1036,-84.1301
Concord,IL,39.8157,-90.3705
Fortescue,NJ,39.2359,-75.1701
Oakland,AR,36.4604,-92.5718
Fairmont,OK,36.356,-97.7055
Louann,AR,33.3915,-92.7923
Ashland,LA,32.1165,-93.1172
Little River,CA,39.2702,-123.7818
Adak,AK,51.8815,-176.6295
Galisteo,NM,35.3984,-105.9571
Tilden,TX,28.46,-98.5487
Whispering Pines,AZ,34.3728,-111.2813
Geddes,SD,43.254,-98.6974
Dola,OH,40.7848,-83.6989
Rohrersville,MD,39.4348,-77.6655
Clintondale,PA,41.0199,-77.5199
Cearfoss,MD,39.699,-77.7765
Driftwood,TX,30.133,-98.0373
Forada,MN,45.7887,-95.3574
Canova,SD,43.8813,-97.504
Barnes City,IA,41.507,-92.4695
Adrian,TX,35.2741,-102.6672
Sprague,NE,40.6266,-96.7446
Antares,AZ,35.4229,-113.8083
Buffalo Gap,SD,43.4921,-103.3154
Reed,AR,33.7017,-91.4458
Solon Mills,IL,42.4423,-88.2765
Prairieburg,IA,42.2376,-91.4258
Taunton,MN,44.5942,-96.063
Luzerne,IA,41.9054,-92.1804
Cowlington,OK,35.3105,-94.7878
Reeves,LA,30.5215,-93.0428
Brooks,MN,47.8165,-96.0036
Keyes,OK,36.8076,-102.2517
Lisbon,MD,39.3361,-77.07
Kinross,IA,41.4591,-91.9873
Rochelle,TX,31.2232,-99.2066
Nilwood,IL,39.3995,-89.8077
Pyatt,AR,36.2509,-92.8443
Matlock,IA,43.2443,-95.9344
Duneland Beach,IN,41.7562,-86.8334
Bendena,KS,39.7436,-95.1811
Gough,GA,33.088,-82.2286
Encantado,NM,35.7934,-105.9111
Saddle Butte,MT,48.5235,-109.6449
Hunter,AR,35.0546,-91.1227
St. Joe,AR,36.029,-92.8078
Woodford,SC,33.6687,-81.112
Bradley,OK,34.878,-97.7088
Neosho Falls,KS,38.0058,-95.5556
Gann,OH,40.4692,-82.1913
Forest River,ND,48.2166,-97.4703
Catlett,VA,38.654,-77.637
Nardin,OK,36.8041,-97.4499
Equality,AL,32.7634,-86.106
Stanley,LA,31.9608,-93.8995
Craig,NE,41.7852,-96.3624
Pierson,MI,43.3196,-85.4975
Darling,MS,34.3591,-90.2754
Leota,MN,43.8298,-96.0218
Elkton,OR,43.6378,-123.5687
Du Bois,IL,38.2214,-89.2127
Baylis,IL,39.7294,-90.9094
Redford,TX,29.4342,-104.1824
Montrose,MS,32.1257,-89.2344
Cherokee,CA,39.6514,-121.5345
Tolna,ND,47.8257,-98.4382
Noonan,ND,48.8899,-103.0101
La Joya,NM,34.345,-106.8466
Atqasuk,AK,70.481,-157.3835
Welton,IA,41.9081,-90.5971
Melrose,IA,40.9791,-93.0508
Woods Landing-Jelm,WY,41.1014,-106.0288
Arcola,IN,41.1037,-85.2941
Cove Forge,PA,40.479,-78.1735
Pence,WI,46.4104,-90.2695
Free Soil,MI,44.1071,-86.211
Stella,NE,40.2323,-95.7736
Terlingua,TX,29.2991,-103.5796
Greenwater,WA,47.1465,-121.632
Palmer,KS,39.6333,-97.1399
Seconsett Island,MA,41.5662,-70.5123
Mill Shoals,IL,38.2495,-88.3457
Dixie,GA,30.7875,-83.668
Winchester,AR,33.7741,-91.4737
Norman,NC,35.1698,-79.7232
Dumont,MN,45.7174,-96.4231
Harding,MN,46.1191,-94.0368
Wildersville,TN,35.7766,-88.3561
Meadow Acres,WY,42.8593,-106.0953
Black Springs,AR,34.4607,-93.7123
Stendal,IN,38.2667,-87.1444
Beverly,KS,39.0138,-97.9755
Fernan Lake Village,ID,47.6726,-116.7472
Still Pond,MD,39.326,-76.0424
Muscotah,KS,39.5535,-95.5204
East Nicolaus,CA,38.91,-121.5443
Theodosia,MO,36.5807,-92.6638
Mount Croghan,SC,34.7697,-80.2264
Olancha,CA,36.2704,-118.0015
Laurel Lake,PA,41.957,-75.9183
Hypericum,CA,36.2562,-119.2169
Short,OK,35.5664,-94.4936
Coal City,IN,39.2303,-87.0458
Lexington,OR,45.4462,-119.6879
Briartown,OK,35.2974,-95.2386
Garrison,MT,46.5259,-112.8205
Gilmanton,WI,44.4738,-91.6785
Worton,MD,39.2718,-76.0933
Dekorra,WI,43.4539,-89.4603
Nash,OK,36.6649,-98.0517
Strasburg,MO,38.7598,-94.1649
Aneta,ND,47.6795,-97.9897
Borup,MN,47.1803,-96.5058
Grandin,ND,47.2367,-97.0032
Farmers,KY,38.1413,-83.5404
Lucas,IA,41.0322,-93.461
Otterville,IL,39.0508,-90.3984
Fountaintown,IN,39.6948,-85.783
Reeder,ND,46.1059,-102.9422
Blockton,IA,40.6168,-94.4779
Encino,TX,26.9364,-98.1152
Mettler,CA,35.0635,-118.9729
Marietta,IN,39.4414,-85.8839
Jerusalem,OH,39.8519,-81.096
Rowena,SD,43.5191,-96.5561
Schnellville,IN,38.3412,-86.7561
Brownville,NE,40.3977,-95.6611
Hemlock,IN,40.42,-86.0414
Lingleville,TX,32.2432,-98.3767
Mosquito Lake,AK,59.4708,-136.1452
Francestown,NH,42.9895,-71.8141
Bromide,OK,34.4183,-96.4948
Ora,IN,41.1739,-86.5531
Sombrillo,NM,35.9802,-106.0352
White Cloud,KS,39.9744,-95.2991
Portal,ND,48.9947,-102.5479
Downsville,LA,32.6264,-92.4129
Bethesda,AR,35.7892,-91.7992
Ames,NY,42.8373,-74.6015
Hoodsport,WA,47.4022,-123.1535
Chain-O-Lakes,MO,36.5341,-93.7244
Epping,ND,48.2817,-103.3579
Tryon,NE,41.5584,-100.9536
Palmersville,TN,36.4084,-88.5842
Bovill,ID,46.8585,-116.3935
Millersburg,IA,41.5733,-92.1592
Hibernia,NJ,40.9423,-74.5011
Freedom,OK,36.768,-99.1126
Brussels,IL,38.9483,-90.5887
Marydel,MD,39.113,-75.7497
Wallace,IN,39.9871,-87.1471
Sail Harbor,CT,41.5265,-73.4653
Wolverton,MN,46.563,-96.7363
Farmington,WA,47.0887,-117.0464
Porcupine,ND,46.2218,-101.0999
Clifton,OH,39.7972,-83.8257
Huslia,AK,65.7001,-156.3386
Moskowite Corner,CA,38.4464,-122.1944
Clearville,PA,39.9168,-78.3839
Springbrook,IA,42.1658,-90.4792
Uniontown,AR,35.5853,-94.4469
Deepstep,GA,33.0176,-82.9678
Webster,IA,41.4385,-92.1717
Beason,IL,40.1428,-89.1928
Urie,WY,41.3089,-110.3351
San Jon,NM,35.1113,-103.3364
Centerville,NC,36.1865,-78.1113
Sedalia,KY,36.6437,-88.6049
Leeper,PA,41.3704,-79.3056
Eagle Creek,PA,40.8989,-77.8935
Kickapoo Tribal Center,KS,39.6722,-95.6453
Hamburg,IL,39.2328,-90.7152
Crowheart,WY,43.3398,-109.2298
Walnut Hill,IL,38.4777,-89.0447
East Columbia,TX,29.1396,-95.6143
Franklin,IA,40.6668,-91.5118
East Charlotte,VT,44.3184,-73.1909
Slickville,PA,40.4622,-79.5184
Curlew,WA,48.8777,-118.6046
Elk Falls,KS,37.3733,-96.1934
Omar,WV,37.7583,-81.9974
Caney City,TX,32.2096,-96.0381
Logan,MT,45.8843,-111.4236
Hills and Dales,KY,38.3005,-85.6249
Sharon,OK,36.2755,-99.3381
Wheeling,MO,39.7862,-93.386
Ferris,IL,40.4695,-91.1683
Miller,NE,40.9276,-99.3901
Galloway,WV,39.2339,-80.1277
Copper Harbor,MI,47.47,-87.8767
Ludlow,MO,39.6541,-93.7025
Goree,TX,33.468,-99.5236
Kline,SC,33.1252,-81.3426
Fenwood,WI,44.8658,-90.0146
Alvordton,OH,41.6646,-84.4347
Swanton,NE,40.3795,-97.0799
McFall,MO,40.1116,-94.2223
Ryder,ND,47.9211,-101.6694
Hettick,IL,39.3557,-90.0372
Palisade,MN,46.7125,-93.4894
Rockingham,GA,31.5441,-82.4145
Volin,SD,42.9586,-97.1812
Drowning Creek,OK,36.4778,-94.8942
Louisburg,MO,37.7564,-93.141
Mount Vision,NY,42.583,-75.0518
Wheeler,IN,41.5105,-87.1712
Hustontown,PA,40.049,-78.0269
Ekron,KY,37.9303,-86.1764
Cairo,WV,39.2068,-81.1543
South Salem,OH,39.3372,-83.3067
Garland,WY,44.7777,-108.6542
Dargan,MD,39.3766,-77.7341
Crown,PA,41.3916,-79.2634
Rainsburg,PA,39.8956,-78.5174
Casa,AR,35.0253,-93.0448
Dickens,IA,43.1338,-95.0222
Blooming Grove,IN,39.5023,-85.0647
Sedgewickville,MO,37.5146,-89.9061
Ingalls,OK,36.1047,-96.8708
Fraser,IA,42.1242,-93.9699
Hickory Valley,TN,35.155,-89.126
Echo,UT,40.9803,-111.4393
East Fairview,ND,47.8554,-104.0375
St. Johns,IL,38.0333,-89.24
Lavina,MT,46.295,-108.9388
Bennett Springs,MO,37.7255,-92.8534
Danvers,MN,45.2814,-95.7559
De Smet,ID,47.141,-116.9113
Callensburg,PA,41.1258,-79.5577
Fort Klamath,OR,42.7048,-121.9943
Mitchell,IA,43.3202,-92.871
Strathmere,NJ,39.1944,-74.6618
Colon,NE,41.2981,-96.6069
New Cambria,MO,39.7765,-92.7515
Tullahassee,OK,35.8406,-95.4383
Boykin,SC,34.1198,-80.5886
Kennan,WI,45.5301,-90.5868
Port Wing,WI,46.7757,-91.3807
Cambridge,KY,38.2218,-85.6171
Middletown Springs,VT,43.4865,-73.1232
Red Hill,PA,40.5296,-78.4356
Mount Erie,IL,38.5146,-88.2325
Elk River,ID,46.7828,-116.181
St. Martin,OH,39.2117,-83.8844
Lexa,AR,34.5983,-90.7519
Squaw Lake,MN,47.6276,-94.1381
Kettle River,MN,46.4862,-92.8776
Donnellson,IL,39.0306,-89.4757
Seba Dalkai,AZ,35.4816,-110.4562
Westfield,IA,42.7562,-96.6054
New Rockport Colony,MT,47.8598,-112.0349
North Washington,IA,43.1171,-92.4151
Sidon,MS,33.4079,-90.2081
Dexter,KY,36.7397,-88.2956
Pulpotio Bareas,NM,32.2179,-107.7728
Metaline,WA,48.8533,-117.3893
Tygh Valley,OR,45.2417,-121.1693
Elsie,NE,40.8472,-101.3893
Roy,MT,47.3343,-108.96
Casas Adobes,NM,32.8095,-107.9391
Johnson Prairie,OK,36.0791,-94.9759
Minidoka,ID,42.754,-113.49
Corunna,IN,41.4359,-85.144
Ginger Blue,MO,36.5899,-94.4596
Big Bend,CA,41.0108,-121.924
Griffin,IN,38.2043,-87.915
Glencoe,LA,29.8111,-91.6703
Bern,KS,39.9612,-95.9713
Luray,TN,35.6017,-88.5703
High Forest,MN,43.8462,-92.548
Aullville,MO,39.0175,-93.6779
Clemons,IA,42.1139,-93.1587
Commiskey,IN,38.8595,-85.6455
Marne,IA,41.4489,-95.1109
Tennessee,IL,40.4114,-90.8363
Bogota,TN,36.162,-89.439
Superior,IA,43.4336,-94.9467
Bloomingville,OH,41.3554,-82.7299
Cliff,NM,32.966,-108.6176
Hazel,SD,44.7582,-97.381
Bonanza Mountain Estates,CO,39.9768,-105.4798
Pecktonville,MD,39.666,-78.0482
Bear Lake,PA,41.9934,-79.5014
Sunol,NE,41.1539,-102.763
Taylor,WY,42.0692,-110.9865
Gildford,MT,48.5738,-110.3072
Holters Crossing,PA,40.9721,-77.7242
Ragsdale,IN,38.7467,-87.3241
Floyd,NM,34.2288,-103.5526
Judith Gap,MT,46.6791,-109.7533
Old Shawneetown,IL,37.6971,-88.1387
Old Mill Creek,IL,42.4321,-87.9786
Elfrida,AZ,31.6783,-109.6876
Hawleyville,CT,41.4288,-73.3506
Rexford,MT,48.8998,-115.1714
Walthall,MS,33.6069,-89.2787
Flintstone,MD,39.7035,-78.5756
Chimney Rock Village,NC,35.4503,-82.255
Browndell,TX,31.1254,-93.9802
Seven Oaks,TX,30.8518,-94.8578
Church Creek,MD,38.5036,-76.1531
Van Wert,IA,40.8709,-93.792
Foxhome,MN,46.2769,-96.3122
Crary,ND,48.0716,-98.6385
Dupuyer,MT,48.1868,-112.4771
Calumet,IA,42.945,-95.5514
Garden City,TX,31.8673,-101.4863
Merrifield,MN,46.4673,-94.1746
La Chuparosa,TX,26.4037,-98.9268
Conkling Park,ID,47.3998,-116.7704
New Salem,IL,39.7076,-90.8479
St. Donatus,IA,42.3624,-90.5422
Midland,IN,39.122,-87.1917
Potlicker Flats,PA,40.7269,-77.6077
Bridgewater,IA,41.2471,-94.6689
Inman,NE,42.3819,-98.5298
New Cambria,KS,38.879,-97.5066
Old Fort,OH,41.2419,-83.1514
Franks Field,WI,46.5522,-90.5989
Mount Hebron,CA,41.7857,-122.008
Morea,PA,40.7892,-76.1729
Vicksburg,PA,40.3698,-78.4158
Kanawha,WV,39.2017,-81.4592
St. Mary's,CO,39.8163,-105.6479
Harper,IA,41.3637,-92.0509
Meriden,IA,42.7946,-95.6341
Trego,WI,45.9048,-91.8287
Lester,AL,34.9871,-87.1513
Odin,MN,43.8673,-94.7428
Ramah,CO,39.1222,-104.1673
Luther,IA,41.9669,-93.8176
Tracy,MT,47.4102,-111.1537
Dante,SD,43.0399,-98.1856
Madisonburg,PA,40.9268,-77.5185
Rutland,IA,42.7614,-94.2952
Lonepine,MT,47.6945,-114.6407
Marietta,NC,34.3683,-79.1249
Eagle Harbor,MI,47.4542,-88.1569
Niotaze,KS,37.0678,-96.0147
Alba,PA,41.7059,-76.8277
Gu-Win,AL,33.9443,-87.8705
Hillsboro,MD,38.917,-75.9416
Skelp,PA,40.6184,-78.2618
Grantville,KS,39.0806,-95.5611
Virgilina,VA,36.5463,-78.7755
Cherokee Pass,MO,37.4873,-90.296
Ridott,IL,42.2967,-89.4771
Vernonburg,GA,31.9637,-81.1259
Porter,WA,46.9489,-123.2736
Mertens,TX,32.0588,-96.8937
Evergreen,TX,26.4247,-99.024
Jacksonville,GA,31.8125,-82.979
Amenia,ND,47.0065,-97.2241
Dixie,WA,46.1399,-118.1521
LaPlace,IL,39.7976,-88.7146
Fernwood,ID,47.1151,-116.3864
Isabella,OK,36.2354,-98.3354
Princeton,NE,40.576,-96.706
Glenville,NC,35.1718,-83.1273
Copper Hill,AZ,33.4379,-110.7516
Pump Back,OK,36.2707,-95.1178
Spottsville,KY,37.8564,-87.4167
Pleasant Mills,IN,40.7778,-84.8422
Higden,AR,35.5667,-92.2049
Elk Creek,NE,40.2883,-96.1269
Abbs Valley,VA,37.2395,-81.4616
Adamsburg,PA,40.3124,-79.6543
Sharon,KS,37.2498,-98.4177
Tillar,AR,33.7109,-91.4517
Denton,KS,39.732,-95.2696
Alvo,NE,40.8723,-96.3865
Oklaunion,TX,34.1294,-99.1443
Willow Branch,IN,39.8762,-85.6844
Boys Ranch,TX,35.5332,-102.2537
Captiva,FL,26.5205,-82.191
Van,WV,37.9712,-81.7138
Crossnore,NC,36.0222,-81.9308
Nunez,GA,32.4919,-82.3467
Milledgeville,OH,39.5932,-83.5878
St. Leo,MN,44.7173,-96.0526
Garber,IA,42.7444,-91.2621
Etowah,OK,35.129,-97.1641
Popejoy,IA,42.5938,-93.4278
Chugcreek,WY,42.0535,-104.9079
Radom,IL,38.2798,-89.1922
Iglesia Antigua,TX,26.0748,-97.8342
Bramwell,WV,37.327,-81.313
Thorp,WA,47.0656,-120.6709
Ridgely,MO,39.4536,-94.6403
Geeseytown,PA,40.4516,-78.3439
Alsea,OR,44.3815,-123.5958
Mount Moriah,MO,40.3293,-93.7971
Cassoday,KS,38.0386,-96.6386
Iola,PA,41.1319,-76.5305
Leopold,IN,38.1039,-86.5833
Keats,KS,39.2217,-96.7109
Bodcaw,AR,33.5607,-93.4013
Petersburg,ND,48.0132,-98.0004
Pajarito Mesa,NM,34.9855,-106.7817
Conroy,IA,41.7266,-91.9985
Kansas,AL,33.9029,-87.5568
Liberty,KS,37.1564,-95.5977
Little City,OK,34.084,-96.616
Sycamore,SC,33.0362,-81.2223
Levasy,MO,39.1363,-94.1307
Armstrong,OK,34.0528,-96.3448
Meta,MO,38.3122,-92.1656
Penton,AL,33.009,-85.4722
Ridgeville,AL,34.0569,-86.1029
Moscow,OH,38.8601,-84.2281
Rowena,OR,45.6701,-121.2749
Sturgis,MS,33.3452,-89.0458
New Baltimore,PA,39.9835,-78.7723
Proctorville,NC,34.4752,-79.0371
Raub,IN,40.7294,-87.4897
Slayden,TN,36.2913,-87.4656
Renfrew,PA,40.8067,-79.9648
Nanticoke Acres,MD,38.2578,-75.9059
Foster,IN,40.1416,-87.4687
Coesse,IN,41.1278,-85.3953
Chaparrito,TX,26.3408,-98.7354
Ralston,WY,44.7085,-108.8823
Petersville,IN,39.2245,-85.82
Fredericksburg,PA,40.3103,-78.2862
Bayfront,WI,46.6235,-90.7898
Greenvale,TN,36.0055,-86.2012
Pitkin,CO,38.6089,-106.5144
Lone Rock,IA,43.2209,-94.3253
Lamar Heights,MO,37.4937,-94.2955
Palmetto,LA,30.7177,-91.9082
Wawona,CA,37.5447,-119.6387
Stockton,IA,41.5908,-90.8565
Rocky Point,MT,47.7323,-114.1855
Woodbine,KS,38.7956,-96.9594
Mace,IN,40.0103,-86.7964
Amsterdam,MO,38.3493,-94.589
Banks,AR,33.5758,-92.2671
Coburn,PA,40.8653,-77.4634
Sandy Point,TX,29.4013,-95.4816
Preston,KS,37.7584,-98.5578
Center Sandwich,NH,43.8085,-71.4394
Brayton,IA,41.5447,-94.9302
Jamestown,LA,32.3397,-93.2065
East Alliance,OH,40.9092,-81.0742
East Waterford,PA,40.3711,-77.6048
Promised Land,SC,34.1276,-82.2307
Donald,WA,46.4765,-120.3975
Grand Marsh,WI,43.8852,-89.7072
Wimbledon,ND,47.1691,-98.4587
Wallula,WA,46.0847,-118.9056
Rabbit Hash,KY,38.924,-84.8502
Needmore,PA,39.8474,-78.1432
Whitehorse,SD,45.2746,-100.9012
Smeltertown,CO,38.5524,-106.0085
Middlebury,IN,39.2649,-87.1193
Spencer,SD,43.7273,-97.5911
Pittsburg,OK,34.7116,-95.8502
Lowes,KY,36.8828,-88.7706
Delaware,IA,42.4718,-91.3391
Morrison Crossroads,AL,33.4198,-85.4903
Climax Springs,MO,38.1004,-93.0528
Alton,KS,39.4678,-98.9486
Elizabeth,IN,38.1241,-85.9737
Kopperl,TX,32.07,-97.4991
Scotia,SC,32.6805,-81.2433
Fresno,OH,40.3308,-81.7386
Sarahsville,OH,39.8075,-81.4693
Raymond,KS,38.278,-98.4143
East Peru,IA,41.227,-93.9295
Willow City,ND,48.6047,-100.2933
Willow Creek,AK,61.8336,-145.1836
Milton Mills,NH,43.5037,-70.9654
Monroe,OK,34.9937,-94.5156
Parc,NY,44.6639,-73.453
Roderfield,WV,37.4501,-81.7029
Peever,SD,45.5422,-96.956
West Point,AR,35.2034,-91.61
Pleasantville,IN,38.967,-87.2503
Littlefield,AZ,36.8659,-113.936
South Amana,IA,41.7703,-91.96
Rock Creek Park,CO,38.7011,-104.8347
Southern Ute,CO,37.0749,-107.5933
Ritchie,IL,41.2557,-88.1158
Kobuk,AK,66.931,-156.8939
Whitten,IA,42.2626,-93.0092
Payneway,AR,35.5457,-90.5123
Mendota,VA,36.7102,-82.3048
Rockville,SC,32.6024,-80.1935
Orlando,OK,36.1355,-97.3654
Port Graham,AK,59.34,-151.8464
Rock Falls,IA,43.2071,-93.087
Burbank,OK,36.6964,-96.7293
Paden,MS,34.6603,-88.2606
Primrose,AK,60.3497,-149.3199
Top-of-the-World,AZ,33.3477,-110.9997
Gem,KS,39.426,-100.8973
Centralia,IA,42.4723,-90.8362
Morrison,IA,42.343,-92.6733
Burchard,NE,40.1493,-96.3488
Wheatcroft,KY,37.4893,-87.8613
Swaledale,IA,42.9765,-93.3155
Allen,MD,38.2894,-75.6904
Clarks Hill,SC,33.6582,-82.166
Center Junction,IA,42.1142,-91.0904
Hammond,MN,44.2226,-92.3743
Stark City,MO,36.8629,-94.1863
Sweetwater,OK,35.4222,-99.9116
Enterprise,OK,35.2248,-95.3768
South Greenfield,MO,37.3761,-93.841
Page,NE,42.4,-98.4177
McFarlan,NC,34.8148,-79.9766
Gay,GA,33.0937,-84.5755
Davey,NE,40.9838,-96.6692
New Castle,VA,37.5013,-80.1119
Rocky Boy's Agency,MT,48.259,-109.7648
Cedar Crest,PA,40.3966,-77.8858
Kenel,SD,45.8545,-100.4592
Robeline,LA,31.6898,-93.3039
Snowville,VA,37.026,-80.5739
Orrtanna,PA,39.8459,-77.3594
Sedan,MT,45.9653,-110.8888
Utopia,TX,29.6188,-99.5153
Martell,NE,40.6389,-96.7589
Washington,CA,39.3591,-120.7905
Daisy,AR,34.2349,-93.7405
Burnett,IN,39.5428,-87.2956
Osnabrock,ND,48.67,-98.1488
Olney,MT,48.5489,-114.5721
Halfway,MO,37.6189,-93.2387
Viola,TN,35.5387,-85.8604
St. Augustine,IL,40.7213,-90.4069
Pheba,MS,33.5835,-88.9494
Ali Chuk,AZ,31.8169,-112.5584
Arcadia,MI,44.4927,-86.2362
Dover,MO,39.1942,-93.6896
Nachusa,IL,41.8339,-89.3858
Green Spring,WV,39.5242,-78.6301
Radley,KS,37.4851,-94.7617
Mina,NV,38.3898,-118.1115
Bly,OR,42.3916,-121.0435
Brook Park,MN,45.9484,-93.0728
Soldier,IA,41.9844,-95.7805
Loma Vista,TX,26.4169,-98.9814
Arcadia,OK,35.6655,-97.3255
East Salem,PA,40.6087,-77.237
Turin,IA,42.0208,-95.9662
Eva,TN,36.0687,-88.0081
Kingston,AR,36.0518,-93.515
Norwood,MI,45.2239,-85.3791
Deering,ND,48.3959,-101.0499
Melvin,TX,31.1993,-99.5809
Ormsby,MN,43.8503,-94.6986
Haysville,PA,40.5268,-80.1561
Rock,KS,37.4417,-97.007
Chatham,MI,46.3441,-86.9313
Woodward,PA,40.8997,-77.3472
Mount Laguna,CA,32.8711,-116.4247
Lake Arrowhead,MO,39.4837,-94.3166
Woody Creek,CO,39.2708,-106.8883
East Oolitic,IN,38.8989,-86.5119
Oasis,NM,32.9277,-107.3164
Chittenden,VT,43.7039,-72.9494
Naponee,NE,40.0747,-99.1386
Little Sioux,IA,41.8082,-96.0272
Jameson,MO,40.006,-93.9878
Mapleview,MN,43.6901,-92.974
Magness,AR,35.7031,-91.4822
Salineno,TX,26.5176,-99.112
Tony,WI,45.4804,-90.9971
Mockingbird Valley,KY,38.2701,-85.6815
Miamiville,OH,39.2123,-84.3001
Eagle Rock,VA,37.6423,-79.7919
Libertyville,AL,31.2428,-86.46
Addy,WA,48.3588,-117.8372
Conde,SD,45.1573,-98.0955
Mainville,PA,40.9797,-76.3706
Brandonville,WV,39.6671,-79.6277
La Coma Heights,TX,26.4394,-98.0747
Ball Club,MN,47.3311,-93.946
Central City,SD,44.3685,-103.7706
Bridgeport,OK,35.5476,-98.3775
Dover,IL,41.434,-89.3961
Garden,UT,41.8866,-111.4326
Edgewater Park,OK,34.8247,-98.3752
Greenbush,WI,43.7778,-88.0907
La Junta Gardens,CO,38.0014,-103.5549
Mays,IN,39.7437,-85.43
Stone City,IA,42.11,-91.3543
Bradgate,IA,42.803,-94.4201
Grovertown,IN,41.375,-86.5047
Cantwell,AK,63.379,-148.8158
Novice,TX,31.9872,-99.6253
La Escondida,TX,26.3807,-98.8737
Bassett,AR,35.5356,-90.1294
Boynton,OK,35.6495,-95.6535
Floris,IA,40.8645,-92.3326
Adams,IL,39.8708,-91.1998
Martha,OK,34.7262,-99.3867
Medill,MO,40.4299,-91.7742
Fulton,KS,38.0098,-94.7197
Grier City,PA,40.8268,-76.058
Wright,MN,46.6725,-93.0069
Imlay,NV,40.6581,-118.1441
McLeod,ND,46.3887,-97.2987
Beaver Marsh,OR,43.1364,-121.8042
Hastings,IA,41.0252,-95.4947
Loop,TX,32.9142,-102.4147
Humphreys,MO,40.1252,-93.3196
Mead Ranch,AZ,34.346,-111.143
Folsomville,IN,38.1292,-87.1642
Cunard,WV,37.9994,-81.0402
Malmo,NE,41.2664,-96.7209
Rohrsburg,PA,41.1325,-76.4231
Green,KS,39.4301,-96.9999
McGregor,ND,48.5957,-102.9281
Fruitdale,SD,44.6692,-103.6955
Adrian,WV,38.9069,-80.2729
Saltillo,IN,38.6662,-86.2975
Peyton,CO,39.033,-104.4904
Columbus,KY,36.7596,-89.102
Searsboro,IA,41.5791,-92.7041
Hunt,NY,42.5477,-77.991
Gaylesville,AL,34.2665,-85.5603
Niles,KS,38.9688,-97.4574
Bledsoe,TX,33.6182,-103.0181
Viking,MN,48.2182,-96.4068
Andover,IA,41.9801,-90.2528
Orrville,AL,32.3068,-87.2454
McCracken,KS,38.5821,-99.5684
Sheakleyville,PA,41.4438,-80.2067
Bennington,ID,42.3827,-111.3228
Teterboro,NJ,40.858,-74.0594
Allenville,IL,39.5583,-88.5387
Crystal Mountain,MI,44.5216,-86.0032
Geneva,PA,41.562,-80.2261
Savonburg,KS,37.7489,-95.1428
Grand View,WI,46.368,-91.1036
Hartsburg,MO,38.6974,-92.3068
Alfarata,PA,40.6618,-77.456
Wamic,OR,45.2256,-121.2927
Foundryville,PA,41.0775,-76.2355
Raglesville,IN,38.8022,-86.9622
Bessemer Bend,WY,42.7561,-106.5176
Seneca,OR,44.1352,-118.9763
Alto,WI,43.6728,-88.7949
Helenville,WI,43.0165,-88.6999
Sanborn,ND,46.9428,-98.2238
Cornish,OK,34.1636,-97.5964
Bull Hollow,OK,36.3046,-94.9008
St. Helena,NE,42.8106,-97.2489
Miesville,MN,44.599,-92.8196
Utica,KS,38.6427,-100.1698
Walterhill,TN,35.9573,-86.3679
Glenham,SD,45.533,-100.2711
Hatch,UT,37.6493,-112.4348
Wainwright,OK,35.6134,-95.566
Kingston,NV,39.2101,-117.0679
Brave,PA,39.7265,-80.2593
Summerville,OR,45.4897,-118.004
Falkland,NC,35.6986,-77.5129
Danville,GA,32.606,-83.246
Brooktree Park,ND,47.0039,-96.8958
Big Creek,MS,33.8464,-89.4159
Eyers Grove,PA,41.0935,-76.5189
Loretto,NE,41.7634,-98.0816
Hiouchi,CA,41.7936,-124.0662
Sawyer,KS,37.4985,-98.683
Stevinson,CA,37.3247,-120.8497
Catalpa Canyon,NM,35.4942,-108.7206
Bear Lake,IN,41.3241,-85.5151
Odanah,WI,46.5999,-90.6878
La Russell,MO,37.1402,-94.061
Packwood,WA,46.6085,-121.6703
Broadwater,NE,41.598,-102.8525
Hepler,KS,37.6637,-94.9697
Jericho,AR,35.2876,-90.2305
Buchanan,TN,36.434,-88.2027
Pamplin City,VA,37.2642,-78.682
Upland,NE,40.3195,-98.9023
Cullison,KS,37.6303,-98.9054
Trilla,IL,39.3752,-88.3507
Faucett,MO,39.6005,-94.7976
Newberry,IN,38.9238,-87.0193
Thurston,NE,42.1747,-96.7016
Panola,OK,34.9273,-95.2099
Sheldon,ND,46.5886,-97.4944
Ulmer,SC,33.0987,-81.208
Judyville,IN,40.3584,-87.3969
Rubicon,WI,43.3371,-88.4525
Mainesburg,PA,41.784,-76.9983
Norcross,MN,45.8687,-96.1964
Maysville,AR,36.402,-94.5889
Makena,HI,20.631,-156.4252
Todd Mission,TX,30.2613,-95.8298
Springhill,MT,45.8788,-111.0773
Carter,MT,47.7812,-110.94
Linden,NC,35.2546,-78.7484
Sweet Water Village,AZ,33.1274,-111.8424
Harrison City,PA,40.3547,-79.6502
Akhiok,AK,56.945,-154.215
Springlake,TX,34.2317,-102.3057
Ohiowa,NE,40.4136,-97.4524
Naper,NE,42.9642,-99.097
Atlanta,NE,40.3684,-99.4732
Rhodell,WV,37.6094,-81.3049
Greigsville,NY,42.8307,-77.9015
Helenwood,TN,36.4227,-84.5429
Pilot Mound,IA,42.1593,-94.0183
Preble,IN,40.8323,-85.0147
Westview Circle,WY,42.0605,-105.0715
Sims,IN,40.5006,-85.854
Wisdom,MT,45.6114,-113.447
Portland,CO,38.0892,-107.6952
Beaman,IA,42.2203,-92.8221
Lybrook,NM,36.229,-107.5549
Bark Ranch,CO,40.1156,-105.4417
Delco,NC,34.3188,-78.2267
Raymond City,WV,38.4838,-81.8195
Cordova,NE,40.7164,-97.3516
Odessa,NE,40.6991,-99.2544
Earlton,KS,37.5873,-95.4696
Williams,SC,33.0341,-80.8428
McKittrick,MO,38.7387,-91.4443
Ayr,NE,40.4377,-98.4409
Glendora,MS,33.8275,-90.2926
Greenland,MI,46.7803,-89.0954
San Cristobal,NM,36.6101,-105.6319
Lake Santeetlah,NC,35.3636,-83.8664
Solway,MN,47.5211,-95.1303
Cool,TX,32.8001,-98.0113
Norris,SD,43.4721,-101.1928
Hedrick,IN,40.3031,-87.4924
Republican City,NE,40.0987,-99.2223
Friendly,WV,39.5137,-81.0618
Kilgore,NE,42.9391,-100.9573
Eagles Mere,PA,41.4102,-76.5832
Brock,NE,40.4804,-95.9601
Westboro,MO,40.535,-95.3211
Grasston,MN,45.7958,-93.1526
Pawleys Island,SC,33.4269,-79.1246
Kingston,NM,32.9173,-107.7097
Airport Heights,TX,26.4087,-98.8367
Harman,WV,38.9211,-79.5245
Phillips,OK,34.5043,-96.2232
Wallowa Lake,OR,45.3041,-117.2117
Bon Air,AL,33.2621,-86.3319
Hyner,PA,41.3317,-77.6442
Bath,SD,45.4692,-98.3236
Larrabee,IA,42.8616,-95.5446
Rockdale Acres,PA,41.767,-79.9237
Plevna,KS,37.9717,-98.3095
Lamy,NM,35.4854,-105.8863
Mill Spring,MO,37.0651,-90.6779
Memphis,NE,41.0946,-96.4332
Mount Briar,MD,39.4426,-77.6873
Munjor,KS,38.8089,-99.2674
Bloomingdale,OH,40.3424,-80.8175
Smithfield,NE,40.5733,-99.7409
Renick,MO,39.3469,-92.4152
Tingley,IA,40.8527,-94.1958
Hillsdale,KS,38.6597,-94.8569
Big Lagoon,CA,41.1593,-124.1301
Bronaugh,MO,37.694,-94.4683
Lynxville,WI,43.2493,-91.0464
Rockbridge,IL,39.2693,-90.2065
Acorn,AR,34.6379,-94.2025
Amoret,MO,38.2549,-94.5873
Nessen City,MI,44.5202,-85.8729
Moorefield,AR,35.7672,-91.5708
Argyle,MO,38.2953,-92.0255
Mineola,IA,41.1414,-95.6947
Mount Eagle,PA,40.9799,-77.7058
Sardinia,IN,39.1539,-85.6311
Kettlersville,OH,40.4389,-84.2598
Lawrence Creek,OK,36.0838,-96.4267
Strayhorn,MS,34.6159,-90.1525
Detmold,MD,39.5574,-78.9912
Theba,AZ,32.9181,-112.8903
Longfellow,PA,40.5062,-77.6665
Samak,UT,40.6389,-111.2413
Los Cerrillos,NM,35.4272,-106.1212
Percival,IA,40.7513,-95.8133
Pine River,WI,44.1483,-89.0756
East Sharpsburg,PA,40.3346,-78.3721
Belden,NE,42.4116,-97.2077
Burr Oak,KS,39.87,-98.3055
Spofford,TX,29.1733,-100.4112
Ten Broeck,KY,38.2976,-85.5807
Ericson,NE,41.7803,-98.6785
Glencoe,OH,40.0106,-80.8815
Cogswell,ND,46.107,-97.7842
Wrigley,TN,35.8997,-87.3536
Old Agency,MT,47.3226,-114.2987
Nelson,IL,41.7963,-89.6032
Vandiver,MO,39.1621,-91.8473
Comptche,CA,39.2652,-123.5898
Shambaugh,IA,40.6575,-95.0352
Ledyard,IA,43.4192,-94.1593
Rantoul,KS,38.5483,-95.1011
Broughton,OH,41.088,-84.5349
Verona,ND,46.3626,-98.0771
The Plains,VA,38.8621,-77.7743
Palmer,IA,42.6301,-94.5985
Hartland,IL,42.3631,-88.5086
Choptank,MD,38.6822,-75.9494
Gordon,WI,46.2409,-91.7995
Angostura,SD,43.3192,-103.386
Owl Ranch,TX,27.8927,-98.0934
Goodnews Bay,AK,59.1271,-161.5753
Indian Village,IN,41.7142,-86.2322
Round Top,TX,30.0639,-96.6957
Willey,IA,41.9788,-94.8224
Barnett,MO,38.3775,-92.6746
Shannon City,IA,40.899,-94.2639
Coats,KS,37.5108,-98.8253
Onton,KY,37.5578,-87.437
Salesville,OH,39.9742,-81.3365
Gilliam,LA,32.8282,-93.8418
Tanquecitos South Acres II,TX,27.487,-99.3882
Poplar Grove,AR,34.5522,-90.8542
Lake Gogebic,MI,46.5719,-89.6212
Lawtonka Acres,OK,34.7789,-98.5305
Belmar,NE,41.3055,-101.9347
Ensign,KS,37.6531,-100.2329
Sanford,TX,35.7026,-101.5319
Cottonwood,OK,34.554,-96.2038
Mooresville,MO,39.7467,-93.721
Lankin,ND,48.3147,-97.9203
Pick City,ND,47.511,-101.4574
Winstonville,MS,33.9123,-90.7528
Mountain Meadows,CA,35.0956,-118.4335
Covington,MI,46.5388,-88.5522
Stewart,MS,33.4522,-89.4381
Rumsey,CA,38.8902,-122.2404
Symerton,IL,41.3256,-88.053
Waynesville,IN,39.1151,-85.8917
Kaibab,AZ,36.8815,-112.7237
Trommald,MN,46.5058,-94.0154
Reed Point,MT,45.7071,-109.5471
Mabie,CA,39.7771,-120.5447
Nelson,MN,45.8865,-95.2649
Lisbon,FL,28.8824,-81.7812
Nicasio,CA,38.0606,-122.7008
Portlandville,NY,42.5294,-74.9674
Skykomish,WA,47.7104,-121.3584
Monmouth,IA,42.0751,-90.8822
Benton City,MO,39.1346,-91.7648
Water Valley,KY,36.5687,-88.8101
Fort Ransom,ND,46.5244,-97.931
Stockholm,SD,45.1018,-96.7998
Belvidere,SD,43.8321,-101.2711
Rayle,GA,33.7902,-82.9031
Millfield,OH,39.434,-82.0949
Sabinsville,PA,41.8678,-77.5253
De Soto,MS,31.9699,-88.7205
Maunie,IL,38.0355,-88.0456
Dorothy,WV,37.9559,-81.4503
Narcissa,OK,36.801,-94.9279
St. Marys,IA,41.3077,-93.7337
Vowinckel,PA,41.4108,-79.2286
Beurys Lake,PA,40.7194,-76.3795
Darfur,MN,44.0535,-94.8378
Turner Colony,MT,48.7631,-108.4302
Kimmswick,MO,38.3655,-90.3645
Newtown,MO,40.3762,-93.3336
Lastrup,MN,46.0398,-94.0621
Chimney Point,CT,41.5025,-73.4414
Monomoscoy Island,MA,41.5712,-70.5026
Fort Fetter,PA,40.4301,-78.4044
Rozel,KS,38.1954,-99.4032
Mount Union,IA,41.0576,-91.3914
Conasauga,TN,35.0052,-84.7276
Slabtown,PA,40.9051,-76.4059
Ratcliff,AR,35.3066,-93.8887
Birch Creek Colony,MT,48.2465,-112.4698
Macksburg,OH,39.6314,-81.4562
Pollard,AL,31.0235,-87.1736
Smithfield,WV,39.501,-80.5549
Rangerville,TX,26.105,-97.7373
Brooks Mill,PA,40.3737,-78.4236
Oak Hills,IA,40.7586,-91.1463
Meadowbrook Farm,KY,38.2783,-85.5748
Coates,MN,44.7151,-93.0321
Olivet,KS,38.4813,-95.7519
Silver City,NV,39.2639,-119.6357
Croweburg,KS,37.5529,-94.6686
Nathrop,CO,38.7486,-106.0764
Ocean City,WA,47.0763,-124.1619
North San Juan,CA,39.3719,-121.106
Marley,IL,41.5482,-87.926
Little Sturgeon,WI,44.8422,-87.5744
Randlett,UT,40.2267,-109.8308
Table Rock,PA,39.9097,-77.2197
Hard Rock,AZ,36.0309,-110.5048
Holiday Woods,IN,41.6232,-85.0716
Cates,IN,39.9967,-87.3378
Cresbard,SD,45.1692,-98.9477
Linwood,NE,41.4123,-96.9323
Marietta,IL,40.4995,-90.3931
Rollins,MT,47.9106,-114.1948
Esmond,ND,48.033,-99.7647
Otisco,IN,38.5423,-85.6672
Sereno del Mar,CA,38.3836,-123.0733
Shiloh,TN,35.1104,-88.3638
Rosendale,MO,40.0408,-94.8233
North Buena Vista,IA,42.6778,-90.958
Fort Green,FL,27.6255,-81.9397
Concord,AR,35.6623,-91.8507
Alden,KS,38.2444,-98.3118
New Centerville,PA,39.9422,-79.1916
Woody,CA,35.7081,-118.8145
Lynnville,IL,39.6858,-90.3459
Shongaloo,LA,32.9416,-93.2955
Cowan,IN,40.1059,-85.3886
Yatesboro,PA,40.8001,-79.3342
Kiskimere,PA,40.6177,-79.5841
Wintersburg,AZ,33.4187,-112.8666
Beulah Beach,OH,41.3918,-82.4428
Pike,CA,39.4278,-120.9997
Camp Nelson,CA,36.142,-118.6108
Urbana,IN,40.8984,-85.7928
Sussex,VA,36.9173,-77.2719
Garfield,KS,38.077,-99.2445
Oxbow,NY,44.2893,-75.6262
Roscoe,MO,37.9774,-93.8138
Movico,AL,31.0628,-88.0266
Manderson,WY,44.2698,-107.964
Papineau,IL,40.9678,-87.7163
Alpha,MN,43.6377,-94.8712
Hastings,OK,34.2243,-98.1088
Luray,MO,40.4524,-91.8841
Tucker,AR,34.4395,-91.9519
Opheim,MT,48.8571,-106.4084
Bunker Hill,KS,38.8753,-98.6989
Sycamore,KY,38.2468,-85.5612
Otter Lake,NY,43.5942,-75.1159
Herbster,WI,46.8422,-91.2419
Borrego Pass,NM,35.5664,-108.0165
Aleknagik,AK,59.2946,-158.6896
Felt,OK,36.5633,-102.795
Weldon,AR,35.4479,-91.2315
Burlington,WV,39.337,-78.9223
Crows Nest,IN,39.8566,-86.1691
Hutchinson,NJ,40.78,-75.1204
Igo,CA,40.4992,-122.5458
Pumpkin Hollow,OK,36.0008,-94.837
Cory,IN,39.3823,-87.2058
Larsen Bay,AK,57.5404,-154.0056
Pataha,WA,46.4727,-117.5445
Pisek,ND,48.3107,-97.7104
West Peavine,OK,35.9133,-94.6481
Springtown,AR,36.2606,-94.4239
Sunburg,MN,45.3476,-95.24
Pella,WI,44.7419,-88.8237
Pierceville,IN,39.1334,-85.1797
Davis,SD,43.2595,-96.9945
O'Brien,TX,33.3802,-99.8438
Chautauqua,KS,37.0241,-96.1774
Blackey,KY,37.139,-82.9811
Dodge,ND,47.3057,-102.2029
Lowndesboro,AL,32.2764,-86.6108
Hockingport,OH,39.1908,-81.7494
Midland,SD,44.0711,-101.1554
Wann,OK,36.9146,-95.8047
Oilton,TX,27.4693,-98.9672
Detroit,OR,44.7338,-122.1513
Dawson,IA,41.8431,-94.2203
Coffey,MO,40.1056,-94.0065
Millston,WI,44.1885,-90.6446
Perley,MN,47.1761,-96.8015
Alder,MT,45.3216,-112.1093
Cache,UT,41.8309,-112.0053
Bow Valley,NE,42.7154,-97.2521
Villas del Sol,PR,18.4487,-66.2298
Angelica,WI,44.675,-88.3216
Montaqua,MT,45.5072,-108.9087
Clyde,NJ,40.4874,-74.5132
Jacksonport,AR,35.6422,-91.308
Craig,MO,40.1923,-95.3743
Unity Village,MO,38.9525,-94.3995
Valley Head,WV,38.5472,-80.032
Tula,MS,34.2359,-89.3656
Summit,OK,35.6694,-95.4208
Valentine,TX,30.5886,-104.4953
Nord,CA,39.7739,-121.9549
Sheffield,TX,30.6859,-101.8224
Dwight Mission,OK,35.5581,-94.851
Palermo,ND,48.338,-102.2297
Redings Mill,MO,37.0196,-94.517
Mineral,CA,40.3755,-121.5694
Put-in-Bay,OH,41.6518,-82.8179
Holland,MO,36.0571,-89.8705
Barneston,NE,40.0488,-96.5735
Tiawah,OK,36.2483,-95.5362
Diaperville,WI,46.6059,-90.7095
Miguel Barrera,TX,26.412,-98.9216
Arrowhead Lake,NJ,39.4757,-75.3174
Peever Flats,SD,45.5234,-96.9356
Blacktail,ND,48.4327,-103.74
Joes,CO,39.6559,-102.6786
La Paloma Addition,TX,28.017,-97.5009
Century,WV,39.1003,-80.1883
Centerville,WA,45.754,-120.908
Lakeside,PA,41.8636,-75.6504
Rena Lara,MS,34.1587,-90.7749
Bingham Lake,MN,43.9095,-95.046
Grady,NM,34.8217,-103.3157
Jacksonburg,WV,39.5304,-80.6404
Oak Beach,NY,40.6388,-73.2879
Hazen,PA,40.8162,-80.2471
Harbor View,OH,41.6932,-83.4447
Aquilla,TX,31.8548,-97.22
Derby,IA,40.9303,-93.4565
Rush Hill,MO,39.2104,-91.7246
Coyanosa,TX,31.2409,-103.0648
Robbins,TN,36.3536,-84.5839
Osage,OK,36.295,-96.4179
Rackerby,CA,39.4261,-121.3542
Bogue,KS,39.3595,-99.6874
Keomah Village,IA,41.2885,-92.5368
Burrows,IN,40.677,-86.5093
Smithville,AR,36.0799,-91.3027
La Rose,IL,40.9786,-89.2349
Nelchina,AK,61.9989,-146.8111
Houlton,WI,45.0609,-92.7903
Independence,MS,34.7078,-89.8075
Washington,AR,33.773,-93.6833
Jacksonville,MO,39.5877,-92.4728
Orchard,IA,43.2276,-92.776
Dawn,MO,39.6713,-93.6341
Herron Island,WA,47.2645,-122.8348
Dutch Neck,NJ,39.4017,-75.2787
Yettem,CA,36.4856,-119.256
Lawson,AR,33.1999,-92.4878
Scottsburg,NY,42.6639,-77.7123
Crayne,KY,37.2762,-88.0839
Kickapoo Site 5,KS,39.6735,-95.6842
Clio,CA,39.7487,-120.5726
El Monte Mobile Village,CA,36.5471,-119.4251
Green Mountain,IA,42.1019,-92.8196
Cottonwood,SD,43.9657,-101.9021
Tarrytown,GA,32.3187,-82.5595
Chester,AR,35.6778,-94.1778
Collins,MO,37.8906,-93.6215
Beaver Valley,AZ,34.3409,-111.2987
Tustin,WI,44.1698,-88.896
Tunnel City,WI,44.005,-90.5679
McDougal,AR,36.4365,-90.3907
Dunbar,WI,45.647,-88.1754
Truxton,AZ,35.487,-113.5607
Columbus,IL,39.9883,-91.1456
Bergland,MI,46.5913,-89.5754
Starbuck,WA,46.5186,-118.1254
Fort Smith,MT,45.3134,-107.9296
Oketo,KS,39.9632,-96.5989
Skanee,MI,46.8789,-88.204
Steen,MN,43.5143,-96.2631
Fidelity,IL,39.1546,-90.1644
Gulfcrest,AL,30.9925,-88.2399
Waka,TX,36.2816,-101.0441
Herndon,KS,39.9092,-100.7865
Weldona,CO,40.3484,-103.9693
Spelter,WV,39.3432,-80.3163
Adams,IN,39.3825,-85.56
Normandy,TN,35.4523,-86.2582
Smithville,OK,34.4689,-94.6461
Tylersburg,PA,41.3837,-79.3201
Gray,PA,40.6576,-78.2521
Minneiska,MN,44.1973,-91.8757
Dimock,SD,43.4764,-97.9888
Westwood,IA,40.965,-91.6266
Eddyville,NE,41.0124,-99.6241
Cornucopia,WI,46.8566,-91.1082
Lincolnshire,KY,38.2238,-85.6216
Bradley,SD,45.0904,-97.642
Carthage,SD,44.1686,-97.715
Pontoosuc,IL,40.6284,-91.2112
Littleton,IL,40.234,-90.6223
Tildenville,FL,28.5384,-81.6025
Sidney,IN,41.105,-85.7425
Aubrey,AR,34.7197,-90.8975
Paloma,IL,40.0238,-91.194
Winton,MN,47.9284,-91.8005
Wolf Lake,MN,46.8066,-95.3526
Maiden Rock,WI,44.5659,-92.3082
Hardyville,KY,37.2535,-85.7896
Hurley,MO,36.9306,-93.4991
Zarate,TX,26.3199,-98.6369
Hartwick,IA,41.7856,-92.3452
Hollygrove,WV,38.1908,-81.3946
Bethel,MO,39.8779,-92.0221
Tunnelton,IN,38.7687,-86.3428
Conger,MN,43.6153,-93.5275
Gazelle,CA,41.5149,-122.5217
Juliette,GA,33.1109,-83.8094
Dayton,MT,47.8643,-114.2765
Shiro,TX,30.6087,-95.8862
Rondo,AR,34.6575,-90.8208
Chalkyitsik,AK,66.6469,-143.7821
Alpine,AZ,33.8461,-109.1433
Nicktown,PA,40.6134,-78.8034
Knoxville,GA,32.7233,-83.9959
Fremont,MO,36.9522,-91.1623
Vredenburgh,AL,31.8237,-87.3178
Seaforth,MN,44.4761,-95.331
Novelty,MO,40.0125,-92.2073
Colcord,WV,37.9451,-81.4374
Airport Road Addition,TX,27.219,-98.0981
Lake City,IL,39.7536,-88.7184
Pomaria,SC,34.2677,-81.4192
Loyal,OK,35.9727,-98.1182
Mosheim,TX,31.6304,-97.6002
Dutch Flat,CA,39.208,-120.8345
Barrelville,MD,39.7026,-78.8425
Mariah Hill,IN,38.1653,-86.9247
Twilight,WV,37.9252,-81.6176
Haddam,KS,39.8553,-97.3045
Puzzletown,PA,40.3794,-78.4915
Ruthville,ND,48.3708,-101.3003
Isabel,KS,37.4672,-98.5515
Pajaro Dunes,CA,36.8722,-121.8101
Big Island,VA,37.5351,-79.3615
Cascadia,OR,44.393,-122.5027
Wentworth,MO,36.9932,-94.0756
North Johns,AL,33.3677,-87.1008
Las Lomitas,TX,27.3378,-98.6629
Eckerty,IN,38.3203,-86.6119
Websters Crossing,NY,42.6662,-77.6367
Limaville,OH,40.9843,-81.1481
Damon,TX,29.2832,-95.7408
Malden,WA,47.2296,-117.4731
Albert,KS,38.454,-99.0111
Del Mar Heights,TX,26.0567,-97.4236
Addington,OK,34.2431,-97.9661
Dallas,SD,43.2379,-99.5175
Spaulding,OK,35.0132,-96.4404
Spragueville,IA,42.0716,-90.4327
Stones Landing,CA,40.6974,-120.731
Randsburg,CA,35.368,-117.6607
Longdale,OK,36.1338,-98.5512
Venetie,AK,67.0206,-146.3741
Priddy,TX,31.676,-98.5114
Myrtlewood,AL,32.2521,-87.9492
Wawaka,IN,41.457,-85.4822
Conner,MT,45.929,-114.1326
Dales,CA,40.3155,-122.0604
Elizaville,KY,38.4167,-83.8243
Claire City,SD,45.8566,-97.1035
Blodgett Landing,NH,43.3757,-72.0392
Prospect,IN,38.5781,-86.6142
Lakeside Village,OK,34.8003,-98.3809
Furnace Creek,CA,36.4277,-116.8747
Viola,DE,39.0429,-75.5715
Loomis,WA,48.8234,-119.6397
Taft,LA,29.9854,-90.4533
Meadows of Dan,VA,36.7386,-80.3973
West Hampton Dunes,NY,40.7777,-72.7131
Exeter,IL,39.7191,-90.4961
Hookstown,PA,40.5989,-80.4738
Ware Place,SC,34.6266,-82.3881
Mount Auburn,IN,39.8123,-85.1905
Reid,MD,39.7126,-77.6793
Nescatunga,OK,36.7543,-98.156
Mountain,ND,48.6843,-97.8648
New Pine Creek,CA,41.9872,-120.3009
Crystal,ND,48.5981,-97.6685
Bernard,IA,42.3133,-90.8319
Providence,AL,32.3424,-87.7761
Pearl,IL,39.4597,-90.6237
Horntown,OK,35.0869,-96.2476
Twin Lakes,WA,48.2622,-118.3591
Montpelier,ND,46.6987,-98.5884
Avoca,MN,43.949,-95.6465
Maples,IN,41.0128,-84.9691
Heathsville,VA,37.92,-76.4785
Oak Hill-Piney,OK,36.3787,-94.7265
Whitley Gardens,CA,35.6574,-120.507
Lanse,PA,40.9751,-78.1295
Quemado,TX,28.9471,-100.6238
Pony,MT,45.6628,-111.8826
South Center,IN,41.4764,-86.64
Santa Cruz,AZ,33.2327,-112.1594
Marlboro,NJ,39.486,-75.3215
Jolmaville,WI,46.433,-90.7498
Othello,NJ,39.4114,-75.3426
Stevens Creek,VA,36.7314,-80.9943
Tuckers Crossroads,TN,36.2066,-86.1676
Fountain Hill,AR,33.3575,-91.8511
Chitina,AK,61.5276,-144.2991
Lake Annette,MO,38.6544,-94.508
Whiterocks,UT,40.4721,-109.9412
Hague,ND,46.0289,-99.9991
Brandt,SD,44.6669,-96.6252
Urbana,AR,33.1585,-92.4453
Success,AR,36.4545,-90.7226
Earl,OK,34.2033,-96.8893
Naples,SD,44.7716,-97.5131
Franklin,AZ,32.677,-109.072
Newhalen,AK,59.727,-154.897
Whitewater,MT,48.7635,-107.6303
Graceton,PA,40.5072,-79.1688
Montezuma,OH,40.4891,-84.5497
Dolliver,IA,43.4636,-94.6142
McIntosh,SD,45.9214,-101.3491
Tonto Village,AZ,34.3198,-111.1394
Bruno,NE,41.283,-96.9607
Douds,IA,40.8438,-92.0764
Detroit,KS,38.936,-97.1269
Weeksville,MT,47.5309,-115.0083
Curdsville,KY,37.7353,-87.3327
Browning,IL,40.127,-90.373
Cutler,IN,40.4764,-86.5242
Brenton,WV,37.6004,-81.6351
Preemption,IL,41.3131,-90.5787
Mountville,SC,34.3664,-81.9758
El Brazil,TX,26.4686,-98.7269
El Dara,IL,39.6227,-90.9917
Southside Chesconessex,VA,37.7439,-75.7786
Brush Creek,OK,36.4165,-94.7838
Hope,NM,32.8159,-104.7371
McDonald,NC,34.5537,-79.1763
Alpine,CO,37.6877,-106.586
Miston,TN,36.1604,-89.494
Tokeland,WA,46.709,-123.9839
Millerville,MN,46.0691,-95.5569
McKinley,MN,47.5088,-92.4057
Melmore,OH,41.0262,-83.105
Stanchfield,MN,45.6656,-93.1831
Laud,IN,41.0495,-85.4522
Longtown,MO,37.6702,-89.7741
Arion,IA,41.9478,-95.4624
Bennett Springs,NV,37.7141,-114.4667
Lublin,WI,45.0749,-90.7238
Guadalupe Guerra,TX,26.4108,-99.0819
Java,SD,45.5038,-99.8839
Richards,TX,30.5366,-95.8462
Hanna,OK,35.2022,-95.8896
Cyr,MT,47.0002,-114.5879
Hansell,IA,42.7578,-93.1041
Media,IL,40.7694,-90.8327
Arthur,NE,41.5718,-101.6923
Locust Mount,VA,37.6124,-75.7018
South Bend,NE,41.0022,-96.2474
Naples,IL,39.7534,-90.6069
Lund,NV,38.8642,-115.0099
Crystal Rock,OH,41.4476,-82.8422
Clinton,PA,40.7073,-79.5897
Mount Hope,OH,40.6241,-81.7766
Knife River,MN,46.9495,-91.7837
Glen Echo Park,MO,38.7009,-90.2965
Golva,ND,46.7347,-103.9829
Argonne,WI,45.6582,-88.8777
Triumph,LA,29.3443,-89.4683
Peck,KS,37.4777,-97.3695
Kerby,OR,42.2045,-123.649
Depauw,IN,38.3351,-86.2175
Makemie Park,VA,37.9106,-75.5845
New Morgan,PA,40.1834,-75.8896
Pierpoint,CA,36.1405,-118.6296
Cumminsville,NY,42.5706,-77.7189
Burna,KY,37.2456,-88.3589
Bondurant,WY,43.1948,-110.4026
Shirleysburg,PA,40.2974,-77.8764
Oatman,AZ,35.0275,-114.384
State Line City,IN,40.1974,-87.527
Kirbyville,MO,36.6294,-93.1568
Dellrose,TN,35.1159,-86.8036
Argenta,MT,45.2788,-112.8607
Garfield,NM,32.7569,-107.2665
Oldham,SD,44.2281,-97.3096
Perkinsville,IN,40.1442,-85.8614
Scott,IN,41.7337,-85.5569
Collins,AR,33.5323,-91.5725
Stonyford,CA,39.3695,-122.5438
Mountain View,NM,35.0046,-108.3979
Council Hill,OK,35.5558,-95.6525
Eggleston,VA,37.2871,-80.6227
Mays Lick,KY,38.517,-83.8452
Port Murray,NJ,40.7915,-74.924
Eagle Bay,NY,43.7687,-74.8174
Ouzinkie,AK,57.9223,-152.4674
Butte City,ID,43.607,-113.2408
Goodrich,ND,47.4759,-100.1247
Laredo,MO,40.026,-93.448
Kirvin,TX,31.7671,-96.33
Tatum,SC,34.6438,-79.5867
Grass Range,MT,47.0261,-108.8031
Ferguson,IA,41.9386,-92.8629
Spring Hill,MN,45.5232,-94.8317
Mercer,ND,47.4905,-100.7104
Bickleton,WA,46.0056,-120.3081
Redfield,KS,37.8366,-94.882
Hico,WV,38.1166,-81.0112
Berlin,IL,39.7569,-89.9024
Falls Mills,VA,37.2773,-81.3067
Evergreen,MO,37.5486,-92.5961
Egeland,ND,48.6281,-99.098
Bloomington,NE,40.0938,-99.0384
Golden Gate,IL,38.3589,-88.2046
Summit Lake,WI,45.3759,-89.2044
McLean,NE,42.3861,-97.4682
Sportsmans Park,OR,45.2197,-121.3945
Cubero,NM,35.0904,-107.5261
Naukati Bay,AK,55.8801,-133.1992
Stratton Mountain,VT,43.117,-72.9025
Mound City,SD,45.7262,-100.0688
Marysville,MT,46.7502,-112.3026
Fairview,WY,42.6871,-110.9866
Peoria,OK,36.9156,-94.6696
Rapelje,MT,45.972,-109.2579
Geneva,GA,32.579,-84.5516
Walshville,IL,39.069,-89.6189
Roscoe,MN,45.4323,-94.6364
Whiteside,MO,39.1842,-91.0168
Hillisburg,IN,40.2864,-86.3392
Glasgow,PA,40.6444,-80.508
Tschetter Colony,SD,43.3681,-97.688
White Lake,NY,41.6757,-74.8322
Harrison,MT,45.7045,-111.7844
Exline,IA,40.6491,-92.8432
Pyote,TX,31.538,-103.1225
Couderay,WI,45.7976,-91.3005
Fowler,IL,40.0088,-91.2578
Rendville,OH,39.6199,-82.09
Brookhurst,WY,42.8618,-106.2272
Cushing,NE,41.2949,-98.3693
Baileyville,IL,42.1984,-89.5946
Eldridge,AL,33.922,-87.6202
Brooklyn Heights,MO,37.1694,-94.3856
Martinsburg,IA,41.1788,-92.2519
Hitchcock,SD,44.6294,-98.4082
Streeter,ND,46.6576,-99.3568
Sykeston,ND,47.466,-99.3993
Nottoway Court House,VA,37.1271,-78.0734
Sylvarena,MS,32.0144,-89.3818
Littleton,WV,39.7024,-80.5147
Prathersville,MO,39.3153,-94.2738
Biggersville,MS,34.8367,-88.5639
McNab,AR,33.6609,-93.8323
Sunny Slopes,CA,37.5693,-118.6758
Steinauer,NE,40.2073,-96.2329
McIntire,IA,43.436,-92.5936
False Pass,AK,54.8416,-163.348
Redbird,OK,35.8871,-95.5873
Lyden,NM,36.1537,-106.0147
Cassandra,PA,40.4085,-78.6407
Blue Springs,AL,31.6635,-85.5035
Peaceful Village,MO,38.467,-90.5427
Dexter City,OH,39.6593,-81.4739
Plum Branch,SC,33.8482,-82.2587
Woodston,KS,39.4539,-99.0981
Hallett,OK,36.2319,-96.5679
Cheshire,OH,38.9502,-82.113
Union Level,VA,36.7071,-78.2319
Gowen,OK,34.8781,-95.4742
Round Mountain,TX,30.4299,-98.3607
Fairview,SD,43.2221,-96.4876
Kingdom City,MO,38.9473,-91.9389
Prosser,NE,40.6877,-98.5777
Littlejohn Island,ME,43.7599,-70.1284
Blackfoot,MT,48.5771,-112.8733
Flute Springs,OK,35.623,-94.8044
Menoken,ND,46.8148,-100.5341
Adamsville,PA,41.5111,-80.3716
Clitherall,MN,46.2743,-95.631
Iron Junction,MN,47.419,-92.6086
Bell Center,WI,43.2916,-90.8257
Perryville,AK,55.9315,-159.1559
Benjamin Perez,TX,26.406,-98.8997
Hingham,MT,48.5554,-110.4213
Rosine,KY,37.4523,-86.7374
Pine Grove,OR,45.1135,-121.3553
Lyndon,VT,44.5154,-72.0134
Woodlawn Heights,IN,40.1184,-85.6968
Greycliff,MT,45.7588,-109.7799
Eagle,AK,64.7813,-141.1979
Hasty,CO,38.0999,-102.9639
Burtrum,MN,45.8658,-94.6874
Monterey,KY,38.4233,-84.8728
Nemaha,NE,40.3388,-95.676
Saint Charles,SC,34.0806,-80.2249
Mentasta Lake,AK,62.9867,-143.5191
Clawson,UT,39.1391,-111.0934
Pax,WV,37.9098,-81.2648
Camptonville,CA,39.4521,-121.0487
Starkville,CO,37.1169,-104.5231
Uncertain,TX,32.7064,-94.1269
Lyons,SD,43.7249,-96.8662
Idalia,CO,39.7029,-102.2938
Portis,KS,39.5638,-98.6916
Dougherty,IA,42.922,-93.0361
Bejou,MN,47.4429,-95.9727
Pensacola,OK,36.4593,-95.1277
Upper Elochoman,WA,46.2404,-123.3246
Bear Grass,NC,35.7664,-77.129
Yarmouth,IA,41.0245,-91.322
Jansen,CO,37.1581,-104.5501
Worthington,WV,39.4568,-80.2635
Cooke City,MT,45.0187,-109.9119
Haivana Nakya,AZ,32.0051,-111.7124
Goodwin,SD,44.8775,-96.8497
Topstone,CT,41.2964,-73.4466
Stafford,OH,39.7124,-81.2766
Silver Gate,MT,45.0198,-109.9829
Ivan,AR,33.9019,-92.4332
New Marshfield,OH,39.3254,-82.2166
Talmage,KS,39.0269,-97.2598
Farmington,CA,37.9299,-121.0044
Argyle,IA,40.5359,-91.5678
Whittlesey,WI,45.2206,-90.3232
Heeney,CO,39.8712,-106.3002
Central,AK,65.5213,-144.6409
Townsend,WI,45.3241,-88.5904
Bearcreek,MT,45.1606,-109.1575
Lumberton,NM,36.9328,-106.9352
Diehlstadt,MO,36.9593,-89.4324
Limestone,FL,27.3673,-81.9048
Bowring,OK,36.879,-96.1202
Sand Fork,WV,38.9154,-80.7477
Olive,OK,36.0225,-96.4766
Nicolaus,CA,38.8982,-121.5729
Mount Ayr,IN,40.9522,-87.2993
Naubinway,MI,46.0911,-85.4518
Westport,SD,45.6478,-98.4981
Albrightsville,PA,41.0116,-75.6068
Sperry,IA,40.9572,-91.1557
Jugtown,MD,39.6143,-77.5943
Port Royal,VA,38.1657,-77.1989
Riverton,NE,40.0897,-98.7597
Rimini,MT,46.4919,-112.2496
Luke,MD,39.4766,-79.0593
Wheeler,IL,39.043,-88.3188
Homewood,PA,40.8133,-80.3294
Winston,MT,46.4684,-111.6653
Deer Lick,OK,36.4595,-94.7468
Post Mountain,CA,40.416,-123.2316
Lower Salem,OH,39.5635,-81.3942
Mashantucket,CT,41.4645,-71.9745
St. Anthony,IA,42.1235,-93.1975
Oreminea,PA,40.4033,-78.2546
Valley,WA,48.173,-117.7244
Kennedy Meadows,CA,36.0076,-118.1099
Harford,PA,41.7834,-75.7036
Strawn,IL,40.6537,-88.3999
Revillo,SD,45.0154,-96.5712
La Grange,CA,37.6636,-120.4635
Blawenburg,NJ,40.4056,-74.6971
Keystone,IN,40.5956,-85.2594
Manter,KS,37.5245,-101.8834
Waterloo,AL,34.9173,-88.0654
Garrett,IL,39.7973,-88.4247
Paradise Hill,OK,35.6137,-95.0703
Rutland,ND,46.0543,-97.5068
West Millgrove,OH,41.2428,-83.4915
Camrose Colony,MT,48.3116,-111.6118
Tierra Grande,TX,27.7037,-97.5718
Kilkenny,MN,44.3151,-93.5741
Buchanan,ND,47.0626,-98.829
Boxley,IN,40.1661,-86.1755
Vivian,WV,37.4172,-81.4923
Tselakai Dezza,UT,37.21,-109.609
Filley,NE,40.2851,-96.5339
Matoaka,WV,37.4182,-81.2417
Burnt Prairie,IL,38.2509,-88.2585
Ackworth,IA,41.3642,-93.4723
Maxbass,ND,48.7225,-101.1426
Lesterville,SD,43.0385,-97.5905
Servia,IN,40.9567,-85.7405
Bippus,IN,40.9442,-85.6239
Crescent Lake,OR,43.5097,-121.9354
Quantico,MD,38.3755,-75.754
Alden,MI,44.8792,-85.2729
Poland,IN,39.4442,-86.9508
De Soto,GA,31.9548,-84.0636
Fortuna,MO,38.5676,-92.797
Box,OK,35.5784,-94.9718
Des Moines,NM,36.7614,-103.8342
St. Clairsville,PA,40.156,-78.5108
Rentiesville,OK,35.5336,-95.4848
Adin,CA,41.1948,-120.9501
Marvel,CO,37.1112,-108.1262
Goodyears Bar,CA,39.5459,-120.888
Mackey,IN,38.2518,-87.3914
Rossie,IA,43.0137,-95.1886
Osage,WY,43.9848,-104.4269
Chest Springs,PA,40.5781,-78.6107
Wilson,OH,39.8598,-81.0689
Odessa,MN,45.2622,-96.3335
Homestown,MO,36.3318,-89.8242
Neylandville,TX,33.2006,-96.0054
North Blenheim,NY,42.4718,-74.4525
Methow,WA,48.1286,-120.0055
Hayward,MO,36.3959,-89.6669
Gold Mountain,CA,39.7613,-120.5191
Ojo Caliente,NM,36.3146,-106.0374
Heartwell,NE,40.5699,-98.7891
Branchville,CT,41.268,-73.4433
Camden,MO,39.1991,-94.0234
Maeystown,IL,38.2267,-90.2331
Elkton,MN,43.6602,-92.7065
St. Louis,OK,35.0812,-96.8598
Beaver,AR,36.4752,-93.7728
Canones,NM,36.1768,-106.4244
Pena,TX,26.4155,-98.97
Wilson City,MO,36.9236,-89.223
Mazie,OK,36.1425,-95.3303
Scotland,VA,37.1812,-76.7966
Eureka,MI,43.1036,-84.5136
Kokhanok,AK,59.4158,-154.7457
Garvin,MN,44.2142,-95.7607
Harrold,TX,34.0756,-99.0271
Claremont,SD,45.6719,-98.0157
Goff,KS,39.6641,-95.9317
Auburn,WV,39.0961,-80.8562
Hannaford,ND,47.3141,-98.1889
Anegam,AZ,32.3742,-112.035
Parksville,SC,33.7866,-82.2174
Parrott,GA,31.8944,-84.5117
Dennis,MS,34.559,-88.2303
Clarksburg,IN,39.4352,-85.3473
Sharon,ND,47.5974,-97.8994
Beaver Bay,MN,47.2563,-91.3065
Longview,IL,39.8859,-88.0662
Merriman,NE,42.923,-101.6997
Shellytown,PA,40.4091,-78.2105
Brandy Station,VA,38.4977,-77.8899
Belvidere,TN,35.1281,-86.1881
Burton,IL,39.9079,-91.2492
Anselmo,NE,41.6186,-99.8645
Caney Ridge,OK,35.7637,-94.8828
Ahmeek,MI,47.2985,-88.3971
Weed,NM,32.8025,-105.5248
Levering,MI,45.6347,-84.7838
Carson Valley,PA,40.4492,-78.4486
Peach Orchard,AR,36.2812,-90.6608
Weldon,IA,40.8973,-93.735
Parker,WA,46.5021,-120.4668
White Oak,MO,36.3299,-90.0276
Emington,IL,40.9693,-88.3578
Eagle,MI,42.8098,-84.7909
Jesterville,MD,38.2897,-75.8928
Vale,SD,44.6183,-103.3986
Mapletown,PA,39.805,-79.9407
Loma,MT,47.9511,-110.4887
Chuathbaluk,AK,61.5746,-159.2489
Hazelton,KS,37.0894,-98.4015
Cross Anchor,SC,34.644,-81.8585
Gramling,SC,35.0782,-82.1332
Mason,WI,46.4355,-91.0599
Elk Mountain,WY,41.6883,-106.4134
Anzac Village,NM,35.0624,-107.7416
Ward,CO,40.0722,-105.5139
Oyens,IA,42.8198,-96.058
Casmalia,CA,34.8378,-120.5309
Nikolai,AK,63.0095,-154.3763
Paige,TX,30.2138,-97.1211
Nelson,MO,38.9946,-93.0308
Pontotoc,OK,34.4888,-96.629
Pinebrook,TX,30.3125,-95.8767
Fort Seneca,OH,41.2044,-83.1679
Haynes,AR,34.8909,-90.7926
Montier,MO,36.9817,-91.5749
Brooksburg,IN,38.735,-85.2445
Ithaca,OH,39.9378,-84.5533
La Carla,TX,26.4354,-98.7406
Whitharral,TX,33.7391,-102.3278
Norwich,OH,39.9844,-81.7925
Fulton,SD,43.7288,-97.8226
Jennings,KS,39.6806,-100.2933
Talking Rock,GA,34.5239,-84.4895
Fidelis,FL,30.9343,-87.0245
Powhattan,KS,39.7619,-95.6342
Rutherford,CA,38.4568,-122.4231
Salineno North,TX,26.5254,-99.0906
Klukwan,AK,59.3987,-135.8886
Goodland,FL,25.9252,-81.648
Sagamore,PA,40.7814,-79.2309
Hudson,KS,38.1049,-98.6609
Turner,MI,44.1422,-83.7875
Vining,MN,46.262,-95.535
Babcock,WI,44.3044,-90.1076
Strandquist,MN,48.4894,-96.4479
Slana,AK,62.6294,-143.567
Hattieville,AR,35.289,-92.7813
Alcova,WY,42.5543,-106.7263
Shade Gap,PA,40.1803,-77.8662
Lincoln,IA,42.2627,-92.6923
Marseilles,OH,40.7011,-83.3924
Seward,KS,38.1778,-98.7943
Liverpool,IL,40.3901,-90.0023
Fronton Ranchettes,TX,26.4253,-99.0268
New Freeport,PA,39.7597,-80.4286
Balltown,IA,42.6371,-90.87
Litchfield,CA,40.3877,-120.3807
Hat Creek,CA,40.8101,-121.4809
Bowdens,NC,35.0579,-78.1128
Marmarth,ND,46.296,-103.9331
Hungerford,TX,29.404,-96.0837
New Amsterdam,IN,38.1022,-86.276
Princeton,SC,34.4913,-82.2958
Newald,WI,45.7396,-88.7004
Connelsville,MO,40.278,-92.7019
Divide,CO,38.9449,-105.1619
Schuyler Lake,NY,42.7786,-75.0335
Old Ripley,IL,38.8927,-89.5722
Harborton,VA,37.6596,-75.8332
Swedesburg,IA,41.106,-91.5533
New Buffalo,PA,40.4542,-76.9703
Saint Marks,KS,37.736,-97.5629
Chimney Hill,VT,42.8888,-72.904
Houghton,IA,40.7836,-91.61
Collyer,KS,39.0372,-100.1184
Datto,AR,36.3925,-90.7285
Springbrook,WI,45.9469,-91.6889
Martinsburg,NE,42.5084,-96.8314
Lookeba,OK,35.363,-98.3638
Hamilton,IA,41.1705,-92.9041
Cromwell,IA,41.0405,-94.4618
Alix,AR,35.4219,-93.7289
Tibes,PR,18.0886,-66.6333
Riverwood,IN,40.1006,-85.968
Aldora,GA,33.0508,-84.1758
Lago,TX,26.0885,-97.6132
Batesland,SD,43.1278,-102.1017
Garden City,SD,44.9593,-97.5804
Oakley,WY,41.751,-110.5261
Shannon,NC,34.8476,-79.1396
Bisbee,ND,48.6272,-99.3788
Lake Valley,NM,36.0901,-108.1642
McKay,OR,45.4923,-118.6842
Caballo,NM,32.9806,-107.3075
Matlacha Isles-Matlacha Shores,FL,26.6341,-82.059
Why,AZ,32.259,-112.7307
Weitchpec,CA,41.1969,-123.6939
Shedd,OR,44.4579,-123.1119
Hoyt,OK,35.268,-95.3002
Maybeury,WV,37.3675,-81.3572
Slate Springs,MS,33.7417,-89.3752
Orchard,CO,40.3321,-104.1178
Pulaski,PA,41.113,-80.4311
Schenley,PA,40.6845,-79.6617
Hiseville,KY,37.1008,-85.8149
Alberta,MN,45.5749,-96.0504
Clarks Mills,WI,44.0918,-87.8637
Fort Hill,OR,45.067,-123.5605
Springerton,IL,38.1786,-88.3548
North Lilbourn,MO,36.6018,-89.622
Unionville,IA,40.8182,-92.6959
Peoa,UT,40.7295,-111.3434
Lee Mont,VA,37.7799,-75.6802
Shepardsville,IN,39.6018,-87.4265
Drytown,CA,38.4397,-120.8587
Briggsdale,CO,40.6359,-104.3284
Ethelsville,AL,33.4141,-88.2161
Reservoir,PA,40.4025,-78.3849
New Weston,OH,40.337,-84.6436
Tooleville,CA,36.2878,-119.1154
Brady,MT,48.0279,-111.8441
Moyers,OK,34.3255,-95.6503
Donegal,PA,40.112,-79.3808
Jansen,NE,40.1839,-97.0848
Loco,OK,34.3297,-97.6807
Centrahoma,OK,34.6104,-96.3437
Hansford,WV,38.2067,-81.396
Frankfort Springs,PA,40.481,-80.4428
Tse Bonito,NM,35.6466,-109.007
Osaka,VA,36.9514,-82.8144
Parkman,OH,41.3722,-81.059
Promise City,IA,40.7474,-93.1498
Congress,OH,40.9255,-82.0557
Martin,NE,41.2581,-101.7091
Flournoy,CA,39.9284,-122.4458
Agar,SD,44.8397,-100.0732
Ellisville,IL,40.6273,-90.306
Lelia Lake,TX,34.9015,-100.7699
Rives,MO,36.0945,-90.0115
Gypsy,WV,39.3648,-80.307
Baileyville,PA,40.711,-77.9924
Solen,ND,46.3873,-100.7958
Ohlman,IL,39.3433,-89.2186
Riddleville,GA,32.9069,-82.6661
Gaylord,KS,39.6463,-98.8473
Danbury,WI,46.0088,-92.3777
Hendrix,OK,33.7753,-96.4072
Klingerstown,PA,40.6588,-76.6931
Millerdale Colony,SD,44.399,-99.1111
Templeton,VA,37.0811,-77.3563
Canoochee,GA,32.6786,-82.1785
Aten,NE,42.8368,-97.4409
Grayridge,MO,36.8247,-89.7819
Reserve,KS,39.977,-95.5654
Mentor,KS,38.7407,-97.5979
Buckhorn,NM,33.0315,-108.6944
Yankee Lake,OH,41.2682,-80.568
Klondike,MD,39.6102,-78.9633
White Earth,ND,48.3799,-102.7718
Anvik,AK,62.6541,-160.214
Trail Side,CO,40.249,-103.8432
Winthrop,AR,33.8308,-94.3542
Sunland Estates,WA,47.074,-120.0284
Stockton,MD,38.0659,-75.4134
Fort Greely,AK,63.9678,-145.7149
Pottery Addition,OH,40.403,-80.6241
Eminence,IN,39.5214,-86.6414
Ebro,MN,47.4942,-95.5411
West Union,MN,45.7965,-95.0925
Liebenthal,KS,38.6544,-99.3202
Purty Rock,NM,35.4903,-108.8954
Mount Eaton,OH,40.6948,-81.7021
Brentford,SD,45.1591,-98.3223
Douglas,ND,47.8579,-101.5018
Thendara,NY,43.701,-74.9971
Barnard,KS,39.1891,-98.0441
Mayfield Colony,SD,44.6943,-97.5811
Hoffman,OK,35.4888,-95.8447
Nimrod,MN,46.6375,-94.8805
Weott,CA,40.3226,-123.9209
Panola,AL,32.9477,-88.2674
Marshfield,IN,40.2512,-87.4523
Englewood,KS,37.0405,-99.9876
Allport,AR,34.5399,-91.7839
Ratliff City,OK,34.4492,-97.5155
Kirwin,KS,39.6698,-99.1217
Kevin,MT,48.7457,-111.9656
Roscoe,NE,41.1316,-101.5852
Salem,NE,40.0769,-95.7286
St. Charles,VA,36.8052,-83.0575
Platter,OK,33.9066,-96.5338
Hunnewell,KS,37.0042,-97.4076
Manchester,IN,39.1517,-85.0122
Chapeno,TX,26.5508,-99.1339
Amherst,CO,40.6831,-102.1725
Dayton Lakes,TX,30.1446,-94.8208
Mulkeytown,IL,37.9721,-89.1112
Delway,NC,34.8102,-78.2169
Hashtown,IN,39.025,-86.9245
Lincolnville,PA,41.7902,-79.8381
Willington,SC,33.9687,-82.4576
Calpine,CA,39.6633,-120.4436
Tazewell,GA,32.3796,-84.4401
Christopher Creek,AZ,34.3206,-111.0071
Morse Bluff,NE,41.431,-96.7666
Hiwassee,VA,36.9682,-80.7045
Woodford,WI,42.6476,-89.8599
Montezuma,CO,39.5814,-105.8678
Qui-nai-elt Village,WA,47.2502,-124.1902
Raymer,CO,40.608,-103.8434
Penermon,MO,36.7909,-89.8301
Cable,IL,41.2798,-90.5056
Needham,AL,31.987,-88.3366
Big Creek,CA,37.2035,-119.2485
Harrold,SD,44.5258,-99.7416
Jeisyville,IL,39.5792,-89.408
Huey,IL,38.6054,-89.2898
Regan,ND,47.1568,-100.5273
Newburg,ND,48.7139,-100.9127
Knierim,IA,42.4563,-94.4559
Yeager,OK,35.1568,-96.3401
Catarina,TX,28.3499,-99.6161
Livonia,IN,38.5549,-86.2777
Wheaton,KS,39.502,-96.3189
Frankewing,TN,35.1943,-86.857
Dacoma,OK,36.6596,-98.5635
Vernon,IL,38.8014,-89.0875
Bradley,CA,35.8627,-120.8041
Goldville,AL,33.0842,-85.7831
Peppertown,IN,39.3989,-85.1741
Fleming,MO,39.1956,-94.0524
Nelson Lagoon,AK,55.8451,-161.6103
Calvert,AL,31.154,-88.0169
Melvina,WI,43.8024,-90.7815
Petroleum,IN,40.6114,-85.1508
Scircleville,IN,40.2875,-86.3
Warwick,ND,47.8547,-98.7056
Gunn City,MO,38.6659,-94.164
Anthonyville,AR,35.0398,-90.3403
Wahak Hotrontk,AZ,32.1748,-112.3664
Covel,WV,37.4907,-81.3195
Buckeye,IA,42.4195,-93.3758
Luis Lopez,NM,33.9904,-106.8878
Waterbury,NE,42.4571,-96.7353
Bairdstown,OH,41.1712,-83.6073
Stockholm,WI,44.4852,-92.2633
Campo,CO,37.1047,-102.5786
Delaplaine,AR,36.2304,-90.7256
Wells Tannery,PA,40.0912,-78.1664
Walters,MN,43.6049,-93.6743
Milan,KS,37.2571,-97.6741
Beaver,AK,66.383,-147.3219
Fair Oaks,OK,36.1611,-95.691
Gerty,OK,34.8357,-96.2889
Elba,MN,44.0867,-92.0169
Hagarville,AR,35.5151,-93.3335
Wiota,IA,41.4007,-94.8872
Ranger,GA,34.5013,-84.7111
Brick Center,CO,39.6002,-104.4579
Plainville,OH,39.1438,-84.3593
Golden View Colony,SD,43.6954,-97.4487
Dundee,MS,34.5271,-90.4533
La Cueva,NM,35.8694,-106.6485
Antimony,UT,38.103,-111.9823
Lucerne,IN,40.8664,-86.4033
Montello,NV,41.2671,-114.197
Chiawuli Tak,AZ,31.941,-111.7765
Milford,IN,39.3504,-85.6197
Scottville,IL,39.4777,-90.1038
Harmon,IL,41.7194,-89.556
Zwingle,IA,42.2972,-90.6874
Stark,KS,37.6898,-95.1441
Speed,NC,35.9685,-77.4442
Knights Ferry,CA,37.8199,-120.6704
Cliftondale Park,VA,37.825,-79.7981
Cleveland,ND,46.891,-99.1195
Ringgold,MD,39.7092,-77.5688
Wellfleet,NE,40.7539,-100.7319
Morrow,LA,30.8294,-92.0828
Kipp,KS,38.785,-97.4568
Byron,NE,40.0048,-97.7686
Formoso,KS,39.7784,-97.9927
Birney,MT,45.4155,-106.4934
Oxbow Estates,AZ,34.1824,-111.343
Irvington,IA,43.0129,-94.1957
Bath Corner,SD,45.4627,-98.3329
Monument,KS,39.1049,-101.0079
North Hurley,NM,32.7198,-108.1285
High Amana,IA,41.8011,-91.9418
Granite,OR,44.81,-118.4187
Whitehaven,MD,38.2705,-75.7935
Chelsea,WI,45.2927,-90.3054
Sailor Springs,IL,38.7645,-88.3602
Rose Farm,OH,39.7359,-82.0779
Highland Beach,MD,38.9312,-76.466
Brownington,MO,38.2453,-93.7227
Kysorville,NY,42.6528,-77.7949
Chatsworth,IA,42.9163,-96.5145
Adona,AR,35.0399,-92.8992
Browntown,SC,34.2053,-80.316
Green Grass,SD,45.1714,-101.2573
Lake Henry,MN,45.462,-94.7965
St. Paul,AR,35.8246,-93.7641
Riverview Estates,MO,38.7489,-94.5246
Virginia,NE,40.2458,-96.4988
Effie,MN,47.8412,-93.6377
Floral,AR,35.5889,-91.759
Country Life Acres,MO,38.6223,-90.4554
Elgin,OH,40.7427,-84.4762
Defiance,MO,38.6327,-90.7846
Blackburn,OK,36.3731,-96.5965
Rutledge,MO,40.3139,-92.0876
Augusta Springs,VA,38.108,-79.3352
Old Appleton,MO,37.5939,-89.7108
Canoe Creek,PA,40.4736,-78.2788
Blanco,OK,34.7507,-95.7736
Dumb Hundred,PA,40.317,-78.4105
Essary Springs,TN,35.0113,-88.8025
Picuris Pueblo,NM,36.1995,-105.7133
Running Water,SD,42.7822,-97.9816
Harmonsburg,PA,41.6655,-80.3143
Park,KS,39.1117,-100.3614
Donnybrook,ND,48.5077,-101.8868
Gratz,KY,38.4719,-84.9471
Strandburg,SD,45.0441,-96.7604
Stone Lake,WI,45.8445,-91.5502
Culver,KS,38.9701,-97.7592
Veguita,NM,34.5146,-106.7679
La Boca,NM,36.9945,-107.6065
Arispe,IA,40.9484,-94.2192
Macon,NC,36.4396,-78.0839
Bruceton Mills,WV,39.6594,-79.6406
Taft,OK,35.7608,-95.5454
Sharpsburg,IA,40.8029,-94.6405
Morningside,SD,44.3663,-98.1836
Edgar,MT,45.4636,-108.8552
Knob Lick,MO,37.6785,-90.3679
Manning,ND,47.231,-102.7702
Tyaskin,MD,38.3196,-75.8729
Fishtail,MT,45.448,-109.5083
Capulin,NM,36.7445,-103.9958
Arkoe,MO,40.2594,-94.8279
Wanda,MN,44.3148,-95.2131
Vale Summit,MD,39.6152,-78.9084
Hartville,WY,42.3277,-104.7245
Bache,OK,34.8942,-95.6506
Moose Pass,AK,60.4997,-149.4464
Tightwad,MO,38.3096,-93.5466
Akaska,SD,45.331,-100.1208
Wilsonville,NE,40.1119,-100.1066
Pleasant Plain,IA,41.1472,-91.8596
Westford,NY,42.6511,-74.8005
Carrier,OK,36.4786,-98.0172
Flemington,MO,37.8039,-93.5014
Robertson,WY,41.1816,-110.4274
Nemaha,IA,42.5148,-95.0886
Kimbolton,OH,40.1507,-81.5758
New Bavaria,OH,41.2037,-84.1674
Allenville,MO,37.2217,-89.7555
Robinson Mill,CA,39.4857,-121.3202
Edgerton,WY,43.4134,-106.2474
Santiago,WA,47.2975,-124.2327
Pascola,MO,36.2672,-89.8258
Belknap,IL,37.3224,-88.9405
Bingham,IL,39.1122,-89.2137
Harrisburg,NE,41.5505,-103.7267
Peak,SC,34.2363,-81.3288
West Line,MO,38.6359,-94.5869
Dorchester,NJ,39.2711,-74.9729
Bayside,VA,37.7548,-75.7128
Reader,AR,33.7518,-93.1009
St. Joseph,IA,42.9123,-94.2308
Evan,MN,44.3549,-94.8361
Petronila,TX,27.6713,-97.6322
Leeds Point,NJ,39.4906,-74.4433
Kathryn,ND,46.6812,-97.9704
Amanda Park,WA,47.4532,-123.9194
Maxatawny,PA,40.5413,-75.6919
Ramona,KS,38.5979,-97.0637
Wasta,SD,44.0696,-102.4464
Duchess Landing,OK,35.3985,-95.4165
Libertyville,IN,39.6028,-87.5186
Castine,OH,39.9315,-84.6243
Manchester,KS,39.0933,-97.3201
Pingree,ND,47.1638,-98.9086
Rome,IA,40.982,-91.6817
Horace,KS,38.4769,-101.7905
St. Xavier,MT,45.457,-107.725
Henry,NE,41.998,-104.0461
Dawson,ND,46.8679,-99.7536
Gould,OK,34.6692,-99.7736
Graysville,OH,39.6633,-81.1746
Dundee,MN,43.844,-95.4666
Rob Roy,IN,40.2367,-87.2433
Comstock,NE,41.5572,-99.243
Zion,SC,34.2587,-79.3116
Sun Valley,AZ,34.9834,-110.0374
Frankclay,MO,37.863,-90.6144
Brazos,TX,32.6622,-98.1231
Inger,MN,47.558,-93.9794
McCool,MS,33.1995,-89.3418
Waukena,CA,36.1391,-119.511
New Trier,MN,44.6038,-92.9329
Tancred,CA,38.7619,-122.1547
Lavinia,TN,35.8508,-88.6527
McGrew,NE,41.7477,-103.4177
Galestown,MD,38.5633,-75.7149
Hillsdale,OK,36.5632,-97.9927
Olmitz,KS,38.5164,-98.9367
Baileyville,KS,39.8485,-96.1903
Volant,PA,41.1132,-80.2589
Sandyville,OH,40.6466,-81.3671
Chester,OK,36.2165,-98.9208
Butters,NC,34.5603,-78.8489
Zalma,MO,37.1422,-90.0825
Alexandria,NE,40.2475,-97.3878
Windom,TX,33.5648,-95.9985
Alder,WA,46.7872,-122.2667
Johannesburg,CA,35.3719,-117.6419
Istachatta,FL,28.6634,-82.2726
Eagle River,MI,47.41,-88.2647
Whiting,MO,36.7921,-89.3716
Saronville,NE,40.603,-97.9387
Quinn,SD,43.9866,-102.1264
Board Camp,AR,34.5369,-94.0887
Millwood,GA,31.2656,-82.6603
Home,KS,39.8415,-96.5199
Sageville,IA,42.5493,-90.7062
Sour John,OK,35.6206,-95.1432
Coleharbor,ND,47.5425,-101.2214
Parkerville,KS,38.7638,-96.6615
Clifton Hill,MO,39.4387,-92.6642
Gardner,ND,47.1445,-96.9686
Morrison Bluff,AR,35.3828,-93.5228
Sundance,UT,40.3937,-111.5913
Gardners,PA,40.0063,-77.2084
Crown Point,AK,60.4267,-149.353
Barstow,WA,48.7783,-118.1329
Eagle Harbor,MD,38.5664,-76.6871
Lafferty,OH,40.1142,-81.019
Natural Bridge,NY,44.0718,-75.4999
Zeeland,ND,45.9731,-99.8325
Willowbrook,KS,38.1012,-97.9919
Moundville,MO,37.7646,-94.451
Miller's Cove,TX,33.156,-95.1147
Clearmont,WY,44.6397,-106.3815
Comstock,MN,46.6596,-96.7466
Wabaunsee,KS,39.1431,-96.3422
Riceville,PA,41.7792,-79.8045
Arrow Point,MO,36.544,-93.6223
Cale,AR,33.6278,-93.235
Whitewater,MO,37.2368,-89.7978
Northwest Stanwood,WA,48.2624,-122.3501
Melstone,MT,46.5987,-107.8683
Hidalgo,IL,39.1559,-88.1491
Twin Lakes,OK,35.8679,-97.6653
Buck Creek,IN,40.4874,-86.7622
Pacific Junction,IA,41.018,-95.7994
Tuskahoma,OK,34.6272,-95.2779
Triumph,IL,41.4994,-89.0199
Merritt,IL,39.7151,-90.4154
Purdin,MO,39.9509,-93.1664
Eastabuchie,MS,31.4335,-89.2847
Olds,IA,41.1343,-91.5441
Holt,MN,48.2929,-96.1945
St. Olaf,IA,42.9268,-91.3877
Makoti,ND,47.9633,-101.8029
Oakwood,OK,35.9316,-98.7031
Ebony,VA,36.5759,-77.9839
Millard,MO,40.1075,-92.546
Kalapana,HI,19.3566,-154.9752
Oldtown,MD,39.545,-78.6148
Cartago,CA,36.3123,-118.0261
Kickapoo Site 1,KS,39.7145,-95.6484
Pulaski,IN,40.9753,-86.6583
Glen Allen,MO,37.3171,-90.0282
Pulaski,OH,41.5108,-84.5079
Darwin,CA,36.2688,-117.589
Centenary,IN,39.6584,-87.4734
White Mesa,UT,37.4596,-109.46
Laporte,MN,47.2147,-94.7573
Ventana,AZ,32.4681,-112.2434
Yarnell,PA,41.0003,-77.8142
Jennette,AR,35.1639,-90.4092
Mayfield,KS,37.2632,-97.5404
Cambridge,KS,37.3177,-96.6673
Glen Wilton,VA,37.7555,-79.8213
Havana,ND,45.9517,-97.6185
McClave,CO,38.1315,-102.8504
Fortuna,ND,48.9099,-103.7783
Dell City,TX,31.9349,-105.1998
Tradesville,SC,34.7705,-80.5487
Hazel Run,MN,44.7484,-95.7165
Union Grove,AL,34.4025,-86.4483
Orviston,PA,41.1073,-77.7533
Soldier,KS,39.5372,-95.9657
Shelltown,PA,40.4568,-78.2066
Wikieup,AZ,34.6931,-113.5995
Kohls Ranch,AZ,34.321,-111.0838
Dickerson City,FL,30.4827,-87.0651
Bartow,WV,38.5422,-79.7859
Cayce,KY,36.5577,-89.0349
Grafton,VT,43.1706,-72.6084
Yorkshire,OH,40.3252,-84.4947
Mutual,OH,40.0795,-83.6368
Dixie,WV,38.2511,-81.1944
Stanley,IA,42.6419,-91.8122
Avilla,MO,37.1938,-94.1298
Port Heiden,AK,56.9426,-158.6047
Gate,OK,36.8517,-100.0552
Dora,AR,35.4628,-94.4297
Skwentna,AK,61.9314,-151.2096
Nondalton,AK,59.9711,-154.8627
Shirley,IL,40.4075,-89.0643
Palo Verde,CA,33.4278,-114.7272
De Graff,MN,45.26,-95.4683
Kildare,OK,36.8085,-97.0499
Clinton,NE,42.7598,-102.3479
Rogers,NE,41.4643,-96.9159
Flaxville,MT,48.8045,-105.1736
Beecher Falls,VT,45.0091,-71.4936
Mobeetie,TX,35.5291,-100.4394
Four Points,TX,27.7964,-99.4548
Sumava Resorts,IN,41.1664,-87.4392
Gulkana,AK,62.2155,-145.4449
West Kill,NY,42.2158,-74.3899
Deer Park,AL,31.2198,-88.3226
Holmesville,NE,40.2009,-96.6584
Basco,IL,40.3278,-91.1996
Bridgeville,NY,41.6319,-74.6268
Cora,WY,42.9576,-109.9916
Lebanon Church,VA,39.0551,-78.3681
Corona,SD,45.3352,-96.7646
Dudley,MO,36.7898,-90.0918
Bethany,IN,39.5337,-86.3776
Parkdale,AR,33.1212,-91.5464
Williford,AR,36.2518,-91.3605
Piqua,KS,37.922,-95.5375
Popponesset Island,MA,41.5855,-70.4591
Tar Heel,NC,34.734,-78.791
Blandville,KY,36.9441,-88.9646
Valley Park,MS,32.6371,-90.8619
Sciota,IL,40.5626,-90.748
Zemple,MN,47.3207,-93.7859
Yale,KS,37.4901,-94.647
Lewis and Clark Village,MO,39.5375,-95.0506
Kasaan,AK,55.5572,-132.4136
Faxon,OK,34.4603,-98.5794
Hazard,NE,41.0916,-99.0773
Silver Star,MT,45.6875,-112.285
Bridger,SD,44.5421,-101.9136
Masonville,IA,42.4798,-91.5915
Eugenio Saenz,TX,26.3583,-98.6331
Fellows,CA,35.178,-119.5472
Bier,MD,39.5525,-78.8692
Venturia,ND,45.9971,-99.5479
Moselle,MS,31.5087,-89.2824
Gibbs,MO,40.099,-92.4166
Ripley,IL,40.0252,-90.6379
Willard,KS,39.0941,-95.9427
Sheppards Mill,NJ,39.4124,-75.3136
Independence,UT,40.4108,-111.2958
Verdi,CA,39.5238,-120.0165
Billingsley,AL,32.661,-86.7087
Scottsburg,VA,36.7588,-78.7914
Tupelo,AR,35.3903,-91.2299
Dewey,IL,40.3193,-88.2833
Atwood,OK,34.9549,-96.3367
Iola,IL,38.8341,-88.6279
Milfay,OK,35.7518,-96.5592
Gentry,MO,40.3326,-94.4233
Whitewater,IN,39.9449,-84.8307
Farwell,NE,41.2156,-98.628
Struble,IA,42.8944,-96.1946
Selz,ND,47.8594,-99.8934
Beatty,OR,42.4419,-121.2716
Edinburg,MO,40.0811,-93.6898
Agenda,KS,39.7066,-97.4322
Knowlton,WI,44.7189,-89.6803
Amity,MO,39.8682,-94.4352
Pleasant Valley Colony,MT,47.3379,-111.0449
Peoria,CO,39.6649,-104.1456
Climbing Hill,IA,42.3394,-96.0811
Bringhurst,IN,40.5269,-86.5251
Miami,MO,39.3224,-93.2258
Point Isabel,IN,40.4206,-85.8219
Zurich,KS,39.2322,-99.4347
California,KY,38.9184,-84.2636
Ada,KS,39.1622,-97.886
Center Point,AR,34.0318,-93.9511
Valera,TX,31.7536,-99.5493
Ethel,MO,39.8933,-92.741
Waller,PA,41.2337,-76.4216
Jamestown,SC,33.2858,-79.6945
Silerton,TN,35.3424,-88.8098
Lipscomb,TX,36.2215,-100.2621
Dazey,ND,47.1883,-98.2007
Clearfield Colony,SD,43.1439,-98.1423
Centropolis,KS,38.7166,-95.3498
Abbyville,KS,37.9705,-98.2027
Mooresville,AL,34.6257,-86.8802
Carpenter,IA,43.4151,-93.0172
Greenville,IA,43.017,-95.1461
Kingston,IA,40.9792,-91.0458
Lebanon,WI,43.2587,-88.6292
Bartlett,KS,37.0549,-95.2112
Grenville,SD,45.467,-97.3901
Gray,IA,41.8417,-94.9859
Primrose,NE,41.6238,-98.2377
Ponca,AR,36.0287,-93.364
Olowalu,HI,20.8222,-156.6169
Camp Three,MT,46.4534,-108.5741
Oak Grove,AR,35.3594,-92.9598
Pinhook Corner,OK,35.5314,-94.8911
Wiota,WI,42.6368,-89.9493
Lanesboro,IA,42.1828,-94.6923
Orient,WA,48.8637,-118.2059
Finley,OK,34.3276,-95.498
Tennant,CA,41.5822,-121.913
Tuttle,CA,37.2965,-120.3789
Tindall,MO,40.1609,-93.6096
Miltonsburg,OH,39.8313,-81.1646
Brookston,MN,46.8654,-92.6026
Danbury,NE,40.0376,-100.4051
Russellville,IL,38.8189,-87.53
Colona,CO,38.3276,-107.7793
Huron,TN,35.5935,-88.5361
Wedron,IL,41.4387,-88.7745
North Crows Nest,IN,39.8661,-86.1624
Pawnee,TX,28.6483,-98.0083
Coy,AR,34.5405,-91.8713
Toronto,IA,41.903,-90.8629
Pontiac,MO,36.5165,-92.6037
Mount Judea,AR,35.9214,-93.0577
Whipholt,MN,47.0436,-94.386
Buckhorn,KY,37.3461,-83.4695
McCaskill,AR,33.9187,-93.6417
Tallapoosa,MO,36.5061,-89.817
Belmore,OH,41.1548,-83.9417
Sumner,MO,39.656,-93.2434
Saxon,WI,46.494,-90.4098
Nubieber,CA,41.0967,-121.1816
Briggs,TX,30.8895,-97.9219
Rancho Grande,NM,33.6826,-108.8581
Leon,OK,33.8773,-97.4291
Kicking Horse,MT,47.4568,-114.0717
Fishers Landing,NY,44.2772,-76.0088
Londonderry,VT,43.2278,-72.8083
Cave Spring,OK,35.7292,-94.7577
Montmorenci,IN,40.4717,-87.0361
Caledonia,ND,47.4577,-96.8892
Steele City,NE,40.0367,-97.0232
Corinth,AR,35.0693,-93.4235
Powell,TX,32.1128,-96.3236
Jalapa,IN,40.6263,-85.7464
Valmont,CO,40.0341,-105.2058
Octa,OH,39.6133,-83.6106
Benedict,MD,38.5116,-76.6797
Navarre,KS,38.7989,-97.1069
Nielsville,MN,47.5293,-96.8157
West York,IL,39.1689,-87.673
Pierpont,MO,38.8633,-92.3129
Gloster,LA,32.1921,-93.8112
Little Orleans,MD,39.63,-78.3949
Rothville,MO,39.6539,-93.0635
Igiugig,AK,59.3056,-155.8739
Twin Hills,AK,59.0815,-160.2826
Barronett,WI,45.6363,-91.9942
Farlington,KS,37.6155,-94.8226
Nashua,MN,46.0377,-96.3059
Brant Lake,SD,43.9308,-96.9436
Berwyn,NE,41.3509,-99.5007
Richland,NE,41.4367,-97.2152
St. Paul,IA,40.7678,-91.5164
Hoehne,CO,37.2815,-104.389
Weatherby,MO,39.9093,-94.2419
Havana,KS,37.0921,-95.9418
Lebanon,SD,45.0688,-99.7664
Rivervale,AR,35.6759,-90.3445
Everett,GA,31.3921,-81.6398
Spring Hill,IN,39.8346,-86.1926
Batesville,OH,39.9156,-81.2824
Harris,MO,40.3062,-93.3504
Bridgeton,IN,39.645,-87.1775
Kaylor,SD,43.1926,-97.8405
Garden City,IA,42.2455,-93.3954
Brandon,MT,45.466,-112.1339
Quamba,MN,45.9155,-93.1752
Wallace,SD,45.0845,-97.4781
Cherry Valley,PA,41.1594,-79.8012
Zenda,KS,37.444,-98.2819
Big Lake,MO,40.0735,-95.3518
Coyville,KS,37.6873,-95.8958
Turtle River,MN,47.5882,-94.7581
Tamassee,SC,34.8812,-83.0175
Winslow,NE,41.6102,-96.5047
Hobbs,IN,40.2836,-85.9475
Alpine,AR,34.2268,-93.3783
Luna,NM,33.8181,-108.9435
North River,ND,46.9503,-96.8019
Woodbury,KY,37.1836,-86.6353
Deer Creek,OK,36.8068,-97.5195
Violet Hill,AR,36.1529,-91.8398
Tolstoy,SD,45.2083,-99.614
South Fork,MO,36.6311,-91.9602
New Middletown,IN,38.1644,-86.0508
Huntley,NE,40.2105,-99.2901
Harbine,NE,40.1916,-96.9743
Ali Chukson,AZ,31.9115,-111.8017
Nightmute,AK,60.4874,-164.8195
Hessville,OH,41.4031,-83.243
Cartersburg,IN,39.6987,-86.4636
Takotna,AK,62.9827,-156.0838
Latham,MO,38.5599,-92.6814
Carlton Landing,OK,35.2129,-95.5578
Wardsboro,VT,43.0435,-72.7889
Everton,AR,36.1542,-92.9096
Glen Lyn,VA,37.3727,-80.858
Ralston,IA,42.0418,-94.6293
Union Hill,IL,41.1086,-88.1463
New Albany,KS,37.5678,-95.9363
Gove City,KS,38.9595,-100.4871
Powersville,MO,40.5496,-93.3002
South Naknek,AK,58.6637,-156.9908
Ponshewaing,MI,45.4208,-84.806
Toco,TX,33.6539,-95.6492
Jamesville Colony,SD,43.1015,-97.4818
Dixon,NE,42.4155,-96.9948
Paradise,MT,47.3857,-114.7989
Kinsman,IL,41.1902,-88.57
Girdletree,MD,38.0989,-75.4003
Bristol,GA,31.4507,-82.2148
Golden Acres,NM,35.2112,-107.9182
South Lead Hill,AR,36.3956,-92.9063
Lake Sumner,NM,34.6186,-104.3801
Clayton,IA,42.9022,-91.1493
Foreston,SC,33.6367,-80.0607
Drysdale,AZ,32.6452,-114.7067
Martin,ND,47.8268,-100.1154
Lehr,ND,46.2826,-99.3528
Dayton,AL,32.351,-87.6416
Bushnell,SD,44.3274,-96.6424
Oak Hall,VA,37.9307,-75.547
Silver Springs,AK,62.0193,-145.3584
Excursion Inlet,AK,58.4354,-135.3733
Latimer,KS,38.7386,-96.8459
Geyser,MT,47.2633,-110.4927
Petrey,AL,31.8495,-86.2057
Oto,IA,42.2821,-95.8944
Blue,OK,33.99,-96.2304
Vining,IA,41.991,-92.3873
Tasley,VA,37.7125,-75.697
Woodsville,NY,42.579,-77.7338
White Lake,NY,43.5408,-75.1473
Paac Ciinak,WI,44.8579,-89.155
Lumber Bridge,NC,34.8898,-79.0725
Reubens,ID,46.3229,-116.5429
Hardy,MT,47.1806,-111.8172
Paoli,CO,40.6128,-102.4718
Rinard,IA,42.3396,-94.4849
East Springfield,OH,40.4474,-80.8599
Gilgo,NY,40.6376,-73.3779
Warfield,VA,36.896,-77.819
Shamrock Colony,SD,44.6207,-97.9592
Hunter,KS,39.2349,-98.396
Carmet,CA,38.3743,-123.0719
Neville,OH,38.8123,-84.2115
Estelline,TX,34.547,-100.44
Revere,MN,44.2215,-95.3611
Peru,PA,40.8544,-77.7671
San Antonio,NM,33.9161,-106.87
Benedict,KS,37.6269,-95.7433
Windmill,NM,31.9769,-108.6315
Dunning,NE,41.8272,-100.1048
Baker,OK,36.8704,-101.0177
Duffield,VA,36.7196,-82.796
Slater,WY,41.8776,-104.7887
New Market,MO,39.5019,-94.7995
Ihlen,MN,43.9122,-96.3709
Nodaway,IA,40.9361,-94.8973
Etta,OK,35.8329,-94.9035
High Bridge,KY,37.8299,-84.7096
Cornwall,CT,41.8443,-73.3327
Lake Aluma,OK,35.5334,-97.4484
Caberfae,MI,44.2492,-85.7256
Farmer,SD,43.7252,-97.689
Egypt,AR,35.8677,-90.9459
Scotland,IN,38.9091,-86.9047
Yarrowsburg,MD,39.3762,-77.6843
Ponderosa,CA,36.1051,-118.5293
Lock Springs,MO,39.8488,-93.7761
Cow Creek,SD,44.5538,-100.4754
Stuttgart,KS,39.7995,-99.4546
Bragg City,MO,36.2681,-89.9114
Opal,WY,41.768,-110.3242
Iantha,MO,37.515,-94.3994
Goodridge,MN,48.1442,-95.8039
Dover Hill,IN,38.7221,-86.8003
Genola,MN,45.9653,-94.1129
West Middletown,PA,40.2432,-80.4253
Holloway,MN,45.2441,-95.9112
Adeline,IL,42.1406,-89.4919
Jones Mills,AR,34.4427,-92.8923
Como,NC,36.5011,-77.0073
Rio en Medio,NM,35.8221,-105.901
Rome,OH,38.6657,-83.3793
Lorenzo,IL,41.3457,-88.2222
Frisbee,MO,36.3516,-90.0299
Government Camp,OR,45.3022,-121.7527
Taswell,IN,38.3342,-86.5611
Eagle Village,AK,64.7434,-141.1138
Oyehut,WA,47.0233,-124.1631
Fox,MT,45.2884,-109.2125
Churchville,VA,38.2247,-79.1619
Whale Pass,AK,56.1053,-133.1243
Sweet Grass,MT,48.9929,-111.9668
Meckling,SD,42.8402,-97.0673
Curryville,PA,40.276,-78.3378
Glen Haven,WI,42.8313,-91.0633
Magnet,NE,42.4561,-97.4692
Georgetown,MN,47.0784,-96.7959
Ireland,IN,38.4148,-86.9994
Seeley,NJ,39.4852,-75.2455
Clark Colony,SD,44.7914,-97.9815
Fluvanna,TX,32.8833,-101.1415
Malaga,NM,32.2227,-104.0692
Kleindale,AZ,32.2681,-110.9146
Osco,IL,41.3465,-90.2827
Morrison,MO,38.6716,-91.6334
Graham,AL,33.4552,-85.323
Erin Springs,OK,34.8112,-97.6056
Kim,CO,37.247,-103.3534
Kendrick,OK,35.7853,-96.7755
Fort Ripley,MN,46.169,-94.363
Jardine,MT,45.0565,-110.6186
Eagle Rock,MO,36.55,-93.7422
Rhodes,MT,48.2793,-114.4736
Learned,MS,32.1972,-90.5486
Tuttle,ND,47.1445,-99.9934
Lake Mary Ronan,MT,47.9291,-114.3889
Keenes,IL,38.3386,-88.6419
Bellfountain,OR,44.3654,-123.3559
Tobias,NE,40.4185,-97.3367
Chalkhill,PA,39.8461,-79.6142
Yuma,TN,35.8438,-88.3372
Hartman,CO,38.1212,-102.2217
Zortman,MT,47.9168,-108.509
Lamoille,NV,40.7239,-115.479
Blocher,IN,38.7181,-85.6566
Cotton Town,PA,40.2798,-78.4811
Parkline,ID,47.3385,-116.694
Greenbackville,VA,38.0105,-75.3869
Ozan,AR,33.848,-93.7203
McKittrick,CA,35.298,-119.6249
Magnolia Beach,TX,28.5568,-96.5465
Plano,IA,40.7555,-93.0469
Big Flat,AR,36.0056,-92.4066
Odin,KS,38.5654,-98.6087
Waumandee,WI,44.3024,-91.7051
Lasana,TX,26.2585,-97.695
Casselman,PA,39.8857,-79.2112
Ben Arnold,TX,30.9589,-96.9731
Ronneby,MN,45.6853,-93.8601
Landess,IN,40.6126,-85.5592
Alderpoint,CA,40.1613,-123.6158
Narka,KS,39.9598,-97.4268
Otway,OH,38.8648,-83.188
Athol,KS,39.7663,-98.9196
Cucumber,WV,37.2786,-81.6241
Clontarf,MN,45.377,-95.677
Butte,ND,47.837,-100.6658
Kemps Mill,MD,39.6268,-77.8137
Sun River,MT,47.5305,-111.724
Sequoia Crest,CA,36.1858,-118.6256
Warm Springs,AR,36.4831,-91.049
Hayesville,IA,41.2648,-92.2478
Watson,MO,40.4799,-95.6232
Ortley,SD,45.3349,-97.205
Ravanna,MO,40.456,-93.462
Fair Oaks,AR,35.2488,-91.0319
Frystown,PA,40.452,-76.3326
Kent,MN,46.4374,-96.6833
Devon,KS,37.9227,-94.816
Scarville,IA,43.4707,-93.6152
Skedee,OK,36.3805,-96.7039
Chinese Camp,CA,37.8702,-120.4443
Rodriguez Camp,CA,35.809,-119.1388
Bismarck,AR,34.3178,-93.178
Goodwin,AR,34.9407,-91.0036
Beyerville,AZ,31.3919,-110.8749
Mercer,TN,35.4745,-89.0394
Sentinel Butte,ND,46.9195,-103.84
Sleetmute,AK,61.6516,-157.1251
Loco Hills,NM,32.8197,-103.9783
Little Browning,MT,48.6252,-112.35
Literberry,IL,39.8516,-90.1978
Beaver,IA,42.0383,-94.14
Funkley,MN,47.7869,-94.4267
Annada,MO,39.2622,-90.8287
Antelope,OR,44.9113,-120.7236
Brimson,MO,40.1449,-93.7384
Minturn,AR,35.9764,-91.0273
Washington,VA,38.7122,-78.1598
Abie,NE,41.3341,-96.9498
Brentwood Colony,SD,45.1513,-99.2984
Arco,MN,44.3838,-96.1826
Cobbtown,FL,30.8823,-87.1212
Quesada,TX,26.2819,-98.5819
De Witt,MO,39.3849,-93.2199
Paskenta,CA,39.8833,-122.5456
Villa del Sol,TX,26.1915,-97.5782
Govan,SC,33.2227,-81.1748
Keddie,CA,40.0059,-120.9523
Sunset Colony,SD,45.8059,-97.8857
Turtle Lake,MT,47.6696,-114.0818
Clinchport,VA,36.6781,-82.7451
Stonewall Gap,CO,37.1605,-105.0342
Aldrich,MO,37.5489,-93.5512
Pekin,ND,47.7919,-98.3278
Mount Leonard,MO,39.1254,-93.3945
Hubbell,NE,40.0088,-97.4966
Fontanelle,NE,41.5383,-96.4271
Crystal Downs Country Club,MI,44.7014,-86.2311
Zinc,AR,36.2836,-92.9147
C-Road,CA,39.7627,-120.577
Rockport,WA,48.485,-121.6065
Allendale,MO,40.4853,-94.2887
Patmos,AR,33.5112,-93.5679
La Loma de Falcon,TX,26.5369,-99.0961
Wann,NE,41.1394,-96.3632
Tintah,MN,46.0108,-96.3201
Fullerton,ND,46.1632,-98.4272
Irwin,IL,41.0534,-87.9842
Vida,MT,47.8336,-105.4924
Hot Springs Landing,NM,33.2047,-107.21
Blairstown,MO,38.558,-93.9578
Amagon,AR,35.5631,-91.1093
Marcelline,IL,40.1185,-91.3683
Cylinder,IA,43.0902,-94.5513
Landa,ND,48.8958,-100.912
Hunter,MO,36.8867,-90.8483
Matfield Green,KS,38.1596,-96.5623
Broadway,NJ,40.7356,-75.0495
Whalan,MN,43.7341,-91.9238
Arlington,AZ,33.3346,-112.7747
Glen,MT,45.4789,-112.6918
Amistad,TX,29.5245,-101.1531
Scipio,OK,35.0513,-95.9556
Cortland,IN,38.9731,-85.9641
Tierra Bonita,TX,26.2727,-97.8276
Hawk Springs,WY,41.7853,-104.265
Sardis,KY,38.5348,-83.9573
Gardner,CO,37.7889,-105.1644
Allison,TX,35.612,-100.1115
Blacksville,WV,39.7175,-80.2146
Luverne,ND,47.2514,-97.9348
White Water,OK,36.5017,-94.7289
Huson,MT,47.0325,-114.34
St. George,AK,56.5791,-169.6114
Gully,MN,47.7684,-95.6229
Bena,MN,47.3404,-94.206
Ionia,MO,38.5037,-93.3236
Evergreen Colony,SD,45.1217,-99.0425
Cleaton,KY,37.2517,-87.0902
Gibson,IA,41.4803,-92.3921
Sasakwa,OK,34.9468,-96.5253
West Dummerston,VT,42.9299,-72.6128
Excello,MO,39.6335,-92.4743
Albion,OK,34.6622,-95.0993
Saint Benedict,KS,39.8928,-96.1029
Prescott,OR,46.0487,-122.8879
Cottage Grove,TN,36.3783,-88.4786
Shelocta,PA,40.6573,-79.3015
Esbon,KS,39.8219,-98.4339
Calverton,VA,38.6355,-77.6662
Beedeville,AR,35.4292,-91.1107
Oljato-Monument Valley,AZ,36.9867,-110.191
Headrick,OK,34.627,-99.1373
Mendeltna,AK,62.1359,-146.5388
Sheridan Lake,CO,38.4667,-102.2943
Bassett,IA,43.0617,-92.5153
McHenry,ND,47.5764,-98.591
Blaine,KY,38.0272,-82.8413
New Haven,IA,43.2839,-92.6422
Putnam,AL,32.0181,-88.0331
Roseland,KS,37.2805,-94.8438
Ricketts,IA,42.128,-95.5749
Red Banks,MS,34.8347,-89.5634
Helmville,MT,46.8614,-112.9629
Burns City,IN,38.8203,-86.8926
Cass,IN,39.087,-87.2786
Maskell,NE,42.6904,-96.9809
Glade,KS,39.6837,-99.3116
Paris,VA,39.0024,-77.952
Los Ebanos,TX,26.4114,-98.9185
Downey,IA,41.612,-91.3472
Leopolis,WI,44.7654,-88.8447
Lucien,OK,36.2747,-97.4551
Green Sea,SC,34.1288,-78.9721
Swan,IA,41.4676,-93.3096
Cameron Colony,SD,43.1878,-97.2627
Carrick,CA,41.4467,-122.3635
Morristown,SD,45.9386,-101.7188
East Brooklyn,IL,41.1727,-88.2662
Mount Bullion,CA,37.5082,-120.0437
Newport,NE,42.6002,-99.3283
Bristow,NE,42.8408,-98.5834
Belleair Shore,FL,27.9173,-82.8455
Mud Bay,AK,59.1518,-135.3585
Oasis,UT,39.2923,-112.629
Saddle Ridge,CO,40.3134,-103.8023
Weston,VT,43.2904,-72.7922
Jerome,AR,33.3988,-91.4697
Moffat,CO,38.0027,-105.9065
Boon,MI,44.2877,-85.6013
Deering,MO,36.1911,-89.8843
Foresta,CA,37.6983,-119.7552
Levant,KS,39.3881,-101.1948
Galesburg,ND,47.2701,-97.4087
Coalmont,PA,40.2113,-78.2
Bock,MN,45.7845,-93.5528
Roy Lake,MN,47.3176,-95.5428
Ringo,KS,37.5064,-94.7649
Orme,TN,35.0147,-85.8048
Crescent Mills,CA,40.1008,-120.9217
Clayton,KS,39.7369,-100.1765
Belpre,KS,37.9507,-99.0998
Vermillion,KS,39.7183,-96.2659
Essex,MT,48.2823,-113.6095
Chelsea,SD,45.1675,-98.7434
Climax,KS,37.7191,-96.224
Ong,NE,40.3983,-97.8392
Carlos,MD,39.6237,-78.9567
Fairburn,SD,43.6869,-103.2087
Windham,MT,47.0781,-110.1386
Oak,NE,40.2384,-97.9037
Martinez Lake,AZ,32.9843,-114.4722
Idlewild,CA,35.8096,-118.6704
La Prairie,IL,40.1473,-91.0024
Whitney,NE,42.7837,-103.2567
Clappertown,PA,40.4029,-78.2779
Tennant,IA,41.5941,-95.445
Lemoyne,NE,41.2765,-101.8134
Pattison,MS,31.8908,-90.8839
Bolt,WV,37.7623,-81.4189
Jump River,WI,45.3555,-90.7965
Folsom,NM,36.8478,-103.9176
Woodland,MD,39.6083,-78.9502
Baldwin Park,MO,38.7938,-94.2465
Lake City,SD,45.7248,-97.4139
West Cornwall,CT,41.8642,-73.3608
Dixie Union,GA,31.3419,-82.4608
Cherry Fork,OH,38.8873,-83.6125
Nye,MT,45.434,-109.8069
Orrum,NC,34.4667,-79.0089
Mosby,MO,39.3165,-94.3094
Americus,IN,40.5254,-86.7475
Clifford,ND,47.3483,-97.4102
Lorton,NE,40.5972,-96.0242
Greenwich,KS,37.7832,-97.2037
Simpson,IL,37.4673,-88.7557
Colwell,IA,43.1572,-92.5916
Marrowbone,KY,36.832,-85.5053
Smicksburg,PA,40.8702,-79.1711
Oscarville,AK,60.7288,-161.7728
Balta,ND,48.1666,-100.0369
Fruitdale,AL,31.3429,-88.4108
Perkins,GA,32.9149,-81.949
Bathgate,ND,48.8803,-97.4741
Palo Blanco,TX,26.3876,-98.9024
Karlsruhe,ND,48.0911,-100.6162
Acton,MT,45.929,-108.6788
Culp,PA,40.5825,-78.2632
Tensed,ID,47.1596,-116.9238
Bolivar,MS,33.6606,-91.0519
Elgin,KS,37.0019,-96.2806
Emet,OK,34.2063,-96.5421
Dennis Acres,MO,37.0465,-94.5044
Trail,MN,47.7833,-95.6981
Monument,PA,41.1112,-77.7042
Flaming Gorge,UT,40.8889,-109.4751
Utica,KY,37.6028,-87.1126
Durham,KS,38.4846,-97.2268
Oak Ridge,LA,32.6244,-91.7731
Cope,CO,39.6692,-102.8501
Bucyrus,ND,46.0648,-102.7885
Sherman,SD,43.7577,-96.4762
Warfordsburg,PA,39.7518,-78.1875
New Alluwe,OK,36.6101,-95.4888
Glen Jean,WV,37.9272,-81.1531
Rex,NC,34.8508,-79.0468
Manassas,GA,32.1603,-82.02
Maverick Mountain,MT,45.4182,-113.1109
Wood,SD,43.4971,-100.4802
Spartanburg,IN,40.0662,-84.8516
Indian Creek,FL,25.8783,-80.1371
Radersburg,MT,46.1965,-111.6316
Jamaica,VT,43.0975,-72.7784
Brumley,MO,38.088,-92.4845
Ward,SD,44.1548,-96.4626
Burlington,TX,31.0047,-96.9915
Macksburg,IA,41.2147,-94.1851
Chenega,AK,60.0757,-148.0194
Wallace,KS,38.9127,-101.593
Millbrook Colony,SD,43.67,-97.8717
Islandton,SC,32.9093,-80.9359
Kirby,WY,43.8033,-108.181
Mechanicsburg,VA,37.152,-80.9411
Yuba,WI,43.5364,-90.4267
Codell,KS,39.1954,-99.1702
Strang,OK,36.4123,-95.1347
Herrick,SD,43.115,-99.1882
Olivet,SD,43.243,-97.6747
Dora,NM,33.9334,-103.3369
Eagle Creek Colony,MT,48.7021,-111.2031
Yale,IL,39.1203,-88.0246
Buckskin,IN,38.2284,-87.412
Williams Canyon,CA,33.7289,-117.6392
Pilot Point,AK,57.5585,-157.6798
Orient,SD,44.9017,-99.0888
Utica,SD,42.981,-97.4967
Nekoma,IL,41.1719,-90.191
Guernsey,IA,41.6506,-92.346
Bison,OK,36.196,-97.8979
Nathalie,VA,36.9381,-78.9422
Glendale Colony,MT,48.8432,-112.5438
Hebgen Lake Estates,MT,44.7692,-111.1905
Lakeview North,WY,42.0969,-104.9586
Hickory,KY,36.8174,-88.6485
Grace City,ND,47.5513,-98.8039
Fishers Island,NY,41.27,-71.9892
Ravinia,SD,43.1365,-98.4268
Gracey,KY,36.8792,-87.6638
Smith Village,OK,35.4508,-97.457
Robinson,ND,47.1421,-99.7817
Beltrami,MN,47.5425,-96.527
Coolidge,KS,38.0415,-102.0078
Sharon,GA,33.5601,-82.795
Gerlach,NV,40.6452,-119.3614
Smiths Ferry,ID,44.299,-116.0783
Kirby,OH,40.8135,-83.4194
Interior,SD,43.7269,-101.9837
Washita,OK,35.1043,-98.3414
Letts,IN,39.2351,-85.565
Kittrell,NC,36.2218,-78.4414
El Socio,TX,26.3404,-98.6371
McKinnon,WY,41.0314,-109.9384
Hallowell,KS,37.1733,-95.0027
East Amana,IA,41.8089,-91.8524
Escudilla Bonita,NM,34.1122,-109.0231
La Salle,MN,44.0711,-94.5713
Rosebud,MT,46.2711,-106.4468
Cornland,IL,39.9376,-89.4015
Prattville,CA,40.206,-121.1575
Chistochina,AK,62.5921,-144.8136
Vining,KS,39.5674,-97.2937
Wardville,OK,34.655,-96.0309
Piney,OK,35.8875,-94.5537
Hoberg,MO,37.0682,-93.8493
Webb City,OK,36.8074,-96.7119
Jeffers,MT,45.3481,-111.7037
Gore,VA,39.2627,-78.3293
Elk Creek,CA,39.6004,-122.5375
Fulton,WI,42.8074,-89.1269
Catron,MO,36.6111,-89.7061
Whitesville,VA,37.7816,-75.6636
St. Rosa,MN,45.7286,-94.7162
Rosston,OK,36.8129,-99.9326
Windom,KS,38.3841,-97.9102
Nashville,KS,37.4384,-98.4227
Keystone,WV,37.4158,-81.4463
Harwood,TX,29.6664,-97.5018
Marysville,IA,41.1808,-92.9538
Spring Hill,IA,41.4122,-93.6501
Deersville,OH,40.3083,-81.188
Driscoll,ND,46.8427,-100.1439
Hanover,VA,37.7668,-77.3707
La Grange,TN,35.0476,-89.2409
Whiting,WY,42.0089,-104.9711
Atlantic,PA,41.5054,-80.3408
Coney Island,MO,36.593,-93.3972
Kramer,IN,40.3391,-87.2849
Halltown,MO,37.1946,-93.6291
Lafontaine,KS,37.4004,-95.843
Bagnell,MO,38.2294,-92.6053
Guilford,MO,40.1685,-94.7358
Reynolds,NE,40.0598,-97.3359
Raymond,SD,44.9105,-97.9372
Warrington,IN,39.9075,-85.6339
Hamer,ID,43.9216,-112.2027
Annapolis,IL,39.1431,-87.8172
Lovell,OK,36.056,-97.6365
Lost River,ID,43.7326,-113.5577
Dunbar,VA,36.9733,-82.7459
White Bird,ID,45.7621,-116.3008
Foster,MO,38.1664,-94.5079
Green Bank,WV,38.4267,-79.8343
Las Nutrias,NM,34.4699,-106.7708
Georgetown,AR,35.1267,-91.4539
Rest Haven,GA,34.1363,-83.9747
Antietam,MD,39.4151,-77.7364
Gardena,ND,48.7012,-100.4981
Horseshoe Beach,FL,29.4495,-83.2821
El Quiote,TX,26.3845,-98.9084
Lopeno,TX,26.7118,-99.101
Canan Station,PA,40.4628,-78.432
McBride,OK,33.9339,-96.6352
Allisonia,VA,36.9342,-80.7255
Tolsona,AK,62.0844,-146.092
West Scio,OR,44.7098,-122.8812
Cross Village,MI,45.6439,-85.0312
Coburg,IA,40.9187,-95.2655
Trosky,MN,43.8884,-96.2509
Leggett,NC,35.9896,-77.58
Thayer,IA,41.0287,-94.0499
Prairie Rose,ND,46.8171,-96.8353
Dorchester,TX,33.532,-96.6958
Smyrna,SC,35.042,-81.4094
Gum Springs,AR,34.0639,-93.0957
Ritchey,MO,36.944,-94.1858
Stratford,SD,45.3174,-98.3043
Florence,IN,38.7837,-84.9236
Liberty,NE,40.0854,-96.4829
Mizpah,MN,47.9209,-94.2132
Alamo,ND,48.5824,-103.4676
Vanderwagen,NM,35.2714,-108.7517
Hanksville,VT,44.2514,-72.9614
Mountain Center,CA,33.7112,-116.7248
Chillicothe,IA,41.0861,-92.53
Nassau,MN,45.0677,-96.4417
Haswell,CO,38.4525,-103.1649
Rose Hill,IL,39.1042,-88.1497
Flowing Springs,AZ,34.3131,-111.3379
Winterville,MS,33.5024,-91.0603
Witts Springs,AR,35.7696,-92.8769
La Porte,CA,39.6725,-120.9852
Hall,MT,46.5867,-113.1971
Piedra,CO,37.4418,-107.1684
Alexandria,MO,40.3598,-91.4595
Erwin,SD,44.488,-97.4409
Imogene,IA,40.8777,-95.4292
Whiteside,TN,34.9946,-85.4868
Beaulieu,MN,47.3389,-95.8054
Baker,MN,46.7105,-96.5579
Mammoth,WY,44.9733,-110.6931
Manele,HI,20.7419,-156.9012
Kickapoo Site 7,KS,39.6895,-95.6713
Bowmore,NC,34.9358,-79.2999
Egegik,AK,58.2181,-157.4036
Valencia,NM,35.578,-105.7908
Saverton,MO,39.6466,-91.2725
Voltaire,ND,48.0187,-100.844
Sedalia,CO,39.4396,-104.9699
Mountain View Colony,MT,46.068,-108.7213
Revere,MO,40.4944,-91.6764
Thayer,NE,40.9702,-97.4968
Worthville,PA,41.0246,-79.1394
Dresden,KS,39.6228,-100.4191
Hassell,NC,35.9086,-77.2763
Briarwood,ND,46.787,-96.7949
Smithville,IL,40.6589,-89.8031
Putnam,OK,35.8559,-98.9682
Polebridge,MT,48.7622,-114.2818
Taylors Island,MD,38.4734,-76.3128
Beacon View,NE,41.0692,-96.3259
Essig,MN,44.3283,-94.6034
Hillsdale,WY,41.2079,-104.4744
Brian Head,UT,37.6977,-112.8416
Marthaville,LA,31.738,-93.39
Leona,KS,39.7861,-95.3214
Lost Springs,KS,38.5665,-96.9658
Paynesville,MO,39.2627,-90.9003
Lowell,IA,40.8343,-91.4387
Mantador,ND,46.1654,-96.9779
Tierra Verde,TX,27.7616,-97.7174
Lapoint,UT,40.4043,-109.7969
Elkhorn,MT,46.2843,-111.9488
Elsmore,KS,37.7941,-95.15
Dodge,OK,36.5789,-94.6385
Terlton,OK,36.1876,-96.4918
Cascade Colony,MT,47.441,-111.8178
Taopi,MN,43.5575,-92.6407
Schooner Bay,VA,37.763,-75.768
El Morro Valley,NM,35.0362,-108.3225
Circle,AK,65.7936,-144.1813
Tillatoba,MS,33.9851,-89.896
Kenneth,MN,43.7543,-96.0725
Jewell Ridge,VA,37.1857,-81.7874
Oxford,ID,42.2598,-112.0178
Rodney,IA,42.2045,-95.9507
Junction,IL,37.7234,-88.2381
Eddyville,IL,37.5005,-88.5847
Emison,IN,38.7992,-87.4604
Tilleda,WI,44.8156,-88.9125
Furley,KS,37.8801,-97.2119
Las Palmas,TX,26.9515,-99.276
Glenfield,ND,47.4551,-98.5664
National,MD,39.6111,-78.9401
Rockport,IL,39.5391,-91.0128
Abanda,AL,33.0926,-85.5253
Laconia,IN,38.0318,-86.0855
New Bedford,IL,41.5114,-89.7181
Waldenburg,AR,35.5652,-90.9346
Viola,ID,46.8389,-117.0189
Leonard,MO,39.8943,-92.1819
Lake Davis,CA,39.8564,-120.463
Blanchard,MO,40.5749,-95.2109
Chemult,OR,43.215,-121.785
Foxholm,ND,48.3654,-101.5721
Maish Vaya,AZ,32.1703,-112.1342
Chili,IN,40.86,-86.0264
Oak Grove,OK,36.2056,-96.3384
Barney,ND,46.2658,-96.9988
Rancho Chico,TX,28.0243,-97.4966
Zoar,WI,45.0178,-88.8945
Yucca,AZ,34.8629,-114.1461
Webster,PA,40.1878,-79.8489
Archer,NE,41.1665,-98.1386
Ko Vaya,AZ,32.0815,-111.8959
Columbus,ND,48.905,-102.7812
Whelen Springs,AR,33.8331,-93.126
Jenkinsville,SC,34.3129,-81.2874
Belle Prairie City,IL,38.2235,-88.5556
St. Vincent,MN,48.9693,-97.2264
Dresser,IN,39.4633,-87.424
Pocahontas,MO,37.5013,-89.6399
House,NM,34.6492,-103.9038
Timken,KS,38.4732,-99.1779
Lance Creek,WY,43.041,-104.6626
Outlook,MT,48.8888,-104.7849
Austin,NV,39.4976,-117.074
Craig,MT,47.0745,-111.9644
Clam Lake,WI,46.1579,-90.9056
Felsenthal,AR,33.0588,-92.1533
Starkweather,ND,48.4521,-98.8784
Pondera Colony,MT,48.2399,-112.4181
North Harlem Colony,MT,48.5844,-108.7556
Nome,ND,46.6758,-97.8162
Los Veteranos I,TX,27.6333,-99.2186
Ovando,MT,47.0207,-113.1717
Coffee Creek,MT,47.3489,-110.0827
Augusta,IA,40.7598,-91.2768
Fairview,OH,40.0573,-81.235
Stockdale,OH,38.9578,-82.8574
Watkins,IA,41.8931,-91.985
Mershon,GA,31.4636,-82.2538
Greenview,CA,41.5471,-122.9185
Coronaca,SC,34.2595,-82.0969
Mineral,WA,46.7193,-122.186
Middle Grove,MO,39.3951,-92.2723
Bowman,AR,35.8194,-90.4964
Saint Omer,IN,39.4356,-85.5958
Leslie,MO,38.418,-91.2309
Phillipstown,IL,38.1429,-88.0181
Bruno,MN,46.281,-92.668
Sarita,TX,27.2235,-97.7955
Blenheim,SC,34.5098,-79.6526
Manchester,MN,43.7254,-93.4509
Severance,KS,39.7668,-95.2492
Strong City,OK,35.6698,-99.6005
Sunwest,AZ,33.651,-113.4091
Crookston,NE,42.9263,-100.7534
Brooksville,OK,35.2097,-96.9611
Carbon,IA,41.0498,-94.8246
Antioch,OH,39.661,-81.0669
Aredale,IA,42.8332,-93.0054
Craig,IA,42.8955,-96.3096
Loveland,IA,41.4971,-95.8902
St. Onge,SD,44.5458,-103.7198
Turner,MT,48.8469,-108.4006
Bentley,OK,34.2174,-96.0797
Vista,MO,37.9891,-93.6637
Disautel,WA,48.3446,-119.2301
Linnsburg,IN,40.0003,-86.8
San Fernando,TX,26.4033,-98.8351
Pleasanton,IA,40.5824,-93.7429
Plover,IA,42.8766,-94.6223
Altoona,WA,46.2699,-123.6144
Halma,MN,48.66,-96.5972
Hublersburg,PA,40.9608,-77.6093
Box Canyon,TX,29.5335,-101.1586
Frankstown,PA,40.4444,-78.3558
Eden,IN,39.9038,-85.7694
Easton,WI,43.8383,-89.8049
Delhi,MN,44.598,-95.2134
Numa,IA,40.6853,-92.9803
Fenwick,WV,38.2287,-80.5803
Wilburton Number Two,PA,40.8185,-76.3789
Hodgen,OK,34.8406,-94.6339
Punta de Agua,NM,34.6016,-106.2922
London,IN,39.6256,-85.9203
Pelican,AK,57.9576,-136.2176
Ronco,PA,39.8686,-79.9211
Youngsville,NM,36.1928,-106.566
Whitmer,WV,38.8149,-79.5451
Mount Carmel,IN,39.4075,-84.8755
Upperville,VA,38.9926,-77.8821
Wagner,PA,40.6802,-77.3878
Vistula,IN,41.7492,-85.728
Logan Creek,NV,39.0626,-119.9295
Berlin,ND,46.3784,-98.4885
Zurich,MT,48.5861,-109.0302
Queets,WA,47.5314,-124.3385
Iliamna,AK,59.7957,-154.8698
Fittstown,OK,34.6091,-96.6405
West Amana,IA,41.8083,-91.9654
Rochester,IA,41.6747,-91.1509
Old Elm Spring Colony,SD,43.4924,-97.799
McCaulley,TX,32.7786,-100.2052
Symonds,MS,33.8339,-90.8895
Rea,MO,40.0616,-94.7645
Conway,WA,48.3357,-122.3444
Westport,MN,45.7145,-95.1681
Bushong,KS,38.6428,-96.2567
Elmer,OK,34.4808,-99.3521
Richards,MO,37.9105,-94.557
Seven Hills,CO,40.0361,-105.3323
Osgood,MO,40.1972,-93.35
Dancyville,TN,35.4067,-89.297
Longford,KS,39.1721,-97.329
Northboro,IA,40.6073,-95.2925
Donaldson,IN,41.3612,-86.4442
Rectortown,VA,38.9211,-77.856
Rockport Colony,MT,48.0673,-112.4761
Erie,ND,47.1154,-97.3879
Koyukuk,AK,64.9008,-157.6946
Branson,CO,37.0155,-103.8838
Joslin,IL,41.554,-90.2237
Kirkman,IA,41.7287,-95.2671
Souris,ND,48.91,-100.6826
Cross Plains,IN,38.9439,-85.2047
Wright,KS,37.7753,-99.8905
Leggett,CA,39.8636,-123.7253
Worth,MO,40.4045,-94.4465
Maramec,OK,36.2419,-96.6805
Newark,MO,39.9946,-91.9734
Green Valley,WI,44.7969,-88.2682
Jerusalem,AR,35.4073,-92.8175
Vienna,SD,44.7031,-97.5
Clearview,OK,35.3987,-96.1876
Big Stone Colony,MT,47.4001,-111.2092
Newbury,KS,39.0846,-96.174
Nelagoney,OK,36.626,-96.244
Forest Lake,PA,41.8856,-75.961
Camden,IL,40.1529,-90.7733
Valentine,AZ,35.3886,-113.6591
Valeria,IA,41.7297,-93.3257
Elohim City,OK,35.6455,-94.5151
Curlew,IA,42.9797,-94.7378
Mauckport,IN,38.026,-86.1997
Thornburg,IA,41.4557,-92.3323
Richville,MN,46.506,-95.6263
Garrison,NE,41.1755,-97.163
Nunda,SD,44.1599,-97.0194
Granger,MO,40.467,-91.9736
Sandyville,IA,41.3709,-93.3862
Turton,SD,45.049,-98.0974
Melia,NE,41.0971,-96.2768
Sycamore,KS,37.3247,-95.7153
Somerset,KS,38.6058,-94.7779
Byersville,NY,42.5839,-77.7914
Fargo,AR,34.9537,-91.1764
Fredericksburg,IN,38.4353,-86.197
Pinnacle,MT,48.3555,-113.6484
New Woodville,OK,33.9688,-96.6548
San Acacia,NM,34.255,-106.9023
Burr,NE,40.536,-96.2997
Lima,OK,35.1737,-96.5983
Lookout,CA,41.2094,-121.1543
Lithium,MO,37.8322,-89.8832
Renfrow,OK,36.9247,-97.6572
Spink Colony,SD,44.7449,-98.2895
Iron Post,OK,36.1558,-95.1353
Underhill Center,VT,44.508,-72.8989
Arapahoe,CO,38.853,-102.1789
Driftwood,PA,41.3448,-78.134
Morley,IA,42.0061,-91.2459
Dixonville,FL,30.9865,-87.0416
Barstow,IL,41.5162,-90.3566
Georgetown,MD,39.2194,-76.1971
Coppock,IA,41.1636,-91.7151
Bunch,OK,35.6821,-94.746
Yoder,KS,37.9455,-97.8682
Cardwell,MT,45.8621,-111.9555
Arrow Rock,MO,39.07,-92.9473
Sinnamahoning,PA,41.3211,-78.0949
Hitchita,OK,35.5199,-95.7517
Muddy,IL,37.7653,-88.5139
Weston,CO,37.146,-104.8683
Andres,IL,41.3711,-87.8816
Niarada,MT,47.8309,-114.5578
Julian,NE,40.5198,-95.8674
Vanoss,OK,34.7578,-96.8712
Redding,IA,40.6067,-94.3863
Ketchuptown,SC,34.1091,-79.1557
Seven Springs,PA,40.0251,-79.2934
Fenwick,CT,41.2711,-72.3546
Tamarack,MN,46.6529,-93.125
Anoka,NE,42.946,-98.8285
Valley Ranch,CA,39.7403,-120.565
Dolton,SD,43.4911,-97.3848
Passaic,MO,38.322,-94.3486
Cardiff,AL,33.6473,-86.9308
West Roy Lake,MN,47.3116,-95.5954
Montreal,MO,37.9697,-92.5894
Lengby,MN,47.5156,-95.6345
Dickey,ND,46.5368,-98.4681
Petersville,AK,62.4226,-150.8444
Humboldt,MN,48.9214,-97.0944
Woodworth,ND,47.1421,-99.3045
Galt,IA,42.6936,-93.6047
Pettibone,ND,47.117,-99.5208
Dawson,MD,39.4772,-78.9457
McDermitt,NV,41.9903,-117.7209
Badger Lee,OK,35.4727,-94.8147
Toad Hop,IN,39.4568,-87.464
Lowman,ID,44.0786,-115.6206
Reagan,OK,34.3488,-96.7193
Aguilares,TX,27.4516,-99.0932
Putnam,TX,32.3703,-99.1955
Halsey,NE,41.9033,-100.2699
Naomi,PA,40.111,-79.8464
Fredonia,ND,46.3291,-99.0955
Duncan,IA,43.1052,-93.7059
Norman,NE,40.479,-98.7922
Merwin,MO,38.4041,-94.5906
Brocket,ND,48.2107,-98.3556
Cayuse,OR,45.6765,-118.5736
Raynesford,MT,47.2701,-110.732
Oakhaven,AR,33.7293,-93.6205
Birdsong,AR,35.461,-90.2598
Heimdal,ND,47.7926,-99.6528
Long Lake,WI,45.8431,-88.6673
Philo,CA,39.0657,-123.445
Gildford Colony,MT,48.8025,-110.2843
Garceno,TX,26.4122,-98.9406
Amado,AZ,31.6968,-111.0583
Surprise,NE,41.1047,-97.3085
Meacham,OR,45.5231,-118.4396
Tonsina,AK,61.5617,-145.0656
Okaton,SD,43.8621,-100.9049
Grenville,NM,36.5906,-103.6147
Graf,IA,42.4939,-90.8733
Forestburg,SD,44.0212,-98.1032
Belvidere,NE,40.2546,-97.5577
Maloy,IA,40.673,-94.412
Whitehawk,CA,39.7206,-120.5536
Deep Water,WV,38.1217,-81.2528
Sargeant,MN,43.8057,-92.8006
Williamstown,KS,39.0642,-95.3324
Eccles,WV,37.7817,-81.2649
Llano del Medio,NM,35.1881,-105.1163
Umber View Heights,MO,37.6233,-93.8036
Lewiston,NE,40.2429,-96.4074
New Elm Spring Colony,SD,43.4892,-97.8284
Rains,SC,34.0942,-79.3214
Myrtle,MN,43.5632,-93.163
Milo,MO,37.7554,-94.3052
Royal,NE,42.3329,-98.1252
Carrsville,KY,37.3981,-88.3754
Millerton,IA,40.8497,-93.3069
South End,MN,47.3231,-95.4788
Three Mile Bay,NY,44.0839,-76.1976
Panorama Heights,CA,35.8068,-118.627
Camas,MT,47.6179,-114.6561
Grant,IA,41.1429,-94.9848
Scott,MS,33.5945,-91.076
Glen Ferris,WV,38.1519,-81.2185
Dovray,MN,44.0545,-95.5477
Paisano Park,TX,28.0951,-97.8592
Alamo,IN,39.9834,-87.0552
Pueblito,NM,36.0727,-106.0811
Mahaska,KS,39.9873,-97.3537
Beaumont,KS,37.6565,-96.5316
Plantation Island,FL,25.8475,-81.3757
Spring Gap,MD,39.5654,-78.7054
Cornlea,NE,41.68,-97.5669
Newtok,AK,60.9341,-164.6386
Willis,KS,39.7226,-95.5058
Sutton,ND,47.4038,-98.4412
Eagleville,CA,41.319,-120.1146
Eldorado,MD,38.5841,-75.7893
Randolph,MO,39.156,-94.4929
Grainola,OK,36.9379,-96.6488
Lebanon,NE,40.0487,-100.2761
West Louisville,KY,37.6986,-87.2875
Vivian,SD,43.9273,-100.3011
Frederick,KS,38.5127,-98.2673
New Hope,KY,37.6279,-85.5067
Leonidas,MN,47.468,-92.5681
Knox,ND,48.3439,-99.6911
Kerrtown,PA,41.6267,-80.1695
Elmdale,KS,38.3732,-96.6456
Hazel Green,KY,37.7999,-83.4173
Tibbie,AL,31.3628,-88.2471
Colorado Acres,TX,27.6449,-99.2143
Emelle,AL,32.7287,-88.3165
Ideal,SD,43.54,-99.9218
Olmito and Olmito,TX,26.34,-98.642
Marie,AR,35.613,-90.0829
Edesville,MD,39.1542,-76.2079
Deerfield,MO,37.8386,-94.5078
LaGrange,AR,34.6555,-90.7349
Box Elder,MT,48.323,-110.0177
Mount Carbon,PA,40.6735,-76.1885
Pueblo,NM,35.3273,-105.4354
Hitchcock,OK,35.9676,-98.3497
Shamrock,OK,35.9114,-96.5772
Grant,MT,45.0096,-113.0675
Dripping Springs,OK,36.1709,-94.6852
Maryhill,WA,45.6928,-120.807
Blackgum,OK,35.6112,-94.99
Fenelton,PA,40.8703,-79.7262
Mojave Ranch Estates,AZ,34.9449,-114.5907
Evansville,AR,35.7924,-94.4911
Murdock,KS,37.6111,-97.9316
Taos Ski Valley,NM,36.5901,-105.437
Big Pool,MD,39.6251,-78.0161
Neal,KS,37.8337,-96.0809
Danville,WA,48.9938,-118.5068
Lone Chimney,OK,36.2326,-96.7929
Mosquero,NM,35.7743,-103.9544
Moore,TX,29.0574,-99.0069
Dundarrach,NC,34.9247,-79.1575
Columbia,VA,37.7538,-78.1632
Thornton,WI,44.7984,-88.6916
Spring Lake Colony,SD,44.2349,-97.1748
Sumatra,FL,30.023,-84.9825
Dwight,ND,46.3039,-96.7402
Zarephath,NJ,40.5362,-74.5744
Atmautluak,AK,60.8622,-162.2858
Garey,CA,34.8869,-120.3141
St. George Island,MD,38.1155,-76.4771
Maybell,CO,40.5188,-108.0885
Hyattville,WY,44.2498,-107.6148
Schubert,PA,40.4979,-76.2197
Gandys Beach,NJ,39.2715,-75.2316
Milton,ND,48.626,-98.0459
Sun City,KS,37.3785,-98.9166
Brewster,NE,41.9384,-99.8651
Wheatland,ND,46.9049,-97.3455
Piedmont,KS,37.6206,-96.3708
Randalia,IA,42.8634,-91.8867
Charleston Park,FL,26.7055,-81.5807
Trenton,IA,41.066,-91.6395
Bluff City,KS,37.0761,-97.8747
Hamilton,ND,48.808,-97.4518
Dooling,GA,32.23,-83.9289
Stoutsville,MO,39.5479,-91.8572
Watova,OK,36.6197,-95.6604
Farwell,MN,45.7524,-95.6189
Oak Lane Colony,SD,43.5099,-97.7412
West Liberty,IL,38.8524,-88.0852
Caesars Head,SC,35.1072,-82.6182
Johnsonville,IL,38.5208,-88.5382
Hubbard,MN,46.8375,-95.009
Combs,KY,37.2683,-83.2148
Placerville,ID,43.9427,-115.946
Wilmore,KS,37.335,-99.2102
Peckham,OK,36.8866,-97.1781
Moorefield,NE,40.6898,-100.4004
McDowell,VA,38.3375,-79.4994
Encino,NM,34.6518,-105.4586
Shawmut,MT,46.3447,-109.5123
Reese,PA,40.435,-78.3003
Jud,ND,46.5258,-98.8976
Irwin,MO,37.5884,-94.287
Coosawhatchie,SC,32.5851,-80.9328
Richfield,NE,41.1108,-96.0763
Staint Clair,PA,40.4786,-78.2284
Independence,IN,40.3378,-87.1717
Silverdale,KS,37.0424,-96.9018
Arrowhead Springs,WY,41.5081,-109.1551
Winnetoon,NE,42.5135,-97.9601
Manuelito,NM,35.4387,-108.9946
Elizaville,IN,40.1267,-86.3758
Villa Sin Miedo,PR,18.2565,-65.8728
Elk Grove,PA,41.3062,-76.4069
Lake View,IN,39.4852,-85.2492
De Borgia,MT,47.3701,-115.3211
Alden,IL,42.4588,-88.5184
Sedan,MN,45.5782,-95.2453
Bruneau,ID,42.8766,-115.8001
Avalon,MO,39.66,-93.4394
Caddo Gap,AR,34.4025,-93.6179
Sugden,OK,34.0826,-97.9788
Linoma Beach,NE,41.0583,-96.3149
Ocean Beach,NY,40.6463,-73.1565
Grand Pass,MO,39.205,-93.4427
Andover,SD,45.4102,-97.9037
Malo,WA,48.7997,-118.6119
Westland,PA,40.2789,-80.2731
Shageluk,AK,62.6684,-159.563
Charles City,VA,37.344,-77.0687
Nashoba,OK,34.4816,-95.2143
Clyde,MO,40.2662,-94.6696
Herron,MT,48.5341,-109.7718
Rivergrove,CA,35.4403,-118.9411
Millersburg,IL,41.2403,-90.8186
South Gorin,MO,40.3596,-92.0246
Lakeview,MT,44.6021,-111.8124
Orland Colony,SD,43.8216,-97.199
Grassland Colony,SD,45.6682,-98.7965
Verdel,NE,42.8114,-98.1933
Hadley,MN,43.9987,-95.8575
Rathbun,IA,40.8018,-92.8879
Inavale,NE,40.0923,-98.6484
Zion,OK,35.7892,-94.6377
Truxton,MO,39.0035,-91.2403
Darlington,MO,40.1981,-94.3997
Whippoorwill,OK,36.9123,-96.1288
Ekwok,AK,59.3462,-157.4861
Moffett,OK,35.4059,-94.4552
Camp Crook,SD,45.55,-103.975
Homestead,OK,36.15,-98.3969
Paradise,KS,39.1145,-98.9184
Twin Brooks,SD,45.209,-96.7855
Swink,OK,34.0169,-95.2018
Rogers,ND,47.074,-98.2031
Urbank,MN,46.1242,-95.5104
Midway,MN,47.317,-95.7838
Ashwood,SC,34.1142,-80.3039
New Washington,PA,40.8218,-78.7019
Thomasville,MO,36.7912,-91.5342
Gillett Grove,IA,43.0167,-95.0367
Calzada,PR,18.0054,-66.564
Rivers,NM,33.6757,-108.7768
Tecolote,NM,35.4604,-105.2842
Aspinwall,IA,41.9105,-95.135
Raynham,NC,34.5761,-79.1908
Iatan,MO,39.4791,-94.9848
Lake Cicott,IN,40.7642,-86.5242
Springwater Colony,MT,46.4569,-109.7532
Tolu,KY,37.4337,-88.2454
Foosland,IL,40.3611,-88.4291
Esterbrook,WY,42.4062,-105.3858
Boyds,WA,48.7245,-118.1321
Alton,IN,38.1211,-86.4195
Krupp,WA,47.4105,-118.9887
Alleghany,CA,39.4666,-120.8411
Little Cedar,IA,43.3801,-92.7258
Ramos,TX,26.428,-99.027
La Platte,NE,41.0718,-95.9255
Belva,WV,38.2327,-81.1894
Youngstown,CA,37.6481,-119.7182
Mount Olive,VA,38.9798,-78.4533
Kaskaskia,IL,37.9213,-89.9163
Lone Elm,KS,38.0796,-95.243
Teegarden,IN,41.465,-86.3775
Henriette,MN,45.8711,-93.12
Ree Heights,SD,44.5158,-99.2005
Ona,FL,27.483,-81.9097
Toyah,TX,31.3125,-103.7946
Fremont,UT,38.4556,-111.6148
Cotopaxi,CO,38.3738,-105.6912
Regal,MN,45.4054,-94.8397
Benton,AL,32.3078,-86.818
Brookview,MD,38.5739,-75.7927
Royer,PA,40.4223,-78.2725
Musselshell,MT,46.5063,-108.0862
Shell,WY,44.5346,-107.7844
Otranto,IA,43.4608,-92.9863
Bancroft,SD,44.4894,-97.7505
Prince,WV,37.8593,-81.0722
Martinsdale,MT,46.4548,-110.312
Loma Linda East,TX,27.7663,-98.1942
Sunset Acres,TX,27.7942,-99.4566
Altamont,SD,44.8408,-96.6901
Holladay,TN,35.872,-88.1449
Elyria,NE,41.6802,-99.0053
Arcola,MO,37.5493,-93.8753
Gruver,IA,43.3931,-94.7036
Parshall,CO,40.0554,-106.1757
Westphalia,IN,38.8665,-87.2277
Moss Landing,CA,36.8019,-121.7872
Menlo,KS,39.3561,-100.7242
Natural Bridge,AL,34.0904,-87.6014
Elwin,IL,39.7763,-88.9778
McKinney,KY,37.4531,-84.7577
Neihart,MT,46.9352,-110.736
Deer Grove,IL,41.6096,-89.6866
Belgreen,AL,34.4767,-87.8653
Spade,TX,33.926,-102.1543
Kremlin,MT,48.5707,-110.0862
Dalton,MO,39.3976,-92.9921
Ellston,IA,40.8401,-94.1084
Scofield,UT,39.7198,-111.1623
Wooldridge,MO,38.9065,-92.5214
Edmond,KS,39.6272,-99.8199
Ak Chin,AZ,32.2873,-112.0091
Glennville,CA,35.7242,-118.7152
Regina,NM,36.1947,-106.9453
Ashland,OK,34.7668,-96.0706
Altoona,FL,28.9681,-81.6482
Biddle,MT,45.1051,-105.3116
Pendleton,MO,38.8326,-91.2305
Ferry,AK,64.0496,-148.9205
Huron,KS,39.6384,-95.3512
Campo Bonito,AZ,32.5629,-110.6984
Rustic Acres Colony,SD,43.8698,-97.099
Vernon,OK,35.2157,-95.9258
Santa Rita,MT,48.6984,-112.3188
Dell,MT,44.7268,-112.6969
Bonanza Hills,TX,27.7948,-99.4695
Alfordsville,IN,38.5604,-86.9481
Fisherville,PA,40.4726,-78.1699
Frytown,IA,41.572,-91.7321
Panola,IL,40.7829,-89.0203
Mill Creek,IL,37.3411,-89.2535
Dodson,TX,34.7654,-100.0204
Langdon,KS,37.8532,-98.324
Ohiopyle,PA,39.8689,-79.4947
West Denton,MD,38.8896,-75.8389
Mount Sterling,IA,40.6185,-91.9353
Pelkie,MI,46.8124,-88.6373
Cougar,WA,46.0493,-122.3034
Hughes,AK,66.0452,-154.2376
Wilsonia,CA,36.7347,-118.9558
Alexander,KS,38.4695,-99.553
Aurora,KS,39.452,-97.53
Kerrick,MN,46.3386,-92.5843
Seville,GA,31.9608,-83.6012
Burgess,MO,37.5568,-94.6153
Graingers,NC,35.3164,-77.5066
Carlton,AL,31.343,-87.8378
California Junction,IA,41.5601,-95.9947
Foster,NE,42.2747,-97.6651
Sula,MT,45.8453,-113.9629
Pine Lake,AZ,35.0887,-113.874
Luther,MT,45.2852,-109.4164
Bridgeport,KS,38.6272,-97.614
Ottosen,IA,42.8977,-94.376
Douglas,OK,36.2605,-97.6666
St. Cloud,MO,38.1732,-91.2127
Deweese,NE,40.3547,-98.1392
Detroit,IL,39.6202,-90.6759
Azalia,IN,39.0917,-85.8472
Healy Lake,AK,64.0281,-144.6331
Crestone,CO,37.9945,-105.6962
Quintana,TX,28.9279,-95.3171
King and Queen Court House,VA,37.6683,-76.8781
Cayuga,ND,46.0761,-97.3845
Blanchard,IA,40.5803,-95.2213
Acala,TX,31.3344,-105.9028
Alma,NM,33.3817,-108.8995
Jerome,IN,40.4553,-85.9308
Rodeo,NM,31.8396,-109.0265
Varina,IA,42.6585,-94.8982
Lynn Center,IL,41.2945,-90.3592
Aldrich,MN,46.3747,-94.9395
Fords Creek Colony,MT,47.131,-108.9169
Satartia,MS,32.6719,-90.5445
Inverness,MT,48.5599,-110.7101
Stanley,NM,35.1542,-105.9764
Girard,TX,33.3636,-100.6598
Fox,OK,34.3601,-97.4928
Plush,OR,42.4051,-119.8993
Chignik Lagoon,AK,56.3041,-158.5004
Chignik Lake,AK,56.2631,-158.8049
The Rock,GA,32.9635,-84.2378
Hidden Lake,CO,40.1055,-105.4777
Denham,MN,46.3617,-92.9415
Susitna,AK,61.4935,-150.595
Nimmons,AR,36.3062,-90.0951
Lake City,CA,41.646,-120.2255
Midway Colony,MT,48.067,-111.9935
Ceex Haci,WI,44.2818,-89.965
Wenonah,IL,39.32,-89.288
Cedar Mills,MN,44.9434,-94.5194
Springbrook,ND,48.2521,-103.4618
Wasola,MO,36.7857,-92.5685
Haynes,ND,45.9739,-102.471
Idana,KS,39.3595,-97.2662
May,OK,36.6167,-99.7485
Conway,IA,40.7492,-94.62
Blue Knob,PA,40.3527,-78.5533
Quitman,MO,40.3733,-95.0769
Bluewater Village,NM,35.2464,-107.9676
Manzano Springs,NM,34.9614,-106.2328
Waterford,MS,34.6494,-89.4575
Jackson Junction,IA,43.1014,-92.0462
Clear Lake,SD,45.6933,-97.3572
Judson,IN,39.8134,-87.1358
Elliott,ND,46.4023,-97.8149
Cliffdell,WA,46.9222,-121.0431
Florence,MN,44.2372,-96.0516
Rosedale,OK,34.9188,-97.1848
Radar Base,TX,28.8568,-100.5336
Seton Village,NM,35.5999,-105.9334
Linwood,NY,42.8967,-77.9476
Lonetree,WY,41.0273,-110.1536
Beverly,IL,39.7946,-90.99
Caputa,SD,43.9961,-102.9844
Ryan Park,WY,41.3131,-106.4896
Inkster,ND,48.1513,-97.6442
St. Clement,MO,39.2829,-91.2098
Mansfield,SD,45.2465,-98.5581
Winfred,SD,44.0009,-97.3598
McGrath,MN,46.2421,-93.2751
Big Spring,MO,38.802,-91.4837
Danville,KS,37.286,-97.8921
Guffey,CO,38.7591,-105.5024
Moccasin,AZ,36.9099,-112.7546
Old Eucha,OK,36.3551,-94.9379
Susank,KS,38.6407,-98.7745
Kirk,CO,39.6127,-102.592
Landusky,MT,47.8982,-108.6202
Vera Cruz,IN,40.7016,-85.0795
Pilsen,KS,38.4711,-97.0389
Mohawk Vista,CA,39.8048,-120.5883
Hogeland,MT,48.8547,-108.6624
Nelson,NV,35.7179,-114.8313
Princeton,ID,46.9152,-116.8315
Bergoo,WV,38.4849,-80.2981
Samnorwood,TX,35.05,-100.2814
Haigler Creek,AZ,34.2163,-110.9719
Larke,PA,40.425,-78.2086
Barada,NE,40.2185,-95.5777
Durham,OK,35.8427,-99.9264
Ross Corner,NJ,41.1243,-74.719
Spencer,ID,44.377,-112.1897
Cherokee Falls,SC,35.0645,-81.5436
Holiday City,OH,41.6183,-84.5384
Swedona,IL,41.2801,-90.4433
Burdick,KS,38.5589,-96.8472
Great Bend,ND,46.1546,-96.801
Nora,NE,40.1642,-97.9738
Hurdsfield,ND,47.4468,-99.931
Hope,AK,60.8924,-149.6352
Wide Ruins,AZ,35.4176,-109.4994
Pencil Bluff,AR,34.6299,-93.735
Madeline,CA,41.0514,-120.4755
Brinsmade,ND,48.184,-99.3236
Canyon Creek,MT,46.8053,-112.2544
Sage Creek Colony,MT,48.9288,-110.9723
Chignik,AK,56.3003,-158.4132
Cantu Addition,TX,27.202,-98.1555
IXL,OK,35.5227,-96.3882
Lawrenceport,IN,38.7512,-86.3878
Topeka,IL,40.3304,-89.9306
Lushton,NE,40.724,-97.7237
Seneca,NE,42.044,-100.8321
Oak Springs,AZ,35.476,-109.1318
Riverside,WY,41.2154,-106.7813
Scott,AR,34.6966,-92.0938
Salmon Creek,CA,38.3462,-123.0595
Inland,NE,40.5954,-98.2232
Anderson,IA,40.7982,-95.6086
Memphis,AL,33.1369,-88.3008
Chilili,NM,34.8974,-106.2332
Johnstown,NE,42.5721,-100.0563
Courtenay,ND,47.2241,-98.5685
Oberon,ND,47.9242,-99.2059
Broseley,MO,36.6754,-90.2441
Tyrone Forge,PA,40.6603,-78.2225
Venice,NE,41.239,-96.3526
Platina,CA,40.3591,-122.9042
Oxville,IL,39.7054,-90.5604
Rockham,SD,44.9043,-98.8234
Callimont,PA,39.8011,-78.9216
Lupus,MO,38.846,-92.454
Los Arcos,TX,27.6144,-99.2105
Standing Rock,AL,33.0863,-85.2449
Hensley,AR,34.5068,-92.2069
Triplett,MO,39.4984,-93.1938
Wightmans Grove,OH,41.4243,-83.0468
Iago,TX,29.2665,-95.963
Cogdell,GA,31.1663,-82.7217
Powhatan,LA,31.8738,-93.2032
Cuyama,CA,34.9312,-119.6148
Riggston,IL,39.6944,-90.4234
Cope,SC,33.3777,-81.0079
Millgrove,IN,40.4084,-85.275
Playas,NM,31.9125,-108.5363
Atlantic City,WY,42.5012,-108.733
Sun Valley,TX,33.6705,-95.4287
Cedar Highlands,UT,37.6295,-113.0667
Loring Colony,MT,48.7891,-107.9687
Alsen,ND,48.6303,-98.7048
Russell Springs,KS,38.9128,-101.1757
Dewey,MT,45.7764,-112.8553
New Richmond,WV,37.5734,-81.487
Snyder,CO,40.3309,-103.592
Macedonia,IL,38.0525,-88.7054
Tinsman,AR,33.6292,-92.3533
Victoria Vera,TX,26.3182,-98.6929
Ski Gap,PA,40.316,-78.5174
Virgil,KS,37.9807,-96.0116
Cedar,MI,44.8466,-85.7941
Port Alexander,AK,56.2346,-134.6532
Yorktown,IA,40.7353,-95.1544
Peterman,AL,31.5837,-87.2631
Seneca,SD,45.0608,-99.5092
Stockville,NE,40.5335,-100.3846
Atka,AK,52.2301,-174.2133
Sandusky,IN,39.4195,-85.478
Longcreek,SC,34.7776,-83.2602
Boyd,MT,45.454,-109.0697
Snowslip,MT,48.2648,-113.446
New Marion,IN,39.0076,-85.3588
Saltaire,NY,40.6389,-73.1949
Ophir,UT,40.3716,-112.2507
Tolley,ND,48.7303,-101.8274
Rafael Pena,TX,26.301,-98.6409
Cathedral,CO,38.0836,-107.0306
Metz,IN,41.6162,-84.8394
Realitos,TX,27.4454,-98.5303
Van Tassell,WY,42.6643,-104.0913
Ambrose,ND,48.9559,-103.4813
Osage,WV,39.6593,-80.007
Riceville,MT,47.2202,-110.9262
Golden,OK,34.0312,-94.8978
Karluk,AK,57.5845,-154.3255
Dahlen,ND,48.1587,-97.9319
Hampden,ND,48.5395,-98.6542
Gilead,NE,40.1461,-97.4151
Mona,IA,43.486,-92.9534
Manhattan Beach,MN,46.737,-94.1396
Wingate,TX,32.0455,-100.104
Platinum,AK,58.978,-161.7185
Chase,AK,62.4624,-149.9371
Rockport Colony,SD,43.582,-97.8431
Pompeys Pillar,MT,45.9906,-107.9504
Hendley,NE,40.1313,-99.9713
Alleene,AR,33.7648,-94.2622
Diomede,AK,65.7536,-168.9219
Garland,KS,37.7305,-94.6244
Oxly,MO,36.6025,-90.679
Ozone,AR,35.6352,-93.445
Dellview,NC,35.3865,-81.4127
Lane,SD,44.0697,-98.4246
Palmyra,VA,37.8652,-78.2627
Ernstville,MD,39.6304,-78.0239
Jugtown,PA,40.3363,-78.327
Sherman,CT,41.5746,-73.4957
Strang,NE,40.4149,-97.5872
Dana,IA,42.1072,-94.2383
Orin,WY,42.6505,-105.1826
Domino,TX,33.2495,-94.1162
Franklin Forge,PA,40.4713,-78.2317
New Salem,KS,37.3143,-96.8897
Utica,OK,33.9051,-96.2214
Frierson,LA,32.2486,-93.6895
Haugan,MT,47.3887,-115.4079
Webber,KS,39.9344,-98.0351
Mappsburg,VA,37.576,-75.7593
Mound,LA,32.333,-91.0241
Coolin,ID,48.476,-116.8441
Tarnov,NE,41.6148,-97.5025
Westervelt,IL,39.4792,-88.8612
Flaxton,ND,48.8974,-102.3933
Spiritwood,ND,46.9343,-98.4933
Buell,MO,39.0328,-91.4407
Square Butte,MT,47.5147,-110.1991
Niagara,ND,47.9983,-97.8717
Crocker,SD,45.107,-97.7805
Wise River,MT,45.792,-112.9485
Elm Grove,OK,35.7926,-94.5694
Elmira,MO,39.5087,-94.1546
Miller,IA,43.1864,-93.6076
Boone Grove,IN,41.3548,-87.1295
Klahr,PA,40.2979,-78.5129
Preston,NE,40.0346,-95.5182
Cotesfield,NE,41.3575,-98.6335
Roscoe,MT,45.3517,-109.4932
Grovespring,MO,37.3999,-92.606
Clear Creek,UT,39.6433,-111.1548
El Rancho,WY,42.268,-105.0477
Cotter,IA,41.2925,-91.4617
Unity,OR,44.4491,-118.1881
Denver,MO,40.3989,-94.3233
San Acacio,CO,37.2086,-105.5667
Labette,KS,37.23,-95.1836
Hatfield,MN,43.9546,-96.1905
Buck Grove,IA,41.9175,-95.3951
Padroni,CO,40.7818,-103.1733
Benton,IA,40.7047,-94.3608
Alice,ND,46.76,-97.5562
Galatia,KS,38.6411,-98.9578
Leando,IA,40.8237,-92.0823
Wolford,ND,48.4975,-99.7038
Onaka,SD,45.1912,-99.4659
Lonerock,OR,45.0887,-119.8841
Candy Kitchen,NM,34.912,-108.4929
Forbes,ND,45.9425,-98.782
Fairdale,ND,48.49,-98.2312
Clio,IA,40.636,-93.4514
New Lisbon,IN,39.8634,-85.263
Reserve,MT,48.6024,-104.4677
Redstone,MT,48.8217,-104.9432
Speed,KS,39.6764,-99.4209
Cynthiana,OH,39.1736,-83.3485
Moccasin,MT,47.0527,-109.9086
Crab Orchard,NE,40.3347,-96.4224
Worthington,MO,40.4085,-92.6892
Money Island,NJ,39.2855,-75.2352
King Ranch Colony,MT,47.0572,-109.6362
Jackson,MT,45.3679,-113.4097
Big Spring,MD,39.6257,-77.9396
Eagle Grove,GA,34.2918,-83.0043
Long Creek,ND,48.1009,-103.2548
Towner,CO,38.4705,-102.0804
Paynes Creek,CA,40.3409,-121.9174
Monarch,MT,47.1003,-110.8448
Kellogg Point,CT,41.4681,-73.4597
Tatitlek,AK,60.8921,-146.6727
Velpen,IN,38.3553,-87.1019
Hunter Creek,AZ,34.3054,-111.0159
Bartley,WV,37.3372,-81.7334
Waldo,KS,39.12,-98.7983
Lamkin,TX,31.8241,-98.2619
Clay,TX,30.3883,-96.346
Guion,AR,35.9269,-91.9389
Gardi,GA,31.5409,-81.797
Hamburg,IN,39.3809,-85.2508
Brogan,OR,44.2475,-117.5187
Nekoma,ND,48.5763,-98.3755
Rodman,IA,43.0266,-94.5274
Mulberry,OK,35.8631,-94.7014
Delphos,IA,40.6632,-94.3403
Wiseman,AK,67.437,-150.1334
Glazier,TX,36.0137,-100.2702
La Casita,TX,26.3368,-98.7336
Dunlap,KS,38.5763,-96.3676
Summerhaven,AZ,32.4416,-110.7766
Hollowayville,IL,41.3648,-89.2951
Cathay,ND,47.5542,-99.4108
Alatna,AK,66.5638,-152.8385
Twin Hills Colony,MT,48.0168,-111.0698
Butte Meadows,CA,40.0871,-121.537
Hillman,MN,46.0063,-93.8887
Hilldale Colony,MT,48.8035,-109.7832
Mehan,OK,36.0457,-96.9401
Huntersville,WV,38.186,-80.0152
Golden Valley Colony,MT,46.2592,-109.2735
Floriston,CA,39.393,-120.0149
King Lake,NE,41.3135,-96.3017
Smithwick,SD,43.2976,-103.2163
Lancaster,VA,37.7675,-76.4549
Ono,CA,40.4801,-122.6257
Martinsburg Junction,PA,40.3101,-78.3365
Rye,AZ,34.0979,-111.3542
Bavaria,KS,38.7955,-97.7548
Keeler,CA,36.4867,-117.8733
Hough,OK,36.872,-101.5747
Live Oak,SC,34.056,-78.9397
Tunis,TX,30.544,-96.528
Blue Eye,AR,36.4966,-93.3977
Hamlin,KS,39.9156,-95.6275
Waverly,SD,44.9987,-96.9742
Louisburg,MN,45.1645,-96.1711
Fedora,SD,44.0067,-97.7895
Zeandale,KS,39.1627,-96.4279
De Lamere,ND,46.2668,-97.3332
Warm Springs,VA,38.0463,-79.7826
Ardoch,ND,48.2054,-97.338
Bassett,KS,37.9063,-95.4076
Rainsville,IN,40.414,-87.3158
Trout Valley,NM,33.0363,-108.1893
Maverick Junction,SD,43.4087,-103.3958
Beavertown,PA,40.3737,-78.237
Sunrise,AK,60.8701,-149.4678
Matheson,CO,39.1683,-103.977
Ohoopee,GA,32.1808,-82.2209
Jolley,IA,42.4794,-94.7191
Scottsville,KS,39.5426,-97.9523
Fults,IL,38.1644,-90.2128
Leal,ND,47.1049,-98.3155
Los Ojos,NM,36.7361,-106.5669
Gandy,NE,41.4698,-100.4583
Lucerne,MO,40.4639,-93.2911
Lawton,ND,48.3036,-98.3684
Leaf,MS,31.0276,-88.798
Boykin,GA,31.1017,-84.6848
Juntura,OR,43.7487,-118.0789
La Paloma Ranchettes,TX,26.3148,-98.623
Hartwell,MO,38.4331,-93.9342
Draper,SD,43.9262,-100.5372
Springdale,MT,45.7381,-110.2236
McMullen,AL,33.1481,-88.1757
Arbela,MO,40.4631,-92.0156
Edgewater Estates,TX,28.0969,-97.865
Flowella,TX,27.22,-98.0645
Paxson,AK,63.011,-145.7312
Udell,IA,40.7801,-92.7432
Leonard,MN,47.6513,-95.2672
Deerfield Colony,MT,47.2601,-109.6787
St. Benedict,IA,43.044,-94.0609
Johnson,MN,45.5722,-96.2941
California Hot Springs,CA,35.8876,-118.6551
Manley Hot Springs,AK,65.0187,-150.6453
Long Barn,CA,38.0957,-120.1285
Ranchitos East,TX,27.4901,-99.3668
Heltonville,IN,38.9278,-86.3755
Bucks Lake,CA,39.8797,-121.1941
Arjay,KY,36.8062,-83.642
Richfield,KS,37.2653,-101.7828
Sibley,ND,47.2188,-97.9654
Monte Verde,PR,18.0972,-66.6196
Pollock,MO,40.3583,-93.0834
Mount Holly,AR,33.303,-92.9539
Crozier,AZ,35.4227,-113.6487
Nenzel,NE,42.9274,-101.1018
Clark's Point,AK,58.8329,-158.5276
Whitlock,TN,36.3707,-88.3612
Norris,MT,45.5731,-111.6913
South Woodstock,VT,43.5608,-72.5321
Carlton,KS,38.6866,-97.2931
Meyer,IL,40.1477,-91.5031
Foraker,OK,36.8728,-96.5693
Helmer,IN,41.5312,-85.1702
Tulsita,TX,28.6423,-97.818
Meridian,OK,35.8442,-97.2456
Saumsville,VA,38.9357,-78.4992
Jacksonburg,OH,39.5384,-84.5032
Burchinal,IA,43.0648,-93.2786
Ludden,ND,46.0082,-98.1254
Geronimo Estates,AZ,34.3695,-111.3617
Bay Lake,FL,28.387,-81.5751
Brandon,CO,38.4464,-102.4412
Covenant Life,AK,59.3998,-136.0946
Norristown,GA,32.5064,-82.4982
Kilbourne,OH,40.3323,-82.9593
Nealmont,PA,40.6666,-78.2187
Rachel,NV,37.6414,-115.7681
Tarrants,MO,39.3578,-91.1836
Little America,WY,41.547,-109.8642
Kickapoo Site 2,KS,39.7029,-95.6495
Fernwood,MS,31.1847,-90.4531
Bolton,VT,44.3742,-72.8859
Illinois City,IL,41.3991,-90.8996
Edgemont,AR,35.6011,-92.1953
Marvin,SD,45.2605,-96.9154
Wood Lake,NE,42.6386,-100.2376
Baring,MO,40.2447,-92.2059
Utica,MT,46.9678,-110.0935
Urbana,KS,37.558,-95.3999
Concord,KY,38.6876,-83.4915
Port Protection,AK,56.3293,-133.594
Elmer,MO,39.9573,-92.6499
Deanville,TX,30.4295,-96.7569
Friendship,OK,34.6978,-99.2287
Childers Hill,TN,35.0816,-88.3267
Levelock,AK,59.0683,-156.9009
Max,NE,40.1143,-101.4045
Pinetown,NC,35.6111,-76.8558
Edgewood,CA,41.462,-122.426
Fontenelle,WY,41.9973,-110.0626
Wolf Creek,MT,47.0059,-112.07
Crooked Creek,AK,61.8439,-158.1082
Warm Spring Creek,MT,47.1847,-109.2827
Mexican Hat,UT,37.1731,-109.873
Gamaliel,AR,36.4518,-92.2369
Sarles,ND,48.945,-98.9969
Prairie City,SD,45.5312,-102.8164
Brownsville,MD,39.3782,-77.6615
Shoshone,CA,35.951,-116.3056
Brownell,KS,38.6406,-99.7443
Elliott,MD,38.3095,-76.0069
Pancoastburg,OH,39.624,-83.2642
Lakewood,IL,39.3235,-88.8981
Bevington,IA,41.3596,-93.7902
Kramer,ND,48.691,-100.7078
Dutch John,UT,40.9301,-109.4042
Wilder,MN,43.828,-95.2058
Owasa,IA,42.4319,-93.2047
Golden,NM,35.2637,-106.223
Yetter,IA,42.3161,-94.843
Albany,WY,41.1869,-106.1255
Obert,NE,42.6895,-97.0272
Coleman,GA,31.6717,-84.8903
Gregory,AR,35.1534,-91.3343
Westerville,NE,41.3962,-99.3818
Antler,ND,48.9713,-101.2832
Saltese,MT,47.4115,-115.512
Hamlet,NE,40.3845,-101.2345
Alzada,MT,45.0206,-104.4129
Sholes,NE,42.3348,-97.2946
Byron,OK,36.9014,-98.2944
Pine Bend,MN,47.4222,-95.5979
Huntsdale,MO,38.912,-92.4787
Valley Park,OK,36.2828,-95.7362
Amidon,ND,46.4822,-103.3196
Mammoth,MT,45.6692,-112.0176
South Mound,KS,37.435,-95.2245
Gilman,MT,47.5093,-112.3578
Normanna,TX,28.5277,-97.7831
Floweree,MT,47.7248,-111.0254
Chamizal,NM,34.2182,-106.9152
Parks,NE,40.0436,-101.7251
Spring Creek Colony,MT,47.154,-109.6207
Emmet,NE,42.4757,-98.8093
Impact,TX,32.5002,-99.7465
Port Clarence,AK,65.1108,-166.7683
Duran,NM,34.4636,-105.3807
Jennings,MD,39.6487,-79.1835
Long Lake,SD,45.8567,-99.2058
Elkport,IA,42.7417,-91.275
Jenner,CA,38.451,-123.1203
Eastshore,KS,38.3839,-97.0682
Leamersville,PA,40.3742,-78.4312
Sapphire Ridge,MT,46.8866,-110.2522
Helvetia,WV,38.7058,-80.1993
Keystone,NE,41.2187,-101.5841
Gross,NE,42.9461,-98.5697
Stockham,NE,40.7164,-97.9434
Washington Park,AZ,34.3978,-111.2731
Alanreed,TX,35.2117,-100.7325
Nanafalia,AL,32.1114,-87.9958
Mutual,OK,36.2305,-99.168
Fourche,AR,34.9933,-92.6189
Harding,IL,41.5179,-88.8487
Whitestone,AK,64.1527,-145.9061
Hyampom,CA,40.6262,-123.4689
Hyder,AK,55.9816,-130.0383
Correll,MN,45.232,-96.1627
Graysville,IN,39.1175,-87.5561
Hansboro,ND,48.9524,-99.3802
Vilas,SD,44.0084,-97.5956
Lisco,NE,41.4986,-102.6236
North Grove,IN,40.6123,-85.9661
Clayton,ID,44.2591,-114.388
Stony River,AK,61.7937,-156.5861
Glenn,GA,33.1493,-85.2092
Saratoga,AR,33.7446,-93.9043
Datil,NM,34.1423,-107.8424
Oark,AR,35.6923,-93.5733
Bucyrus,KS,38.7237,-94.714
Lunenburg,VA,36.9585,-78.2683
Edge Hill,GA,33.1534,-82.625
Baker,NV,39.015,-114.1233
Quail,TX,34.9151,-100.3919
Kep'el,CA,41.2842,-123.819
Valley City,IL,39.7067,-90.6508
Strathcona,MN,48.5537,-96.1671
Bentley,IL,40.344,-91.1118
Leith,ND,46.3626,-101.6385
Hollenberg,KS,39.981,-96.9917
Wynnburg,TN,36.3301,-89.4686
Marienthal,KS,38.4891,-101.22
Gascoyne,ND,46.119,-103.0788
Sumner,OK,36.3182,-97.1179
Attu Station,AK,52.8955,173.123
Redcrest,CA,40.3988,-123.9474
Calvin,ND,48.8518,-98.938
Graniteville,CA,39.4442,-120.7361
Broadland,SD,44.4938,-98.3466
Rockwood,IL,37.8404,-89.6968
Colliers,WV,40.3651,-80.5377
Winigan,MO,40.0468,-92.9018
Benndale,MS,30.8686,-88.8055
Pickens,WV,38.6559,-80.216
Virgil,SD,44.2909,-98.4276
Paris Crossing,IN,38.8295,-85.648
Van Vleet,MS,33.9833,-88.8972
Evansville,AK,66.9206,-151.4201
Shaniko,OR,45.0037,-120.7522
Twodot,MT,46.4224,-110.0725
Embden,ND,46.805,-97.4395
La Bajada,NM,35.5565,-106.2436
Ferrer Comunidad,PR,18.4054,-67.0671
Janesville,IL,39.3753,-88.2449
Toeterville,IA,43.4401,-92.8879
Maytown,KY,37.5326,-82.7992
Williamstown,MO,40.2409,-91.7977
Durango,IA,42.5618,-90.7762
Jovista,CA,35.794,-119.1896
Ludell,KS,39.8566,-100.9583
Macomb,OK,35.1479,-97.0086
Chilo,OH,38.7934,-84.1374
Oak Hill,KS,39.2466,-97.3428
Stidham,OK,35.3686,-95.7008
Little Valley,CA,40.8931,-121.178
Wiederkehr Village,AR,35.4817,-93.7577
Lake Minchumina,AK,63.7981,-152.3446
Tonopah,AZ,33.488,-112.9308
Wetonka,SD,45.6242,-98.7717
Huntley,WY,41.9316,-104.1439
Braddock,ND,46.564,-100.0896
Pedro Bay,AK,59.7862,-154.1321
Jacks Creek,TN,35.4691,-88.5146
South Lineville,MO,40.5785,-93.5242
Lazy Lake,FL,26.1563,-80.1452
Monango,ND,46.1734,-98.5952
Delacroix,LA,29.7652,-89.7874
Farnsworth,TX,36.3111,-100.9683
Ayers Ranch Colony,MT,47.051,-108.945
Portland,IA,43.1254,-93.1351
Sexton,IA,43.0749,-94.0892
Tippecanoe,OH,40.2737,-81.2812
South Gifford,MO,40.0258,-92.6829
Big Sandy,WV,37.4608,-81.7051
Botines,TX,27.7719,-99.4571
Calio,ND,48.6238,-98.938
Beaver,KS,38.6379,-98.6736
Homestead,MT,48.4202,-104.5369
Milford,MO,37.5864,-94.1581
Loma,ND,48.6417,-98.5248
Hachita,NM,31.9153,-108.3253
Pendroy,MT,48.073,-112.2992
Two Buttes,CO,37.5606,-102.3965
Doran,VA,37.0958,-81.8321
Auburn,ND,48.5066,-97.4368
Pine Grove,WA,48.6501,-118.6839
Fox,AK,64.9749,-147.609
Los Veteranos II,TX,27.7711,-99.4433
Edna Bay,AK,55.964,-133.6662
Mountain City,NV,41.8374,-115.9633
Livonia,MO,40.492,-92.7005
White Rock,SD,45.9248,-96.576
Denhoff,ND,47.4786,-100.2592
Coulterville,CA,37.7123,-120.1967
Avard,OK,36.6973,-98.7893
Falman,TX,27.9281,-97.1713
Lutak,AK,59.3997,-135.6314
Champion,NE,40.4706,-101.7468
Midfield,TX,28.9404,-96.2132
Radium,KS,38.1738,-98.8944
Hardy,IA,42.8102,-94.0512
Sarben,NE,41.1662,-101.3043
Elfin Cove,AK,58.1286,-136.1951
Cobden,MN,44.2825,-94.8466
Clarysville,MD,39.6421,-78.8887
Berea,NE,42.2123,-102.983
Aurora Center,SD,43.5272,-98.5894
Alta Sierra,CA,35.7292,-118.5493
Jacinto,MS,34.7622,-88.4276
Waldron,KS,37.0018,-98.1825
Florence,IL,39.6288,-90.6108
Concepcion,TX,27.3951,-98.3556
Hopeton,OK,36.6882,-98.662
Bonanza,CO,38.2966,-106.1419
Conway,ND,48.2343,-97.6751
Lovelaceville,KY,36.9672,-88.8335
Carlton,TX,31.9197,-98.1714
Denio,NV,41.9888,-118.6375
Romeville,LA,30.0676,-90.8341
Bynum,MT,47.9682,-112.3165
Doran,MN,46.1852,-96.4857
Mentone,TX,31.7073,-103.5989
Hannah,ND,48.9729,-98.6903
Saline City,IN,39.3653,-87.1322
Tavistock,NJ,39.8758,-75.0273
Englevale,ND,46.3912,-97.9038
Oak Hill,AL,31.9216,-87.0852
Ogallah,KS,38.9946,-99.7326
Buckshot,AZ,32.7404,-114.4829
Roseville,IA,43.0253,-92.8082
Ayr,ND,47.0411,-97.4909
Big Rock,IA,41.7691,-90.8265
Oral,SD,43.41,-103.2648
Ypsilanti,ND,46.7834,-98.561
Lorenzo,NE,41.0576,-103.0821
Opolis,KS,37.3449,-94.6245
Charmwood,MO,38.281,-91.0968
Pillsbury,ND,47.2071,-97.7957
Fay,OK,35.8161,-98.6587
Deputy,IN,38.7952,-85.6528
Vail,PA,40.7011,-78.2139
Tamora,NE,40.8945,-97.2252
Argo,IA,41.6258,-90.4341
Marineland,FL,29.6657,-81.2138
Gutierrez,TX,26.34,-98.6319
Livengood,AK,65.4817,-148.4171
Bazile Mills,NE,42.5124,-97.9083
Connerville,OK,34.4436,-96.6359
Monroe,AR,34.7341,-91.1067
Arlington,WY,41.6053,-106.1997
St. Charles,SD,43.0881,-99.0949
Elrod,IN,39.0548,-85.1638
Harris,KS,38.3206,-95.445
Winterhaven,CA,32.7372,-114.6378
River Forest,IN,40.1106,-85.7292
Centerville,MT,47.3844,-111.1432
Lindy,NE,42.7351,-97.7499
Fontana Dam,NC,35.4328,-83.8248
Anatone,WA,46.1354,-117.1322
Kidder,SD,45.8817,-97.7139
Eagle City,OK,35.9338,-98.59
Byers,KS,37.7879,-98.8671
Santa Monica,TX,26.3654,-97.59
Templeton,IN,40.5134,-87.2074
Artas,SD,45.8873,-99.8069
Ocean,MD,39.6016,-78.945
Little Grass Valley,CA,39.7252,-120.959
Halley,AR,33.5363,-91.3236
Sanford,VA,37.9299,-75.662
Ashley,MO,39.2537,-91.2239
Biehle,MO,37.6065,-89.8377
Hetland,SD,44.3772,-97.2347
Plainview,IA,41.6672,-90.7801
Franktown,VA,37.4777,-75.8773
Sleeping Buffalo,MT,48.483,-107.5319
Stillwell,IN,41.5559,-86.6028
Silesia,MT,45.556,-108.8368
Wautec,CA,41.3543,-123.8623
Lambert,MO,37.0938,-89.5547
Point of Rocks,WY,41.6831,-108.7755
Gapland,MD,39.4021,-77.6584
Woodruff,KS,39.9876,-99.4316
Lime Village,AK,61.327,-155.3181
Kingsbury Colony,MT,48.3044,-112.4846
Mayhill,NM,32.8961,-105.496
Cliff Village,MO,37.0252,-94.5172
Irena,MO,40.5403,-94.3899
Goodland,MN,47.1636,-93.1376
Bent,NM,33.1473,-105.8589
Cedar Point,KS,38.26,-96.8225
Overly,ND,48.6811,-100.151
Raleigh,ND,46.3572,-101.3054
Megargel,AL,31.3781,-87.4307
Seven Springs,NC,35.2249,-77.8452
Arvada,WY,44.6621,-106.1418
Whitlash,MT,48.9089,-111.2519
Perth,ND,48.7148,-99.4582
Lake Buena Vista,FL,28.379,-81.5262
Elbert,TX,33.2747,-99.0021
Dudley,SD,43.3082,-103.8192
Orogrande,NM,32.3874,-106.1003
Ragan,NE,40.3108,-99.2896
Hiko,NV,37.6063,-115.2018
Burnt Cabins,PA,40.0781,-77.8956
Nash,ND,48.4778,-97.5245
Lakeside,CO,39.7802,-105.0579
Hamberg,ND,47.7633,-99.516
Lambert,OK,36.6832,-98.4237
Indian Springs,MD,39.6457,-78.0074
Valdez,CO,37.1239,-104.6793
Gerster,MO,37.9548,-93.5769
Pilgrim,MI,44.6645,-86.2498
Texola,OK,35.2225,-99.993
Canyondam,CA,40.1698,-121.0771
Sherwood,TN,35.0749,-85.9259
Jefferson,OK,36.7203,-97.7909
Amorita,OK,36.924,-98.2936
Rock House,AZ,33.6318,-110.9456
Heil,ND,46.3892,-101.7012
York,ND,48.3132,-99.5733
Martinez,TX,26.4221,-98.7529
Roxbury,KS,38.5511,-97.4274
Charco,AZ,32.2474,-112.6001
Coyote,NM,36.1615,-106.6067
Kramer,NE,40.5913,-96.8734
Whitetail,MT,48.8966,-105.1619
Frenchtown-Rumbly,MD,38.0831,-75.8521
Adamson,OK,34.9243,-95.5474
Corral Viejo,PR,18.0755,-66.6523
Twin Lakes,CA,38.1695,-119.3422
Hillside Acres,TX,27.6762,-99.1777
Cedar,KS,39.6571,-98.9402
Boy River,MN,47.1679,-94.1242
Champ,MO,38.745,-90.4537
Kupreanof,AK,56.809,-132.9889
Stephan,SD,44.2482,-99.4576
Pinehaven,NM,35.3357,-108.671
Lotsee,OK,36.1334,-96.2091
Rocky Gap,VA,37.2413,-81.1049
Potomac,MT,46.8813,-113.5751
Mogollon,NM,33.4034,-108.7992
Fortescue,MO,40.0519,-95.3176
Corley,IA,41.5776,-95.3308
Big Horn,WY,44.6791,-106.9971
Stevens Village,AK,66.025,-149.0802
Pastura,NM,34.7851,-104.9421
Le Roy,IA,40.8779,-93.5926
Bloomfield,MT,47.4123,-104.919
Mylo,ND,48.6358,-99.6179
Lamar,NE,40.5725,-101.9793
Knowles,OK,36.8729,-100.1924
Cooperton,OK,34.8665,-98.8759
Harrison,SD,43.431,-98.5268
Loveland,OK,34.3046,-98.7708
Fallis,OK,35.7493,-97.1182
Birch River,WV,38.4961,-80.7497
Mildred,KS,38.0235,-95.1717
Norway,KS,39.6965,-97.7738
Harwood,MO,37.9567,-94.1541
Brownlee,NE,42.2893,-100.6241
Metz,MO,37.9965,-94.443
Hudson Crossroads,VA,38.7957,-78.725
Hobucken,NC,35.2544,-76.5712
Lynn,CO,37.4219,-104.6431
Jacksonville,IA,41.6452,-95.1515
Racetrack,MT,46.277,-112.7436
Fox Park,WY,41.0801,-106.1534
Copake Falls,NY,42.1202,-73.5247
Beaconsfield,IA,40.8075,-94.0507
Danvers,MT,47.2283,-109.713
Churchs Ferry,ND,48.2686,-99.1944
Thurmond,WV,37.961,-81.0796
Lindsay,MT,47.2249,-105.1528
Birch Creek,AK,66.2686,-145.8699
River Bend,MO,39.1841,-94.3941
Gann Valley,SD,44.0336,-98.9887
Milltown,SD,43.4252,-97.8081
Beluga,AK,61.1868,-151.1637
Hollister,OK,34.3408,-98.8712
Loomis,SD,43.7931,-98.104
Alcan Border,AK,62.6727,-141.1321
Port Tobacco Village,MD,38.5124,-77.0211
Princeton,AR,33.9775,-92.6241
Balfour,ND,47.9509,-100.5343
Bantry,ND,48.4973,-100.6095
Portage Creek,AK,58.9054,-157.6698
Larson,ND,48.8916,-102.8626
Laird,CO,40.0819,-102.102
Amherstdale,WV,37.7799,-81.8183
Emerald,NE,40.8131,-96.8354
Catherine,AL,32.186,-87.4699
Millerstown,PA,40.2771,-78.3029
San Fidel,NM,35.1025,-107.5975
Storla,SD,43.8625,-98.3526
Lupton,AZ,35.3547,-109.0527
Berkley,IA,41.9465,-94.1136
Edson,KS,39.335,-101.5495
Verdon,SD,45.2442,-98.0992
Sawpit,CO,37.9947,-108.0021
McClenney Tract,CA,35.822,-118.6477
Donaldson,MN,48.5749,-96.8992
Albee,SD,45.0513,-96.5535
Niota,IL,40.6155,-91.288
Point View,PA,40.4895,-78.2419
Butler,SD,45.262,-97.7117
New Holland,SD,43.4288,-98.6075
Barry,MN,45.5581,-96.5604
Drummond,ID,43.9996,-111.3433
Lantry,SD,45.0183,-101.4328
Ruso,ND,47.8373,-100.9343
The Ranch,MN,47.3198,-95.6952
State Line,ID,47.7052,-117.0366
Ugashik,AK,57.5736,-157.1232
Alamo Lake,AZ,34.2588,-113.5079
Jessie,ND,47.5402,-98.2291
Penalosa,KS,37.7156,-98.3202
Cowles,NE,40.1714,-98.4491
Bryant,OK,35.3923,-96.0624
Red Devil,AK,61.7735,-157.3461
Wales,ND,48.8952,-98.6008
Brockway,MT,47.2992,-105.7645
Cave,MO,39.0214,-91.0483
Ganister,PA,40.4736,-78.2266
Bergen,ND,48.0037,-100.7199
Grano,ND,48.6153,-101.5892
Stotesbury,MO,37.9744,-94.5645
Kinbrae,MN,43.8266,-95.4823
Gilbert,AR,35.9905,-92.7166
Bankston,IA,42.5074,-90.9613
Highgate Springs,VT,44.9782,-73.1056
McCarthy,AK,61.4539,-142.8648
Ferney,SD,45.3346,-98.0939
Lost Springs,WY,42.7652,-104.9255
Saint Catharine,MO,39.7986,-92.995
Goldcreek,MT,46.5838,-112.9284
Lowry,SD,45.3155,-99.9812
Kelly,KS,39.7368,-96.0008
Ismay,MT,46.5002,-104.7929
Nikolski,AK,53.0133,-168.7536
Monowi,NE,42.8307,-98.3296
Centralia,PA,40.8047,-76.3439
Black Hat,NM,35.6311,-108.9641
Fishers Hill,VA,38.9872,-78.402
Sheep Ranch,CA,38.2075,-120.4602
Lakeshore Resort,IN,39.5143,-85.0208
Fostoria,PA,40.6191,-78.3198
Ursine,NV,37.9771,-114.2289
Hillsview,SD,45.6642,-99.5607
Sugarloaf Saw Mill,CA,35.8345,-118.6167
Valmy,NV,40.7908,-117.1266
Middleburg,MD,39.7177,-77.7239
McGaffey,NM,35.372,-108.5207
Dublin,MS,34.0727,-90.4892
Lamar,MS,34.9123,-89.3151
Johnsville,CA,39.7663,-120.713
Bigelow,MO,40.1098,-95.2894
Barton,ND,48.5093,-100.1734
Blanchard,ND,47.3432,-97.2228
Buck Meadows,CA,37.8104,-120.0687
Florida,MO,39.493,-91.7906
Topock,AZ,34.72,-114.4789
Toyei,AZ,35.7043,-109.9371
Tierra Dorada,TX,26.4007,-98.9213
Valle Hermoso,TX,26.3823,-98.7871
Paradise,MO,39.4289,-94.5127
Posey,CA,35.8039,-118.6787
Poso Park,CA,35.8113,-118.6363
Freeport,CA,38.4636,-121.5022
Harmony,IL,42.1589,-88.5286
Ionia,KS,39.6626,-98.3439
Delta City,MS,33.0738,-90.7925
Norrie,CO,39.328,-106.6562
Cedar Springs,GA,31.1873,-85.0324
Newport Colony,SD,45.6791,-97.9328
Almanor,CA,40.2146,-121.1763
Somerset,CO,38.9268,-107.4725
Grass Ranch Colony,SD,43.65,-98.8836
Lakeview Colony,SD,43.2202,-98.4564
Cedar Grove Colony,SD,43.5317,-98.8045
Platte Colony,SD,43.4678,-99.1261
Hillcrest Colony,SD,44.9425,-97.6672
Collins Colony,SD,44.5478,-97.7013
Franklinville,IL,42.2754,-88.5155
Morales-Sanchez,TX,26.7876,-99.1147
Likely,CA,41.2254,-120.5033
La Moca Ranch,TX,27.902,-99.5036
Dering Harbor,NY,41.0933,-72.3418
Milford Colony,MT,47.3282,-112.2127
Tab,IN,40.4149,-87.4773
Hoot Owl,OK,36.36,-95.1214
Sylvester,TX,32.7221,-100.2507
Mountain View,NM,32.2288,-107.7462
Lake Louise,AK,62.3423,-146.5875
Hartsel,CO,39.0219,-105.7976
Modena,UT,37.7947,-113.9275
Greenhorn,OR,44.7087,-118.4968
Owl Creek,WY,43.7819,-108.5679
Indian Springs,MT,48.9534,-115.0446
Beirne,AR,33.8882,-93.2062
Buffalo City,AR,36.1677,-92.4388
Stoneville,MS,33.4238,-90.9216
Lake Harbor,FL,26.6885,-80.8079
Zenith Colony,MT,48.8688,-112.3423
Pacific Beach,WA,47.2151,-124.1967
Windsor,IN,40.1545,-85.2127
Middle Frisco,NM,33.6949,-108.7639
Moquino,NM,35.17,-107.364
Game Creek,AK,58.0553,-135.508
Asherville,KS,39.4076,-97.9733
Manuel Garcia II,TX,26.3126,-98.6913
Bibo,NM,35.1732,-107.4034
Hutterville Colony,SD,45.2663,-98.2115
Vernon,CO,39.9399,-102.3073
Herrings,NY,44.0223,-75.6526
Halls Crossing,UT,37.4578,-110.6829
Guerra,TX,26.8827,-98.8948
Agnew,NE,41.0142,-96.8143
Cundiyo,NM,35.961,-105.901
Cuevitas,TX,26.2585,-98.5788
Millville,IN,39.9248,-85.2519
Beryl Junction,UT,37.701,-113.6535
Apache Creek,NM,33.8486,-108.6141
Lakeside,MO,38.2043,-92.6221
Provo,SD,43.1937,-103.8329
Plainview Colony,SD,45.5808,-99.0095
Hayfield,IA,43.1786,-93.6949
Friedenswald,MO,38.0729,-92.7598
Canehill,AR,35.914,-94.3974
Wolf Creek Colony,SD,43.3527,-97.6161
Maxwell Colony,SD,43.1825,-97.6352
Fitzpatrick,AL,32.2113,-85.8784
Ashburn,MO,39.5458,-91.172
Clarksville,OK,35.824,-95.5141
Spencer Mountain,NC,35.3073,-81.1101
Sims Chapel,AL,31.2365,-88.1435
Mustang,TX,32.0135,-96.4303
Porterville,MS,32.6855,-88.4714
Thompsonville,TX,27.2601,-98.7847
Eagle Lake,PA,41.2826,-75.4795
Riley,IL,42.1929,-88.6287
Deer Canyon,NM,34.4436,-106.2607
Spring Valley Colony,SD,44.0395,-98.8811
Laredo Ranchettes West,TX,27.4901,-99.3702
Las Haciendas,TX,27.6347,-99.1952
La Coma,TX,27.5029,-99.3014
Buffalo Prairie,IL,41.3408,-90.8482
Coral,IL,42.218,-88.5661
Lower Frisco,NM,33.6515,-108.7895
Manzano,NM,34.6437,-106.3671
Whites City,NM,32.1767,-104.3739
Willow Island,NE,40.89,-100.0707
Normandy,TX,28.9099,-100.598
Waterview,MD,38.2482,-75.9017
Bettles,AK,66.9088,-151.5362
Parcoal,WV,38.4604,-80.3731
White Rock Colony,SD,45.9109,-96.6311
Nunam Iqua,AK,62.511,-164.8998
Hobart Bay,AK,57.4212,-133.3231
Chicken,AK,64.0878,-141.8285
Mertarvik,AK,60.811,-164.4989
Nabesna,AK,62.4606,-143.0402
Point Possession,AK,60.9228,-150.6891
Rentchler,IL,38.4926,-89.8686
Paderborn,IL,38.3595,-90.0465
Flat Willow Colony,MT,46.7252,-108.4882
Kilby Butte Colony,MT,46.4764,-108.3602
Bear Flat,AZ,34.2924,-111.0674
Selman,OK,36.8014,-99.4894
Quinlan,OK,36.4562,-99.0457
Three Creeks,MO,38.5758,-90.9971
Roswell,SD,44.006,-97.6975
Chalybeate,MS,34.9319,-88.8703
Thynedale,VA,36.8182,-78.4774
Orkney Springs,VA,38.7954,-78.8145
Seville Colony,MT,48.7058,-112.5929
Panther,KY,37.641,-87.2258
Redrock,NM,32.6885,-108.7406
Utting,AZ,33.8544,-113.9129
McBaine,MO,38.8837,-92.4551
Pearl Creek Colony,SD,44.326,-97.9185
Richfield,IL,39.8127,-91.1146
Valley Ford,CA,38.3246,-122.9147
Lake Roberts,NM,33.0313,-108.1689
Eureka Roadhouse,AK,61.9648,-147.1523
Poinsett Colony,SD,44.6414,-96.9003
Thunderbird Colony,SD,45.1911,-99.2675
Blumengard Colony,SD,45.2415,-99.17
Ardmore,SD,43.0192,-103.6543
Pembrook Colony,SD,45.3728,-98.994
Norfeld Colony,SD,44.4233,-96.5561
Abeytas,NM,34.4652,-106.8137
Riverside Colony,SD,44.4823,-98.1366
Bon Homme Colony,SD,42.8649,-97.7056
Huron Colony,SD,44.5634,-98.2055
Shallow Water,KS,38.3738,-100.9104
Vantage,WA,46.9453,-119.9921
Loma Linda West,TX,26.4205,-98.9304
Loma Linda East,TX,26.3281,-98.6894
Las Pilas,TX,27.6815,-99.1833
Nikep,MD,39.5516,-78.9978
Dry Valley,NV,37.8843,-114.3051
Beaverdam,NV,37.6898,-114.4491
White Clay,NE,42.997,-102.555
Needham,IN,39.53,-85.9711
Kent,IN,38.7368,-85.5387
Sattley,CA,39.6265,-120.4357
Tat Momoli,AZ,32.6012,-111.8862
Quay,OK,36.1596,-96.7089
Loraine,ND,48.8683,-101.5678
Sugarloaf Village,CA,35.8269,-118.6354
Phelps City,MO,40.4006,-95.595
South Park View,KY,38.1184,-85.7201
Tagg Flats,OK,36.3387,-94.9037
Stoneridge,NM,35.3019,-108.1034
Spring Garden,CA,39.9012,-120.7936
Watrous,NM,35.79,-104.9821
Ute Park,NM,36.5467,-105.1038
Pinhook,MO,36.738,-89.2695
Peach Creek,WV,37.877,-81.9797
Sekiu,WA,48.2639,-124.3015
Hillside Colony,SD,44.7382,-98.0473
Harviell,MO,36.6618,-90.4748
Cherry Log,GA,34.7864,-84.3839
Sugartown,LA,30.8401,-93.0124
Bloomfield,IL,40.0174,-91.3028
Fall Creek,IL,39.7814,-91.3032
Prairie Home,NE,40.862,-96.5245
Mount Olive,AR,36.0038,-92.0914
Cedar Slope,CA,36.1455,-118.5788
Floraville,IL,38.3764,-90.0562
Ketron Island,WA,47.1569,-122.6343
El Capitan,AZ,33.2383,-110.7833
Willow Canyon,AZ,32.3881,-110.701
Austin,MS,34.6423,-90.448
Ames,KS,39.5689,-97.451
Tobin,CA,39.9358,-121.2965
Pershing,OK,36.5901,-96.2731
H. Cuellar Estates,TX,26.5611,-99.1258
Strong,PA,40.7975,-76.4401
Lowell Point,AK,60.0629,-149.4898
El Camino Angosto,TX,26.1115,-97.6438
El Indio,TX,28.5092,-100.3066
Empire,NV,40.5759,-119.343
Bakersville,MD,39.5148,-77.757
Harding Gill Tract,TX,26.4284,-98.0154
Corning,MO,40.2486,-95.4545
Pence,IN,40.3635,-87.5129
Winston,NM,33.346,-107.6488
Ivanof Bay,AK,55.9183,-159.4933
Eakles Mill,MD,39.4669,-77.6859
Los Huisaches,TX,27.907,-99.4758
Los Minerales,TX,27.6555,-99.6179
Valley-Hi,PA,40.0299,-78.1917
Hamlet,IL,41.3117,-90.7331
Miller Colony,MT,47.9257,-112.2917
Victoria,AR,35.7574,-90.0602
Laredo Ranchettes,TX,27.4913,-99.3598
Trout,LA,31.6967,-92.1797
Fordham Colony,SD,44.7678,-97.9068
Anacua,TX,26.3856,-98.9191
Tarina,CA,35.3807,-118.8171
Veteran,WY,41.9627,-104.3862
Danville,MO,38.9126,-91.5323
Trona,CA,35.815,-117.3449
Warm River,ID,44.1188,-111.32
Pinon,NM,32.6182,-105.3867
Baker,MO,36.7733,-89.7616
Newdale Colony,SD,44.29,-96.5242
McCoy,CO,39.9144,-106.7257
Leyner,CO,40.0511,-105.1074
Capron,OK,36.8966,-98.5776
Dailey,WV,38.7968,-79.8967
Hamill,SD,43.5939,-99.6907
Brookston,TX,33.6232,-95.7001
Flat,AK,62.4415,-158.0405
Brazos,NM,36.7528,-106.5598
Gila Hot Springs,NM,33.1902,-108.2045
Wells,KS,39.1391,-97.5512
Lake Roberts Heights,NM,33.0271,-108.1381
Jardin de San Julian,TX,26.5254,-99.0999
Indio,TX,26.5487,-99.0959
Musella,GA,32.8009,-84.0334
Sacramento,NM,32.7917,-105.5723
Enders,NE,40.4549,-101.5355
Dot Lake,AK,63.5749,-144.1815
Dot Lake Village,AK,63.6626,-144.0162
Rickreall,OR,44.9319,-123.2344
Indian Falls,CA,40.0587,-120.9803
Bolan,IA,43.3735,-93.1085
Meyer,IA,43.4618,-92.7011
San Luis,NM,35.7009,-107.0431
Fort Indiantown Gap,PA,40.442,-76.5972
Mellwood,AR,34.2181,-90.9445
Claremont Colony,SD,44.7129,-96.9512
Athelstan,IA,40.5727,-94.5426
Aleneva,AK,58.059,-152.9091
Los Lobos,TX,26.6066,-99.1612
Los Nopalitos,TX,27.6195,-99.2056
Bonanza,UT,40.0304,-109.1884
Los Ybanez,TX,32.7188,-101.9174
Austinville,VA,36.851,-80.9142
Concho,AZ,34.4742,-109.6102
Comobabi,AZ,32.0538,-111.8029
Cowlic,AZ,31.8048,-111.9876
Loring,AK,55.6064,-131.6405
River Sioux,IA,41.8024,-96.0479
Blodgett,OR,44.5969,-123.5211
Boulder,WY,42.7461,-109.7067
Hornitos,CA,37.5026,-120.2388
Rillito,AZ,32.4157,-111.1549
Roosevelt,AZ,33.6618,-111.1295
Sandoval,TX,26.4182,-99.0794
Biggs Junction,OR,45.664,-120.839
Indian Bay,AR,34.3858,-91.0671
Chesapeake,MO,37.1161,-93.6791
Lamont,FL,30.3796,-83.8135
New Falcon,TX,26.6382,-99.0947
Whitestone Logging Camp,AK,58.0658,-135.4207
Penntown,IN,39.2701,-85.0975
Goodenow,IL,41.3922,-87.6397
Eliza,IL,41.2947,-90.9726
Peerless,MT,48.7822,-105.8304
Sunnybrook Colony,MT,48.1573,-110.727
Pentress,WV,39.7101,-80.1684
Pageton,WV,37.3598,-81.4648
Cobre,NM,32.7804,-108.1106
City of the Sun,NM,31.8466,-107.6504
Centerville,KS,38.2287,-95.0148
Lee Center,IL,41.7503,-89.2762
Poole,NE,40.987,-98.9655
Surprise Creek Colony,MT,47.1706,-110.3397
Laurier,WA,48.9974,-118.2248
Cloverleaf Colony,SD,44.184,-97.5385
Silvana,WA,48.2018,-122.2459
Bucks,AL,31.0169,-88.0249
Valley Wells,CA,35.8761,-117.3366
Nicodemus,KS,39.3862,-99.6135
Darmstadt,IL,38.319,-89.7288
Grayson,MO,39.5343,-94.5619
Fort Ritchie,MD,39.7022,-77.5021
Oneida,AR,34.4605,-90.7867
Pueblo East,TX,27.6748,-99.1896
Jeffrey City,WY,42.4809,-107.8256
Moraida,TX,26.4149,-98.9767
Eola,OR,44.9312,-123.1202
Chiniak,AK,57.5775,-152.2743
Big Sky Colony,MT,48.8391,-112.7685
Shannon Colony,SD,43.9826,-97.4251
Amonate,VA,37.1907,-81.6405
Kent,IA,40.9536,-94.4611
Milford,CA,40.1634,-120.3686
Silver City,CA,36.4663,-118.6495
Pleasant Valley Colony,SD,44.0584,-96.4706
Old Station,CA,40.6722,-121.4227
Hat Island,WA,48.013,-122.3201
Upland Colony,SD,43.8775,-97.9763
Aztec,AZ,32.8082,-113.4428
Point Baker,AK,56.3483,-133.6165
East End Colony,MT,48.7519,-109.5466
Tate City,GA,34.9789,-83.554
Kaka,AZ,32.5113,-112.3166
Duncan Ranch Colony,MT,46.4418,-110.0261
East Malta Colony,MT,48.3488,-107.6081
Antelope Hills,WY,43.0813,-106.3117
Fish Camp,CA,37.4778,-119.6393
Laredo,MT,48.4303,-109.886
Prairie Elk Colony,MT,48.0147,-105.7981
Amaya,TX,28.7121,-99.8353
Conejos,CO,37.0872,-106.016
Longoria,TX,26.3024,-98.6425
Kenton,OK,36.9064,-102.9653
Oakville,CA,38.4383,-122.4067
Springdale Colony,MT,46.4618,-111.0192
Fernando Salinas,TX,26.3979,-98.8311
Elbe,WA,46.7653,-122.1956
Burton,NE,42.9119,-99.5918
Smith Corner,PA,40.3575,-78.4859
Netos,TX,26.4108,-98.7585
Beulah,WY,44.546,-104.0829
Four Mile Road,AK,64.6045,-149.1223
Summerfield,TX,34.7398,-102.5096
Unionville,NV,40.4467,-118.1229
Charleston View,CA,35.9646,-115.8972
Virginia Lakes,CA,38.0486,-119.2555
Wayside,KS,37.1259,-95.8696
Green Hills,PA,40.1153,-80.3049
Nolic,AZ,32.0341,-111.9549
Padre Ranchitos,AZ,32.6497,-114.6416
Mule Barn,OK,36.217,-96.312
Graceville Colony,SD,43.9289,-97.284
Westwood Colony,SD,45.8929,-97.7814
Greer,AZ,34.0054,-109.4611
Pope-Vannoy Landing,AK,59.5649,-154.4654
Brooks,MT,47.2051,-109.4212
Hilger,MT,47.2557,-109.3571
Bala,KS,39.3108,-96.9504
Pierceville,KS,37.8824,-100.6768
Abiquiu,NM,36.2017,-106.3238
Ames,NE,41.4491,-96.6263
Ola,SD,43.6005,-99.2114
Barksdale,TX,29.7293,-100.0338
Rockville,AL,31.4058,-87.8442
Umbarger,TX,34.9564,-102.1094
Seward,OK,35.7966,-97.4871
Homestead,NM,34.1488,-107.882
Sprague River,OR,42.4567,-121.5022
Escondida,NM,34.1012,-106.8974
Carpenter,WY,41.0456,-104.3644
Hutchins,IA,43.0877,-93.8865
Pearsonville,CA,35.8189,-117.8755
Paxton,CA,40.0334,-121.0029
Swanton,MD,39.4598,-79.2328
Banks,ID,44.0777,-116.1278
Nitta Yuma,MS,33.0236,-90.8487
Faywood,NM,32.6247,-107.8723
Amada Acres,TX,26.3433,-98.7393
Hartland Colony,MT,48.952,-109.4483
Belknap,MT,47.6473,-115.4222
Santel,TX,26.3756,-98.8833
Chinquapin,NC,34.8318,-77.8207
Whittier,NC,35.4337,-83.3564
Woodruff,AZ,34.7843,-110.0366
Long Lake Colony,SD,45.604,-98.8253
Taylorsville,CA,40.0586,-120.8387
Phillipsville,CA,40.2117,-123.7845
Goss,MO,39.5149,-91.9433
Campo Seco,CA,38.2271,-120.8533
Hollywood,MO,36.0515,-90.186
Garfield,CO,38.5493,-106.2893
Fulford,CO,39.5166,-106.6576
Cass,WV,38.397,-79.92
Forty Mile Colony,MT,45.2827,-107.3568
Carter,WY,41.4405,-110.4303
Lake City,KS,37.3569,-98.8279
Mont Ida,KS,38.217,-95.3658
Red Dog Mine,AK,68.0645,-162.8667
New Wells,MO,37.554,-89.6246
Big Foot Prairie,IL,42.4915,-88.6007
Bartlett,IA,40.8853,-95.7947
Burney,IN,39.3173,-85.6403
Kief,ND,47.86,-100.5133
Bijou Hills,SD,43.5285,-99.1439
Orrin,ND,48.091,-100.1671
Herkimer,KS,39.8924,-96.709
Raeville,NE,41.8955,-98.0535
Old Town,NM,32.5125,-107.9232
Fence Lake,NM,34.6534,-108.6738
Fair Haven Colony,MT,47.4041,-111.6294
Creston,CA,35.5173,-120.521
Casas,TX,26.4753,-98.9333
Casa Blanca,TX,26.2976,-98.6102
Antelope,MT,48.6897,-104.454
Rivereno,TX,26.3052,-98.6398
Ramirez-Perez,TX,26.317,-98.6933
Ramireno,TX,27.0145,-99.3821
Rolland Colony,SD,44.3437,-96.5923
Supai,AZ,36.2298,-112.6926
Horizon Colony,MT,48.7167,-112.2276
Hidden Lake Colony,MT,48.5987,-112.6031
Wolcott,CO,39.7035,-106.6799
Falconaire,TX,26.5511,-99.1168
Elias-Fela Solis,TX,26.3856,-98.6235
Rosedale Colony,SD,43.6267,-97.8754
Los Arrieros,TX,26.5164,-99.0844
Los Corralitos,TX,27.6412,-99.5576
McConnico,AZ,35.1636,-114.0897
Fairview,MD,39.711,-77.8406
Plevna,MO,39.9765,-92.0852
Powder River,WY,43.0491,-106.9932
Warner Valley,CA,40.3955,-121.3174
Bowden,WV,38.9091,-79.709
Etna,WY,43.0334,-111.0129
Caribou,CA,40.0767,-121.1609
Camrose Colony,SD,44.9343,-98.2202
Table Rock,WY,41.622,-108.404
Stryker,MT,48.6727,-114.7676
Forestville,VA,38.7151,-78.7222
Rampart,AK,65.4087,-149.9915
Oasis,NV,41.0286,-114.4763
Yznaga,TX,26.3188,-97.8153
Red Rock Ranch,NM,35.4242,-108.0262
Moores Mill,PA,40.4933,-78.2664
Falcon Heights,TX,26.5604,-99.1225
Kickapoo Site 6,KS,39.6917,-95.6905
El Mesquite,TX,26.3847,-98.7716
Hartland,CA,36.6539,-118.9588
Thompson Springs,UT,38.9636,-109.7037
Greenwood Colony,SD,43.2145,-98.1536
Brooks,CA,38.7369,-122.1468
Pistol River,OR,42.2837,-124.3992
Clary,VA,39.0254,-78.3647
Kingvale,CA,39.3204,-120.4387
Chisana,AK,62.0946,-142.034
Blairsden,CA,39.7752,-120.6109
Valle Verde,TX,27.6797,-99.201
Grand Canyon West,AZ,35.9998,-113.8103
Belden,CA,40.004,-121.2538
Angle Inlet,MN,49.3465,-95.0732
Fowlerton,TX,28.4608,-98.8114
Howard,GA,32.5982,-84.3786
Beards Fork,WV,38.0645,-81.2279
Buena Vista,TX,26.2941,-98.6109
Brundage,TX,28.5739,-99.6702
Deerfield Colony,SD,45.5874,-98.8995
Silver Lake Colony,SD,44.8657,-97.6084
Helen,WV,37.6374,-81.313
McGee Creek,CA,37.5727,-118.791
Mount Wilson,NV,38.235,-114.4504
Kohatk,AZ,32.5781,-112.0032
Ironville,PA,40.6586,-78.2155
Newkirk,NM,35.0635,-104.2715
Falcon Village,TX,26.5652,-99.1341
